t_s,latency_ms,offered_rps
0.0064,12.1619,150
0.0336,17.9215,150
0.0399,19.6783,150
0.0579,24.8595,150
0.0638,18.9644,150
0.0668,30.1608,150
0.0723,15.2598,150
0.0955,22.9984,150
0.0966,21.1647,150
0.0966,28.7929,150
0.0998,21.7604,150
0.1041,18.1478,150
0.1046,27.7050,150
0.1103,18.7795,150
0.1145,23.3140,150
0.1204,14.2413,150
0.1272,15.7044,150
0.1325,24.5981,150
0.1326,20.0653,150
0.1493,3.7847,150
0.1568,4.5349,150
0.1609,19.8578,150
0.1652,26.6913,150
0.1764,18.0484,150
0.1833,17.6610,150
0.1881,25.3644,150
0.1881,25.2954,150
0.2001,20.5408,150
0.2081,25.5595,150
0.2137,18.0706,150
0.2144,18.2883,150
0.2147,27.4250,150
0.2191,23.5852,150
0.2192,18.1413,150
0.2298,44.8352,150
0.2339,18.4860,150
0.2418,18.6734,150
0.2448,18.5484,150
0.2560,29.4774,150
0.2571,28.3640,150
0.2591,19.3907,150
0.2664,19.0967,150
0.2713,21.5541,150
0.2801,15.8358,150
0.2840,23.9248,150
0.2888,19.1029,150
0.3008,24.0861,150
0.3169,17.9258,150
0.3332,17.5754,150
0.3391,12.3431,150
0.3450,19.3389,150
0.3489,16.3988,150
0.3511,14.8827,150
0.3589,12.1106,150
0.3629,27.5313,150
0.3687,18.9040,150
0.3708,30.5764,150
0.3719,19.2525,150
0.3818,25.0292,150
0.3864,33.5150,150
0.3916,16.7728,150
0.4030,16.8601,150
0.4081,29.7007,150
0.4133,17.9652,150
0.4197,18.1362,150
0.4223,18.1363,150
0.4307,20.0112,150
0.4326,28.1022,150
0.4380,19.7303,150
0.4446,20.7332,150
0.4573,18.7239,150
0.4649,18.4538,150
0.4761,17.0256,150
0.4784,17.4519,150
0.4806,23.7366,150
0.5120,28.2852,150
0.5232,22.5397,150
0.5422,18.3320,150
0.5488,15.4204,150
0.5490,21.2504,150
0.5603,13.7946,150
0.5698,21.9816,150
0.5779,17.8751,150
0.5845,18.8472,150
0.5995,18.3060,150
0.6208,23.2823,150
0.6320,20.9913,150
0.6411,18.5423,150
0.6452,20.2122,150
0.6457,26.9569,150
0.6677,18.3498,150
0.6679,11.5754,150
0.6690,21.7822,150
0.6716,14.1951,150
0.6729,19.8264,150
0.6911,16.4002,150
0.7118,19.6206,150
0.7143,18.2464,150
0.7199,17.4204,150
0.7212,18.8859,150
0.7229,25.6154,150
0.7647,21.9903,150
0.7686,11.9997,150
0.7794,18.7771,150
0.8067,32.8273,150
0.8070,26.7309,150
0.8172,22.2831,150
0.8193,20.8278,150
0.8212,21.4323,150
0.8231,34.1222,150
0.8250,18.0678,150
0.8268,29.5209,150
0.8270,21.6666,150
0.8395,21.0637,150
0.8402,21.6072,150
0.8404,23.2633,150
0.8420,25.1733,150
0.8421,14.2419,150
0.8421,34.7108,150
0.8421,32.0270,150
0.8427,24.4857,150
0.8430,32.8325,150
0.8448,38.6539,150
0.8540,21.5496,150
0.8546,27.2119,150
0.8695,27.4824,150
0.8697,20.0307,150
0.8747,30.2173,150
0.8803,17.7699,150
0.8818,23.0961,150
0.8881,34.1661,150
0.8959,26.9198,150
0.8990,5.8725,150
0.9052,29.8499,150
0.9091,19.0647,150
0.9199,20.7055,150
0.9226,15.4922,150
0.9248,50.5653,150
0.9283,24.7348,150
0.9306,19.4550,150
0.9443,29.7827,150
0.9455,28.6640,150
0.9588,18.2328,150
0.9590,19.9582,150
0.9611,16.6464,150
0.9669,20.5912,150
0.9681,19.3796,150
0.9729,30.0829,150
0.9756,18.3678,150
0.9804,18.6216,150
0.9824,12.4219,150
0.9834,29.2861,150
0.9855,22.5753,150
0.9898,33.1535,150
1.0118,17.3395,150
1.0142,15.4652,150
1.0230,19.0134,150
1.0631,20.0335,150
1.0898,20.3037,150
1.0900,59.0979,150
1.0975,20.5409,150
1.1079,25.0395,150
1.1133,20.5853,150
1.1164,21.9815,150
1.1178,28.4784,150
1.1222,16.1470,150
1.1225,23.7975,150
1.1321,26.8445,150
1.1326,20.3743,150
1.1380,20.8573,150
1.1615,16.4528,150
1.1679,20.8253,150
1.1726,27.1347,150
1.1764,16.4884,150
1.1774,19.5415,150
1.1796,17.3834,150
1.1815,19.1046,150
1.1817,21.2398,150
1.1879,17.7185,150
1.1887,21.9183,150
1.1923,18.3120,150
1.1926,14.1444,150
1.1991,16.0986,150
1.2040,30.9937,150
1.2106,51.2526,150
1.2108,19.9111,150
1.2276,16.1026,150
1.2325,19.5112,150
1.2332,25.3024,150
1.2405,29.2564,150
1.2418,21.0561,150
1.2547,21.7448,150
1.2560,14.2886,150
1.2623,13.4413,150
1.2676,20.6092,150
1.2783,22.3452,150
1.2795,32.6177,150
1.2936,17.0828,150
1.3095,22.1954,150
1.3136,22.5275,150
1.3174,27.5198,150
1.3256,16.3358,150
1.3268,32.7664,150
1.3301,51.2845,150
1.3366,29.0168,150
1.3452,17.7448,150
1.3487,17.9330,150
1.3499,20.4397,150
1.3543,18.0423,150
1.3614,23.0627,150
1.3706,25.0804,150
1.3743,19.0821,150
1.3832,18.5574,150
1.3834,26.1916,150
1.3835,32.8232,150
1.3925,22.8549,150
1.4053,21.2730,150
1.4163,15.0923,150
1.4213,17.6255,150
1.4217,22.6172,150
1.4302,19.4487,150
1.4378,14.8338,150
1.4413,18.6554,150
1.4490,23.5082,150
1.4498,17.4587,150
1.4554,18.5939,150
1.4583,16.1505,150
1.4622,28.3400,150
1.4673,16.7401,150
1.4716,18.9311,150
1.4720,19.3580,150
1.4740,17.7144,150
1.4740,36.2079,150
1.4830,27.1749,150
1.4837,29.1624,150
1.4864,30.3677,150
1.4898,20.3809,150
1.4911,19.0812,150
1.4942,18.6831,150
1.4971,21.5582,150
1.5020,30.0925,150
1.5049,22.8551,150
1.5056,19.0979,150
1.5098,20.0227,150
1.5125,19.6184,150
1.5125,19.5998,150
1.5225,27.5418,150
1.5239,18.6783,150
1.5308,19.2217,150
1.5374,21.0979,150
1.5505,17.1580,150
1.5528,16.9187,150
1.5567,17.2924,150
1.5569,14.3180,150
1.5606,17.3007,150
1.5667,44.3075,150
1.5689,59.3697,150
1.5726,4.7078,150
1.5771,18.6950,150
1.5782,19.6249,150
1.5784,16.6168,150
1.5833,19.7999,150
1.5833,24.0338,150
1.5834,34.5779,150
1.5937,4.0647,150
1.5987,25.3683,150
1.5988,35.0418,150
1.6064,17.6665,150
1.6095,18.8197,150
1.6190,19.0569,150
1.6200,27.8054,150
1.6268,33.1505,150
1.6281,18.8233,150
1.6366,31.0056,150
1.6415,17.1212,150
1.6470,26.8527,150
1.6478,15.6741,150
1.6515,19.7136,150
1.6517,25.1509,150
1.6700,19.5701,150
1.6756,25.8168,150
1.6875,19.0198,150
1.6961,20.2925,150
1.6969,19.4683,150
1.7010,15.3780,150
1.7092,18.2746,150
1.7181,27.0032,150
1.7249,20.1855,150
1.7251,23.1517,150
1.7264,25.5523,150
1.7475,27.0454,150
1.7547,12.6001,150
1.7558,19.4736,150
1.7653,31.8252,150
1.7681,55.9264,150
1.7782,18.9202,150
1.7865,29.6906,150
1.7881,19.2029,150
1.7993,23.6508,150
1.8009,30.0029,150
1.8090,24.9790,150
1.8097,20.2917,150
1.8151,22.6009,150
1.8151,18.8493,150
1.8266,18.9180,150
1.8278,28.5998,150
1.8328,55.8567,150
1.8354,16.8186,150
1.8553,22.6696,150
1.8588,32.8860,150
1.8592,28.7660,150
1.8601,31.6662,150
1.8604,26.3863,150
1.8619,30.4587,150
1.8657,13.5349,150
1.8769,19.2375,150
1.8806,11.7613,150
1.8855,22.0504,150
1.8904,18.9804,150
1.9085,15.3365,150
1.9173,18.3380,150
1.9220,18.9014,150
1.9238,28.2937,150
1.9242,21.3171,150
1.9279,24.7402,150
1.9469,13.2097,150
1.9480,20.4760,150
1.9555,12.9461,150
1.9564,20.3800,150
1.9595,25.2769,150
1.9635,19.1243,150
1.9840,22.6273,150
1.9888,4.6840,150
2.0028,19.7385,150
2.0059,31.8342,150
2.0106,17.9215,150
2.0161,17.7963,150
2.0187,18.1032,150
2.0217,17.8125,150
2.0246,21.2257,150
2.0265,26.7034,150
2.0269,29.6510,150
2.0318,26.7231,150
2.0359,22.6490,150
2.0636,59.7162,150
2.0761,32.3529,150
2.0842,25.7469,150
2.1093,20.4736,150
2.1317,19.2272,150
2.1412,29.8206,150
2.1495,34.4918,150
2.1512,14.8323,150
2.1715,15.2230,150
2.1716,26.2212,150
2.1757,29.4390,150
2.1796,25.5484,150
2.1871,26.0605,150
2.1910,15.1026,150
2.1925,19.7645,150
2.1962,19.8955,150
2.2216,15.9162,150
2.2284,17.8786,150
2.2286,34.7709,150
2.2286,17.6391,150
2.2323,21.0500,150
2.2431,21.6143,150
2.2451,18.6605,150
2.2522,21.4460,150
2.2524,17.7987,150
2.2704,18.6015,150
2.2902,27.9276,150
2.2903,16.4735,150
2.2943,29.9057,150
2.2992,18.9155,150
2.3119,21.3620,150
2.3171,26.8844,150
2.3357,52.5790,150
2.3416,21.7844,150
2.3417,20.4708,150
2.3571,11.8435,150
2.3622,18.0874,150
2.3651,23.1433,150
2.3694,18.7848,150
2.3771,19.7363,150
2.3783,28.8932,150
2.3807,16.9419,150
2.3859,23.6878,150
2.3899,18.2220,150
2.3911,25.0440,150
2.3918,35.1487,150
2.3996,29.7750,150
2.4083,18.6289,150
2.4182,19.1051,150
2.4210,19.7511,150
2.4223,21.1516,150
2.4232,6.2216,150
2.4394,18.4786,150
2.4570,22.2142,150
2.4663,22.5830,150
2.4695,17.5420,150
2.4698,25.0404,150
2.4724,22.4378,150
2.4753,17.6505,150
2.4885,53.1193,150
2.4948,32.3760,150
2.4977,25.7106,150
2.4979,27.5162,150
2.5110,25.6368,150
2.5111,20.0448,150
2.5119,18.6390,150
2.5193,22.2629,150
2.5322,27.6928,150
2.5354,24.5911,150
2.5685,19.3372,150
2.5744,25.8495,150
2.5783,18.8480,150
2.5903,17.9825,150
2.5955,31.4224,150
2.6012,28.7338,150
2.6026,53.0366,150
2.6092,18.4071,150
2.6186,19.8887,150
2.6201,24.8411,150
2.6317,23.8793,150
2.6370,23.3821,150
2.6437,17.3585,150
2.6478,15.6030,150
2.6497,31.9359,150
2.6607,22.4467,150
2.6608,26.8888,150
2.6622,26.7248,150
2.6677,20.0208,150
2.6688,26.1515,150
2.6702,20.6256,150
2.6747,15.1824,150
2.6805,18.7367,150
2.6805,22.0184,150
2.6820,20.9513,150
2.6930,19.6331,150
2.6931,25.9697,150
2.7126,17.4489,150
2.7151,18.3900,150
2.7287,29.4526,150
2.7319,15.4355,150
2.7358,34.1972,150
2.7382,19.9043,150
2.7392,22.7325,150
2.7429,50.3439,150
2.7435,19.3777,150
2.7486,18.9049,150
2.7495,20.5113,150
2.7753,26.3148,150
2.7841,18.7647,150
2.7851,20.6891,150
2.7890,21.9338,150
2.8029,28.1372,150
2.8041,19.8009,150
2.8073,16.5057,150
2.8162,23.4524,150
2.8232,19.3264,150
2.8299,16.5810,150
2.8358,19.3425,150
2.8429,17.5785,150
2.8519,23.2599,150
2.8521,18.2729,150
2.8521,23.0695,150
2.8552,25.8024,150
2.8558,30.3126,150
2.8587,19.4961,150
2.8595,26.5912,150
2.8824,18.8737,150
2.8847,14.2864,150
2.8945,16.7901,150
2.9174,18.9061,150
2.9211,28.8864,150
2.9242,25.7836,150
2.9243,20.1667,150
2.9272,22.9486,150
2.9273,21.3900,150
2.9323,18.2086,150
2.9385,20.6878,150
2.9439,17.8034,150
2.9484,26.3228,150
2.9504,31.5536,150
2.9661,22.6890,150
2.9663,16.4956,150
2.9700,18.3987,150
2.9719,19.4001,150
2.9868,19.7999,150
3.0017,19.7140,150
3.0059,18.7145,150
3.0224,23.1707,150
3.0297,15.8860,150
3.0307,19.1737,150
3.0386,16.8892,150
3.0387,23.5733,150
3.0479,18.3395,150
3.0542,34.1809,150
3.0552,23.9819,150
3.0781,18.7728,150
3.1014,20.5298,150
3.1020,26.8928,150
3.1035,30.9907,150
3.1129,17.3823,150
3.1131,21.4549,150
3.1143,36.2183,150
3.1269,23.7913,150
3.1478,20.9091,150
3.1487,24.6171,150
3.1563,16.2362,150
3.1580,19.6970,150
3.1643,27.0543,150
3.1716,31.3786,150
3.1744,17.0130,150
3.1746,20.9695,150
3.1749,36.6263,150
3.1766,17.9370,150
3.1804,24.3776,150
3.1971,14.7550,150
3.2017,20.4944,150
3.2098,18.3102,150
3.2127,23.7740,150
3.2239,18.6706,150
3.2299,19.1321,150
3.2300,30.9061,150
3.2342,19.9839,150
3.2357,19.8455,150
3.2381,19.9512,150
3.2402,5.0174,150
3.2450,18.2627,150
3.2540,31.6500,150
3.2547,53.1546,150
3.2621,23.5761,150
3.2634,19.5917,150
3.2662,19.5180,150
3.2703,19.8903,150
3.2782,20.0511,150
3.2890,16.9873,150
3.2891,20.6447,150
3.2970,19.8537,150
3.2998,17.6870,150
3.3287,20.4877,150
3.3429,19.2591,150
3.3569,26.2232,150
3.3581,26.0208,150
3.3979,19.0165,150
3.4028,14.9856,150
3.4069,19.8615,150
3.4096,20.1661,150
3.4128,30.1784,150
3.4129,22.8072,150
3.4176,15.0107,150
3.4348,31.5051,150
3.4447,21.5788,150
3.4533,22.9007,150
3.4546,17.8401,150
3.4571,21.8374,150
3.4722,14.8203,150
3.4799,23.5730,150
3.4871,18.9958,150
3.4899,27.5955,150
3.4929,19.7013,150
3.4946,22.9824,150
3.4978,16.1957,150
3.5017,15.8503,150
3.5018,20.2561,150
3.5024,18.4540,150
3.5039,21.8135,150
3.5119,15.8589,150
3.5185,12.3459,150
3.5187,14.4975,150
3.5237,19.7716,150
3.5268,22.0816,150
3.5269,19.4780,150
3.5334,15.4466,150
3.5488,19.2698,150
3.5561,19.0429,150
3.5613,19.5462,150
3.5740,31.3135,150
3.5857,19.6200,150
3.5867,18.5623,150
3.5895,15.7514,150
3.5912,14.0195,150
3.6095,18.8027,150
3.6195,22.8191,150
3.6314,21.7437,150
3.6325,24.8430,150
3.6444,24.9689,150
3.6475,24.6368,150
3.6564,15.7058,150
3.6575,23.5402,150
3.6602,22.0584,150
3.6631,27.4028,150
3.6670,19.2735,150
3.6712,19.3221,150
3.6752,23.2601,150
3.6809,25.6436,150
3.6849,18.4168,150
3.7129,51.9124,150
3.7245,19.6428,150
3.7379,19.2944,150
3.7390,15.8375,150
3.7466,23.0935,150
3.7473,52.6092,150
3.7522,20.7004,150
3.7601,18.9054,150
3.7684,16.5043,150
3.7712,21.4950,150
3.7726,21.9443,150
3.7769,27.1833,150
3.7808,14.3804,150
3.7885,15.6496,150
3.7965,22.0180,150
3.7982,18.7962,150
3.8030,14.6046,150
3.8112,19.6827,150
3.8184,18.2815,150
3.8229,116.0623,150
3.8257,5.1292,150
3.8258,20.9777,150
3.8258,34.4631,150
3.8349,22.0256,150
3.8378,33.2739,150
3.8393,20.3498,150
3.8394,25.4044,150
3.8517,23.6180,150
3.8528,27.6399,150
3.8553,20.0341,150
3.8790,28.2589,150
3.8817,18.5558,150
3.8850,15.3394,150
3.8888,27.4768,150
3.8952,18.9358,150
3.9012,22.7927,150
3.9064,23.9345,150
3.9065,32.4878,150
3.9167,18.9420,150
3.9220,25.9585,150
3.9261,26.6995,150
3.9315,22.7239,150
3.9405,16.6267,150
3.9448,22.3041,150
3.9461,18.3868,150
3.9524,14.6670,150
3.9633,20.0698,150
3.9633,34.5318,150
3.9639,33.8963,150
3.9776,26.9245,150
3.9778,20.5241,150
3.9856,18.1813,150
4.0097,21.6299,150
4.0107,20.5586,150
4.0173,15.8606,150
4.0261,24.8654,150
4.0291,18.8902,150
4.0292,31.1072,150
4.0419,26.7060,150
4.0420,15.8736,150
4.0497,18.2776,150
4.0536,18.5390,150
4.0537,18.4271,150
4.0567,52.8990,150
4.0573,24.8874,150
4.0644,18.3707,150
4.0675,25.6186,150
4.0685,18.6248,150
4.0920,23.0108,150
4.0972,18.4970,150
4.1000,31.1333,150
4.1026,34.1352,150
4.1085,18.1205,150
4.1138,19.1893,150
4.1175,17.4297,150
4.1176,25.1677,150
4.1225,20.3631,150
4.1327,29.9070,150
4.1339,20.1994,150
4.1351,19.0351,150
4.1356,27.0203,150
4.1387,31.4193,150
4.1446,31.9156,150
4.1578,18.7223,150
4.1579,18.0339,150
4.1607,22.4839,150
4.1636,16.0785,150
4.1820,22.4200,150
4.1894,18.2337,150
4.1980,25.0435,150
4.2065,4.7985,150
4.2102,17.9695,150
4.2160,12.1354,150
4.2161,20.6494,150
4.2329,18.4350,150
4.2361,11.7777,150
4.2466,18.0367,150
4.2527,18.7127,150
4.2575,19.1579,150
4.2636,27.1313,150
4.2683,24.7885,150
4.2704,19.0200,150
4.2718,33.3562,150
4.2723,25.1345,150
4.2872,10.1519,150
4.2990,17.4191,150
4.3021,23.1542,150
4.3039,14.9396,150
4.3063,18.9684,150
4.3141,17.2619,150
4.3166,18.9325,150
4.3243,19.2905,150
4.3268,16.1646,150
4.3287,18.7705,150
4.3301,24.7416,150
4.3313,26.5379,150
4.3322,21.9363,150
4.3437,18.6977,150
4.3438,23.6322,150
4.3452,20.9977,150
4.3457,26.4676,150
4.3473,21.3512,150
4.3524,19.7168,150
4.3536,31.2367,150
4.3561,25.4748,150
4.3573,19.3987,150
4.3675,22.2934,150
4.3707,19.0874,150
4.3799,23.2111,150
4.3956,10.6092,150
4.3987,23.3235,150
4.4033,21.8204,150
4.4064,18.6900,150
4.4165,31.0019,150
4.4235,27.5535,150
4.4274,15.2561,150
4.4287,31.5458,150
4.4299,31.1878,150
4.4312,32.6251,150
4.4352,20.0786,150
4.4362,28.1477,150
4.4375,34.5078,150
4.4411,27.6637,150
4.4412,19.8675,150
4.4460,17.8461,150
4.4541,17.8824,150
4.4670,23.0706,150
4.4758,20.8319,150
4.4765,30.0300,150
4.4775,27.3702,150
4.4777,23.2147,150
4.4882,43.5487,150
4.4890,13.5118,150
4.4931,10.0280,150
4.4990,17.2794,150
4.5275,18.1168,150
4.5395,18.8712,150
4.5432,18.5036,150
4.5441,22.3341,150
4.5576,18.6534,150
4.5606,12.5955,150
4.5645,18.6627,150
4.5743,22.0818,150
4.5843,17.9334,150
4.5844,33.8266,150
4.5874,16.2684,150
4.5901,29.8259,150
4.6091,19.0894,150
4.6194,21.0004,150
4.6293,24.6066,150
4.6294,16.0517,150
4.6294,23.2331,150
4.6524,18.8257,150
4.6709,19.0889,150
4.6797,19.3683,150
4.6855,19.5880,150
4.6946,21.8762,150
4.6991,19.5086,150
4.7077,18.8932,150
4.7221,29.3476,150
4.7272,19.6193,150
4.7357,31.2939,150
4.7607,24.0482,150
4.7618,24.9726,150
4.7652,19.6197,150
4.7739,19.0641,150
4.7800,20.6935,150
4.7801,20.4894,150
4.7811,23.8328,150
4.7856,20.5453,150
4.7908,28.2496,150
4.7914,35.9598,150
4.8031,25.9068,150
4.8033,20.7211,150
4.8079,26.8420,150
4.8171,22.6556,150
4.8195,30.6705,150
4.8215,21.3347,150
4.8257,24.4031,150
4.8259,22.0174,150
4.8340,27.2978,150
4.8416,19.2749,150
4.8474,25.2256,150
4.8542,19.3746,150
4.8598,18.6667,150
4.8661,23.5950,150
4.8781,25.4919,150
4.8838,22.7152,150
4.8840,27.6907,150
4.8897,40.3984,150
4.9181,28.1092,150
4.9183,20.1117,150
4.9303,17.7436,150
4.9369,30.9810,150
4.9371,12.1584,150
4.9503,50.2259,150
4.9505,25.2572,150
4.9618,13.9351,150
4.9657,29.0807,150
4.9778,32.6306,150
4.9805,17.3864,150
4.9912,19.1850,150
4.9941,29.4782,150
4.9950,28.6173,150
4.9990,13.2631,150
5.0109,27.5010,150
5.0161,19.0784,150
5.0192,22.5124,150
5.0373,18.3913,150
5.0383,22.9534,150
5.0396,27.9677,150
5.0465,17.1164,150
5.0567,26.7119,150
5.0598,18.4653,150
5.0628,21.6503,150
5.0900,20.7964,150
5.0908,22.7192,150
5.0908,25.1720,150
5.0941,20.7732,150
5.0942,20.6145,150
5.0970,22.6803,150
5.1090,24.4418,150
5.1092,21.6645,150
5.1120,5.4617,150
5.1156,17.8576,150
5.1251,12.8906,150
5.1302,18.1895,150
5.1441,26.4766,150
5.1606,19.8297,150
5.1676,27.1013,150
5.1688,31.8547,150
5.1725,17.2088,150
5.1796,18.1837,150
5.1824,15.6994,150
5.1887,15.4500,150
5.2174,29.6982,150
5.2175,5.5129,150
5.2176,6.8964,150
5.2176,37.9911,150
5.2232,25.6102,150
5.2358,16.7892,150
5.2406,22.5291,150
5.2512,12.0221,150
5.2571,29.6332,150
5.2613,18.5732,150
5.2701,17.4150,150
5.3161,21.1781,150
5.3353,19.6473,150
5.3443,22.6838,150
5.3446,32.2842,150
5.3543,26.2110,150
5.3560,19.5534,150
5.3640,27.5491,150
5.3677,20.0079,150
5.3745,18.7151,150
5.3746,22.6585,150
5.3769,17.1372,150
5.3771,27.3569,150
5.3805,127.7914,150
5.3807,24.4499,150
5.3823,23.6952,150
5.3870,19.8816,150
5.3890,19.9004,150
5.3892,31.5011,150
5.4003,27.2496,150
5.4005,20.9027,150
5.4021,19.2548,150
5.4032,30.4471,150
5.4047,28.9183,150
5.4064,20.0785,150
5.4064,32.7485,150
5.4248,23.8724,150
5.4356,45.9465,150
5.4364,24.1489,150
5.4472,31.5212,150
5.4613,26.1148,150
5.4618,20.6872,150
5.4691,22.2159,150
5.4773,19.2625,150
5.5067,22.5597,150
5.5067,22.4945,150
5.5068,23.8120,150
5.5068,22.4951,150
5.5200,20.6455,150
5.5202,30.2349,150
5.5249,20.9009,150
5.5399,15.7335,150
5.5439,18.7836,150
5.5448,32.7380,150
5.5567,117.5215,150
5.5579,20.1397,150
5.5590,22.4861,150
5.5657,22.8373,150
5.5665,29.1659,150
5.5754,23.6771,150
5.5756,20.0949,150
5.5794,16.1892,150
5.5861,22.0621,150
5.5881,25.7572,150
5.5881,22.6498,150
5.6096,26.5533,150
5.6128,19.4246,150
5.6226,24.1307,150
5.6268,25.3066,150
5.6310,31.0747,150
5.6348,27.3605,150
5.6369,26.3081,150
5.6472,20.0763,150
5.6545,18.0490,150
5.6547,22.5461,150
5.6574,26.3389,150
5.6584,25.3681,150
5.6655,22.8715,150
5.6722,23.9914,150
5.6847,19.1798,150
5.6849,20.9654,150
5.6861,31.8200,150
5.6906,20.0714,150
5.7045,20.3125,150
5.7163,20.9935,150
5.7179,19.8127,150
5.7236,16.2015,150
5.7372,28.3440,150
5.7382,18.8181,150
5.7383,29.4639,150
5.7433,16.8782,150
5.7451,31.6026,150
5.7590,20.1495,150
5.7643,21.0109,150
5.7661,32.5263,150
5.7698,35.6478,150
5.7710,23.0662,150
5.7753,5.1132,150
5.7885,19.4925,150
5.7938,26.8272,150
5.8160,15.9456,150
5.8171,14.8324,150
5.8188,25.2169,150
5.8230,20.3773,150
5.8288,26.8152,150
5.8308,29.2202,150
5.8371,13.9807,150
5.8402,20.7262,150
5.8480,20.4309,150
5.8500,27.4340,150
5.8538,26.5220,150
5.8584,19.0430,150
5.8662,17.0255,150
5.8856,25.1296,150
5.9108,21.9651,150
5.9152,26.6189,150
5.9253,19.3815,150
5.9310,24.2668,150
5.9311,27.9974,150
5.9461,20.7512,150
5.9462,35.0211,150
5.9531,17.2994,150
5.9532,27.5108,150
5.9570,20.1182,150
5.9571,21.6056,150
5.9581,23.0988,150
5.9650,19.6824,150
5.9832,19.6329,150
5.9834,28.8371,150
5.9843,27.1152,150
5.9963,18.4820,150
6.0020,18.5504,150
6.0076,17.1915,150
6.0077,32.8270,150
6.0135,18.8239,150
6.0136,19.6589,150
6.0141,22.2129,150
6.0381,19.0281,150
6.0461,15.8396,150
6.0510,18.7294,150
6.0511,22.1289,150
6.0542,15.6675,150
6.0562,28.0830,150
6.0611,15.5102,150
6.0823,24.1641,150
6.1021,19.7846,150
6.1205,13.7508,150
6.1219,21.6776,150
6.1433,19.1815,150
6.1508,16.4030,150
6.1510,18.3032,150
6.1547,19.6212,150
6.1563,24.0365,150
6.1677,21.4162,150
6.1678,21.0856,150
6.1766,18.6065,150
6.1803,17.9707,150
6.1863,19.2410,150
6.1933,23.9551,150
6.2333,19.8473,150
6.2406,29.9585,150
6.2425,19.5048,150
6.2525,18.6366,150
6.2997,15.1664,150
6.3025,21.1264,150
6.3074,18.2715,150
6.3171,15.8348,150
6.3187,17.1864,150
6.3188,32.3092,150
6.3227,18.6529,150
6.3475,19.0002,150
6.3477,19.1674,150
6.3577,13.0447,150
6.3655,16.7875,150
6.3656,20.9065,150
6.3662,24.8144,150
6.3663,24.2711,150
6.3735,32.4449,150
6.3884,21.6982,150
6.3891,26.2380,150
6.3892,30.6760,150
6.3914,23.6346,150
6.3963,41.4935,150
6.4342,16.9141,150
6.4492,11.9136,150
6.4499,19.6358,150
6.4557,18.8918,150
6.4636,18.8765,150
6.4671,28.2038,150
6.4682,19.4870,150
6.4789,18.3046,150
6.4841,19.4453,150
6.4879,29.8197,150
6.4880,20.7379,150
6.4919,25.9435,150
6.4957,20.9684,150
6.4970,19.4621,150
6.4979,24.7890,150
6.4999,20.1149,150
6.5123,32.3155,150
6.5160,23.6462,150
6.5175,24.1432,150
6.5277,17.0336,150
6.5425,24.3996,150
6.5594,17.5187,150
6.5661,31.0638,150
6.5689,19.4191,150
6.5756,19.1483,150
6.5756,19.0732,150
6.5756,18.2288,150
6.6010,21.1136,150
6.6229,13.6914,150
6.6280,16.8816,150
6.6301,18.0816,150
6.6339,24.4685,150
6.6399,26.7214,150
6.6536,25.6496,150
6.6595,22.1225,150
6.6722,23.4135,150
6.6983,29.7202,150
6.7055,60.3918,150
6.7113,19.9698,150
6.7294,19.0071,150
6.7323,23.2589,150
6.7325,23.0747,150
6.7343,22.6559,150
6.7396,23.6708,150
6.7472,25.5949,150
6.7556,19.4884,150
6.7604,24.8000,150
6.7642,21.0501,150
6.7772,19.7622,150
6.7774,30.1172,150
6.7844,28.1193,150
6.7884,20.1870,150
6.7929,26.3948,150
6.7931,21.8669,150
6.8180,19.4520,150
6.8229,20.3871,150
6.8450,23.8783,150
6.8509,21.1430,150
6.8581,19.2349,150
6.8717,18.7975,150
6.8757,21.2120,150
6.8954,20.0724,150
6.9037,23.1699,150
6.9063,20.3484,150
6.9384,20.7246,150
6.9420,14.7124,150
6.9452,20.0684,150
6.9602,18.7047,150
6.9627,5.6037,150
6.9884,18.0564,150
6.9915,24.0597,150
6.9926,29.1862,150
6.9931,23.0584,150
7.0045,24.9412,150
7.0047,18.2555,150
7.0141,23.6764,150
7.0277,20.4507,150
7.0431,20.8709,150
7.0529,26.5601,150
7.0542,25.2573,150
7.0703,29.2950,150
7.0722,27.4357,150
7.0774,36.4424,150
7.0822,32.8081,150
7.0838,36.1391,150
7.1150,18.0055,150
7.1347,19.3731,150
7.1615,21.6558,150
7.1672,13.5270,150
7.1697,18.7515,150
7.1742,13.7411,150
7.1789,26.4177,150
7.1824,19.7246,150
7.1885,18.4241,150
7.1987,21.9397,150
7.1999,28.2702,150
7.2044,13.2803,150
7.2121,20.3027,150
7.2123,23.0572,150
7.2150,24.9717,150
7.2222,17.8208,150
7.2260,24.4206,150
7.2261,25.3666,150
7.2492,19.5912,150
7.2494,23.8444,150
7.2505,29.8937,150
7.2580,21.0838,150
7.2611,25.3494,150
7.2633,23.1877,150
7.2769,26.8476,150
7.2948,27.7863,150
7.3003,13.1094,150
7.3101,49.4907,150
7.3118,20.3350,150
7.3186,33.8930,150
7.3321,22.6385,150
7.3330,17.5184,150
7.3469,29.2277,150
7.3505,32.2476,150
7.3515,20.4188,150
7.3564,19.4361,150
7.3761,14.9330,150
7.3773,21.3209,150
7.3774,30.7234,150
7.3886,19.4579,150
7.3974,27.6230,150
7.4090,16.5541,150
7.4163,23.8630,150
7.4164,23.3365,150
7.4239,22.1836,150
7.4393,31.7656,150
7.4513,28.5882,150
7.4594,20.6561,150
7.4621,18.0894,150
7.4831,22.3419,150
7.4854,20.1247,150
7.4867,28.0638,150
7.4990,118.0421,150
7.5045,18.5160,150
7.5064,22.5310,150
7.5132,19.3060,150
7.5132,29.6670,150
7.5216,20.1436,150
7.5274,22.5552,150
7.5276,22.3074,150
7.5327,31.0970,150
7.5401,19.7971,150
7.5402,27.1702,150
7.5533,21.1813,150
7.5544,27.5622,150
7.5585,17.5941,150
7.5694,26.6106,150
7.5705,18.6813,150
7.5707,8.1497,150
7.5745,17.7483,150
7.5952,32.8340,150
7.6021,21.9706,150
7.6050,17.0909,150
7.6050,33.3598,150
7.6081,18.3089,150
7.6162,58.4806,150
7.6193,18.9989,150
7.6249,49.7148,150
7.6256,51.8066,150
7.6725,19.9608,150
7.6726,22.1391,150
7.6726,23.1549,150
7.6726,26.2651,150
7.6754,27.2113,150
7.6755,27.2176,150
7.6840,21.0740,150
7.6860,34.3003,150
7.6861,24.5462,150
7.6876,22.9022,150
7.6901,19.9340,150
7.6922,20.4087,150
7.7178,34.1521,150
7.7225,21.8970,150
7.7338,22.5767,150
7.7340,17.8347,150
7.7341,35.8982,150
7.7578,24.5443,150
7.7604,21.0196,150
7.7639,23.0755,150
7.7666,31.7678,150
7.7745,51.5942,150
7.8105,14.7794,150
7.8107,55.8906,150
7.8122,21.7182,150
7.8135,28.2821,150
7.8161,24.6353,150
7.8312,27.8193,150
7.8315,27.3599,150
7.8474,19.4301,150
7.8560,29.1338,150
7.8630,16.5942,150
7.8778,19.3285,150
7.8789,35.9485,150
7.8928,26.2530,150
7.8928,33.3771,150
7.9015,27.9717,150
7.9182,18.8732,150
7.9254,19.2573,150
7.9274,30.9028,150
7.9390,20.3879,150
7.9415,20.7242,150
7.9468,24.7368,150
7.9698,17.9195,150
7.9699,24.7129,150
7.9762,25.3757,150
7.9903,27.9448,150
8.0148,19.2828,150
8.0244,23.2436,150
8.0368,75.1812,150
8.0394,11.8354,150
8.0504,24.5256,150
8.0594,17.7650,150
8.0623,30.7568,150
8.0789,15.6235,150
8.0873,19.0435,150
8.0874,26.5991,150
8.0948,20.5423,150
8.1000,19.7125,150
8.1038,18.8004,150
8.1074,21.0619,150
8.1094,19.8515,150
8.1125,27.5967,150
8.1186,19.4286,150
8.1214,27.7332,150
8.1498,4.1254,150
8.1599,25.9201,150
8.1600,20.8046,150
8.1661,21.6636,150
8.1701,21.1456,150
8.1827,24.9741,150
8.1857,18.2660,150
8.1948,22.7255,150
8.2089,31.2947,150
8.2274,30.7444,150
8.2383,34.7134,150
8.2383,25.1857,150
8.2434,6.3925,150
8.2499,16.7961,150
8.2521,20.8777,150
8.2604,19.3318,150
8.2606,20.2405,150
8.2779,20.7289,150
8.2800,19.7055,150
8.2878,26.4158,150
8.2880,27.1491,150
8.3018,13.2857,150
8.3377,20.4583,150
8.3390,25.8076,150
8.3484,15.7058,150
8.3533,21.2222,150
8.3776,25.3058,150
8.3787,16.1355,150
8.4013,24.4051,150
8.4026,24.3594,150
8.4048,31.2821,150
8.4068,14.9892,150
8.4141,16.2687,150
8.4150,20.5990,150
8.4161,25.1374,150
8.4220,27.7903,150
8.4305,19.2896,150
8.4323,17.9794,150
8.4424,22.8858,150
8.4530,5.7744,150
8.4532,18.6823,150
8.4570,19.5990,150
8.4633,19.3415,150
8.4692,25.3341,150
8.4887,25.4519,150
8.4937,17.9701,150
8.4937,24.7420,150
8.4964,17.7221,150
8.4994,24.6942,150
8.5081,27.3020,150
8.5110,13.4951,150
8.5234,17.8045,150
8.5259,18.3970,150
8.5309,18.0312,150
8.5317,21.2824,150
8.5465,28.0166,150
8.5487,29.8760,150
8.5523,16.8488,150
8.5590,24.8404,150
8.5606,50.4708,150
8.5636,32.0374,150
8.5736,19.4330,150
8.5783,32.4847,150
8.5948,25.6854,150
8.5974,15.2506,150
8.6047,17.7539,150
8.6068,26.9989,150
8.6084,20.8995,150
8.6107,16.8440,150
8.6125,19.4617,150
8.6128,14.0862,150
8.6128,32.1949,150
8.6256,20.3074,150
8.6286,19.5194,150
8.6316,14.4398,150
8.6752,21.0980,150
8.6824,26.3139,150
8.6882,20.2142,150
8.6944,24.5090,150
8.6948,37.0131,150
8.6948,19.9882,150
8.7030,15.9418,150
8.7073,16.2561,150
8.7137,26.3403,150
8.7303,19.5870,150
8.7304,24.3314,150
8.7319,22.6092,150
8.7398,29.5547,150
8.7491,19.1427,150
8.7547,14.8778,150
8.7548,20.9182,150
8.7701,23.2859,150
8.7737,23.1066,150
8.7776,13.3537,150
8.7909,19.4041,150
8.7911,21.4032,150
8.7920,25.1419,150
8.7946,22.5398,150
8.7993,23.8081,150
8.8007,21.4607,150
8.8071,16.9482,150
8.8104,28.2266,150
8.8106,21.6104,150
8.8131,24.2489,150
8.8289,20.8683,150
8.8309,32.7483,150
8.8340,19.9643,150
8.8359,27.6756,150
8.8400,18.8572,150
8.8459,21.9218,150
8.8501,20.4567,150
8.8528,18.4314,150
8.8592,22.7578,150
8.8614,23.6221,150
8.8654,19.6013,150
8.8828,22.8869,150
8.9177,16.0652,150
8.9179,13.6901,150
8.9278,16.1625,150
8.9374,23.6190,150
8.9422,23.6047,150
8.9533,26.4114,150
8.9534,29.1007,150
8.9633,51.9585,150
8.9650,26.3407,150
8.9651,28.7593,150
8.9706,12.3688,150
8.9819,11.7940,150
8.9901,21.6211,150
8.9950,16.9335,150
9.0087,27.4212,150
9.0125,19.8546,150
9.0137,30.8369,150
9.0236,24.2965,150
9.0238,26.3102,150
9.0257,20.6025,150
9.0519,22.0286,150
9.0589,26.7149,150
9.0621,18.5666,150
9.0652,30.1015,150
9.0682,32.8971,150
9.0683,20.6086,150
9.0734,21.3463,150
9.0860,29.2805,150
9.0911,23.5662,150
9.0912,20.3801,150
9.0953,23.1595,150
9.1007,21.9374,150
9.1020,28.9352,150
9.1210,22.7569,150
9.1309,18.4243,150
9.1392,27.6190,150
9.1479,18.9296,150
9.1518,48.0814,150
9.1598,19.0846,150
9.1630,19.7570,150
9.1670,19.9263,150
9.1707,20.7130,150
9.1781,26.7914,150
9.1861,13.7602,150
9.1957,20.9643,150
9.2143,18.4028,150
9.2280,25.6385,150
9.2290,26.4355,150
9.2353,18.6999,150
9.2354,19.9357,150
9.2411,24.6956,150
9.2576,18.6656,150
9.2607,33.1606,150
9.2784,15.5418,150
9.2882,12.3957,150
9.2883,32.3596,150
9.2924,16.1870,150
9.3006,19.2071,150
9.3074,18.7895,150
9.3110,18.8287,150
9.3189,26.9248,150
9.3217,19.1379,150
9.3350,19.1929,150
9.3459,14.9294,150
9.3467,23.9439,150
9.3499,24.8203,150
9.3724,33.0291,150
9.3726,25.5187,150
9.3777,24.9067,150
9.3852,19.4034,150
9.4020,22.1173,150
9.4028,18.9218,150
9.4064,22.4162,150
9.4269,30.2370,150
9.4278,13.9682,150
9.4368,16.2258,150
9.4465,28.4778,150
9.4467,29.5754,150
9.4522,15.8387,150
9.4631,19.7267,150
9.4643,49.6935,150
9.4754,23.0519,150
9.4859,18.4815,150
9.4890,18.0390,150
9.4947,19.1882,150
9.5007,3.7955,150
9.5107,15.7809,150
9.5117,27.4283,150
9.5175,17.7854,150
9.5217,17.8487,150
9.5246,18.2863,150
9.5296,17.4630,150
9.5297,21.6583,150
9.5426,19.1768,150
9.5537,18.8397,150
9.5569,4.9913,150
9.5570,31.8767,150
9.5720,21.8490,150
9.5837,15.2504,150
9.5876,21.5978,150
9.5925,18.3607,150
9.6058,18.2655,150
9.6157,22.3438,150
9.6157,21.0283,150
9.6176,19.4913,150
9.6327,11.6930,150
9.6380,18.6749,150
9.6444,5.9711,150
9.6584,23.9511,150
9.6606,16.6250,150
9.6640,18.3459,150
9.6649,20.4349,150
9.6660,26.2641,150
9.6786,18.7992,150
9.6787,29.2892,150
9.6835,27.3465,150
9.6934,51.1175,150
9.6964,14.7478,150
9.6968,23.6365,150
9.7013,24.6748,150
9.7013,24.6015,150
9.7109,18.2735,150
9.7159,18.8010,150
9.7172,19.6033,150
9.7308,18.6119,150
9.7446,29.0917,150
9.7517,21.3896,150
9.7609,24.2724,150
9.7650,26.7621,150
9.7692,25.0321,150
9.7731,18.0828,150
9.7883,26.3645,150
9.7898,16.5561,150
9.7910,19.4962,150
9.8021,18.5455,150
9.8054,15.2802,150
9.8054,5.3084,150
9.8065,14.1109,150
9.8196,28.0794,150
9.8218,25.9341,150
9.8219,29.5593,150
9.8243,30.3428,150
9.8284,19.3547,150
9.8376,19.3520,150
9.8605,19.5974,150
9.8645,24.0721,150
9.8646,26.1312,150
9.8659,22.6906,150
9.8762,16.9327,150
9.8762,16.8783,150
9.8929,17.8621,150
9.9018,22.2431,150
9.9058,29.1286,150
9.9169,25.7163,150
9.9336,32.7633,150
9.9337,30.1797,150
9.9356,21.5142,150
9.9400,23.8554,150
9.9488,17.5695,150
9.9690,13.7309,150
9.9736,23.8167,150
9.9779,32.6086,150
9.9790,24.5418,150
9.9828,24.7408,150
9.9960,22.8854,150
9.9988,22.3845,150
10.0017,19.5824,150
10.0032,22.9295,150
10.0154,19.7677,150
10.0176,25.8286,150
10.0200,22.2493,150
10.0242,20.6397,150
10.0254,32.0537,150
10.0300,13.5436,150
10.0414,54.9371,150
10.0480,24.5090,150
10.0482,29.0275,150
10.0616,18.6163,150
10.0693,20.8564,150
10.0717,34.5597,150
10.0900,21.1364,150
10.0932,33.8448,150
10.1117,18.9276,150
10.1208,24.1542,150
10.1215,31.0052,150
10.1367,16.9640,150
10.1393,32.7661,150
10.1445,17.9427,150
10.1733,27.4717,150
10.1772,20.4554,150
10.1778,35.1496,150
10.1824,18.9271,150
10.1825,23.6306,150
10.1842,18.6557,150
10.1918,25.8847,150
10.1919,21.0685,150
10.2132,15.2194,150
10.2166,16.3845,150
10.2194,18.6595,150
10.2201,27.3448,150
10.2216,20.3588,150
10.2289,13.6123,150
10.2299,16.5906,150
10.2370,18.3287,150
10.2420,21.1964,150
10.2421,5.8922,150
10.2462,14.5918,150
10.2468,16.9816,150
10.2538,31.0584,150
10.2565,23.2078,150
10.2787,20.1427,150
10.2975,26.5638,150
10.2976,13.2764,150
10.3355,21.9433,150
10.3465,20.3779,150
10.3553,24.5203,150
10.3638,29.4938,150
10.3670,22.9363,150
10.3703,19.6107,150
10.3765,20.7648,150
10.3774,22.7673,150
10.3775,23.8247,150
10.3852,24.3382,150
10.3875,16.7478,150
10.3904,16.2911,150
10.4013,4.7171,150
10.4035,14.1477,150
10.4297,22.7598,150
10.4546,25.4825,150
10.4547,20.6608,150
10.4626,15.5308,150
10.4627,20.1268,150
10.4675,26.6165,150
10.4703,18.8065,150
10.4711,25.5366,150
10.4730,17.4974,150
10.4731,21.8368,150
10.4894,19.3724,150
10.4959,12.9892,150
10.5045,56.6112,150
10.5046,18.8052,150
10.5060,25.5001,150
10.5184,5.0386,150
10.5326,28.0264,150
10.5340,20.2713,150
10.5396,4.6508,150
10.5403,23.2955,150
10.5532,31.0379,150
10.5805,22.4865,150
10.5806,22.2792,150
10.5883,19.0969,150
10.5895,27.9967,150
10.6021,19.9504,150
10.6037,18.3429,150
10.6131,20.6820,150
10.6190,27.4185,150
10.6191,24.6556,150
10.6200,31.7847,150
10.6203,23.3574,150
10.6215,27.9181,150
10.6260,17.6889,150
10.6290,24.8218,150
10.6303,32.3365,150
10.6418,17.5550,150
10.6477,27.0892,150
10.6678,20.2067,150
10.6679,14.9133,150
10.6690,23.6315,150
10.6728,18.9375,150
10.6870,25.9404,150
10.6958,20.8949,150
10.6997,20.8720,150
10.6998,20.1895,150
10.7151,19.9364,150
10.7167,21.3520,150
10.7353,13.4272,150
10.7397,19.2591,150
10.7547,10.7749,150
10.7579,25.8407,150
10.7593,19.8652,150
10.7721,19.9836,150
10.7785,21.4764,150
10.7869,31.1525,150
10.7899,18.5888,150
10.7901,35.8101,150
10.7901,22.0870,150
10.7950,19.7323,150
10.8060,27.3557,150
10.8316,22.3585,150
10.8339,23.3684,150
10.8366,18.1463,150
10.8456,20.5341,150
10.8515,18.6793,150
10.8586,22.1006,150
10.8791,21.4336,150
10.8829,23.8446,150
10.8948,24.6297,150
10.8955,21.1441,150
10.9016,27.3597,150
10.9277,23.3308,150
10.9307,19.7236,150
10.9349,29.4065,150
10.9350,28.7843,150
10.9461,18.2797,150
10.9462,14.9750,150
10.9465,28.3706,150
10.9513,17.3418,150
10.9739,20.0059,150
10.9758,19.1932,150
10.9799,18.6278,150
10.9923,18.6252,150
10.9925,21.5647,150
10.9963,18.1473,150
10.9965,30.4981,150
11.0051,18.3363,150
11.0053,17.7082,150
11.0101,16.8143,150
11.0280,11.9297,150
11.0321,13.9241,150
11.0388,18.4792,150
11.0401,13.9700,150
11.0525,22.4789,150
11.0586,33.7232,150
11.0605,17.0333,150
11.0746,22.6270,150
11.0800,17.8735,150
11.0832,15.3461,150
11.0915,25.1626,150
11.0915,16.5675,150
11.0983,24.6147,150
11.1013,30.3737,150
11.1031,19.3033,150
11.1083,22.8337,150
11.1173,25.0845,150
11.1213,29.6329,150
11.1263,25.1607,150
11.1413,33.0910,150
11.1506,19.2955,150
11.1529,17.8709,150
11.1568,25.8934,150
11.1660,26.6132,150
11.1688,18.8505,150
11.1744,18.1633,150
11.1789,27.4250,150
11.1790,20.1922,150
11.1790,27.2513,150
11.1837,33.0437,150
11.1849,22.0184,150
11.1871,28.7078,150
11.1981,18.2495,150
11.2094,18.7406,150
11.2158,24.7896,150
11.2221,22.5039,150
11.2395,20.8919,150
11.2396,23.5653,150
11.2401,30.1170,150
11.2449,27.9822,150
11.2483,19.2383,150
11.2675,5.2936,150
11.2676,15.4475,150
11.2776,20.2503,150
11.2777,32.5187,150
11.2804,20.9178,150
11.2892,22.4450,150
11.2894,25.6383,150
11.2894,23.0049,150
11.2965,15.1742,150
11.3023,21.1731,150
11.3052,27.0804,150
11.3150,17.3357,150
11.3179,21.4801,150
11.3247,22.2342,150
11.3336,31.5165,150
11.3337,18.3907,150
11.3414,31.6480,150
11.3418,28.8685,150
11.3453,29.6772,150
11.3682,18.7911,150
11.3691,6.3594,150
11.3697,25.5726,150
11.3745,20.7291,150
11.3750,20.1923,150
11.3810,19.5028,150
11.3898,19.3107,150
11.4053,17.5008,150
11.4070,19.6801,150
11.4121,23.3024,150
11.4122,22.5231,150
11.4136,28.9101,150
11.4180,16.5769,150
11.4399,18.7474,150
11.4525,25.9300,150
11.4534,25.0580,150
11.4583,27.4751,150
11.4624,30.4095,150
11.4683,19.6924,150
11.4742,18.9079,150
11.4811,22.5508,150
11.4881,21.8958,150
11.5150,21.9358,150
11.5197,26.2828,150
11.5257,16.8781,150
11.5287,30.1991,150
11.5288,25.3780,150
11.5301,25.1922,150
11.5302,34.1100,150
11.5411,51.6958,150
11.5501,14.2766,150
11.5531,18.8217,150
11.5645,17.6859,150
11.5707,11.9189,150
11.5884,26.7116,150
11.5969,20.2974,150
11.6025,19.9716,150
11.6062,11.0053,150
11.6125,18.5062,150
11.6129,28.3659,150
11.6166,12.2965,150
11.6388,52.0597,150
11.6543,28.4160,150
11.6703,21.9865,150
11.6819,29.8724,150
11.7072,19.7560,150
11.7213,17.4326,150
11.7294,28.7307,150
11.7299,20.1633,150
11.7354,18.4330,150
11.7416,18.1177,150
11.7472,26.5463,150
11.7478,27.6762,150
11.7492,28.7638,150
11.7542,17.7343,150
11.7544,19.4483,150
11.7659,29.3850,150
11.7698,12.6707,150
11.7700,15.1961,150
11.7706,24.6320,150
11.7766,26.6105,150
11.7827,19.8765,150
11.7878,26.5273,150
11.7906,31.5529,150
11.7936,27.4154,150
11.8296,18.2074,150
11.8367,17.6053,150
11.8406,21.9855,150
11.8472,40.9558,150
11.8504,27.8604,150
11.8536,18.4884,150
11.8560,27.1834,150
11.8619,26.1511,150
11.8690,19.1965,150
11.8812,21.0504,150
11.8865,25.0008,150
11.8866,19.7334,150
11.8889,32.5229,150
11.8910,20.5689,150
11.9082,24.5758,150
11.9190,27.5246,150
11.9203,20.4332,150
11.9299,29.8661,150
11.9330,18.1702,150
11.9401,17.6807,150
11.9551,19.8443,150
11.9620,29.0348,150
11.9622,19.2098,150
11.9658,18.0890,150
11.9709,13.0664,150
11.9711,27.0055,150
11.9736,24.5790,150
11.9756,22.4731,150
11.9808,24.4235,150
11.9875,30.2199,150
11.9908,14.4361,150
12.0047,16.3249,150
12.0126,23.2405,150
12.0302,21.6913,150
12.0344,21.8330,150
12.0360,20.2727,150
12.0500,22.8352,150
12.0686,19.7739,150
12.0715,16.9000,150
12.0868,19.0665,150
12.1021,20.7754,150
12.1107,17.0250,150
12.1108,20.8545,150
12.1168,26.4160,150
12.1377,32.9599,150
12.1378,35.2200,150
12.1431,61.3708,150
12.1609,18.9886,150
12.1850,17.0445,150
12.1937,19.0278,150
12.1938,22.5851,150
12.1939,35.9104,150
12.1939,29.5434,150
12.2123,19.6112,150
12.2200,22.1322,150
12.2262,23.1713,150
12.2263,23.2875,150
12.2273,21.8531,150
12.2413,28.9115,150
12.2485,21.7118,150
12.2527,30.3151,150
12.2588,19.7414,150
12.2589,32.5726,150
12.2600,36.5460,150
12.2631,18.4806,150
12.2808,24.4608,150
12.2867,18.5984,150
12.2925,25.1136,150
12.2960,29.8311,150
12.3028,4.5853,150
12.3116,15.8216,150
12.3251,16.8524,150
12.3354,28.8678,150
12.3386,4.5060,150
12.3410,19.4329,150
12.3432,28.7991,150
12.3445,10.7813,150
12.3460,28.2101,150
12.3530,31.7761,150
12.3569,24.1733,150
12.3618,30.4180,150
12.3619,21.1374,150
12.3733,13.7458,150
12.3759,21.0301,150
12.3760,24.4296,150
12.3862,25.7788,150
12.3932,25.0724,150
12.3985,19.7627,150
12.3990,20.2145,150
12.4030,23.1810,150
12.4061,17.0410,150
12.4244,14.9430,150
12.4349,30.0483,150
12.4407,20.6040,150
12.4507,21.2195,150
12.4548,12.0356,150
12.4638,17.7531,150
12.4668,17.4641,150
12.4711,18.4409,150
12.4768,19.5710,150
12.4875,14.6385,150
12.4904,18.6949,150
12.4964,18.3694,150
12.5177,17.8921,150
12.5178,24.8758,150
12.5265,28.3990,150
12.5279,19.2867,150
12.5298,31.3455,150
12.5455,19.2608,150
12.5542,20.4202,150
12.5597,25.2604,150
12.5626,19.8147,150
12.5746,20.1248,150
12.5808,15.8768,150
12.6103,22.1870,150
12.6128,19.1199,150
12.6251,21.3286,150
12.6351,16.9096,150
12.6367,26.9895,150
12.6401,19.6069,150
12.6450,18.6905,150
12.6514,19.5101,150
12.6558,25.6318,150
12.6589,16.8023,150
12.6732,21.7825,150
12.6757,21.5410,150
12.6950,21.5466,150
12.7147,4.0786,150
12.7170,15.5456,150
12.7188,21.9050,150
12.7214,19.0456,150
12.7223,32.9415,150
12.7366,51.8258,150
12.7367,15.2646,150
12.7379,29.9229,150
12.7399,29.1554,150
12.7433,20.1108,150
12.7497,27.8718,150
12.7565,21.0400,150
12.7625,17.7270,150
12.7678,22.7774,150
12.7691,15.6425,150
12.7724,24.3603,150
12.7839,18.9953,150
12.7884,19.1336,150
12.7958,26.4538,150
12.8018,21.6912,150
12.8030,20.0759,150
12.8140,14.2140,150
12.8169,33.0975,150
12.8169,21.7438,150
12.8221,15.5088,150
12.8702,60.9269,150
12.8806,31.5794,150
12.8808,19.3632,150
12.8834,21.2064,150
12.9148,16.3841,150
12.9160,24.0667,150
12.9428,16.1396,150
12.9473,19.3722,150
12.9474,19.2930,150
12.9536,22.2238,150
12.9553,22.6948,150
12.9580,29.3426,150
12.9600,22.7673,150
12.9737,24.4890,150
12.9744,22.5209,150
12.9832,21.0855,150
12.9898,28.3801,150
12.9953,22.9292,150
12.9954,53.7451,150
13.0021,21.3292,150
13.0131,22.8167,150
13.0179,17.9743,150
13.0271,17.1993,150
13.0372,18.5555,150
13.0509,11.6188,150
13.0565,23.4868,150
13.0585,22.8666,150
13.0791,18.9911,150
13.0855,15.6193,150
13.0865,24.7003,150
13.0875,20.3308,150
13.0921,15.6809,150
13.0940,20.6053,150
13.0996,15.9734,150
13.1055,19.6767,150
13.1063,20.3134,150
13.1171,15.2243,150
13.1200,18.4134,150
13.1246,20.9262,150
13.1398,33.0072,150
13.1437,29.1036,150
13.1438,22.2508,150
13.1577,28.5022,150
13.1800,19.3138,150
13.1839,33.9291,150
13.1888,11.7365,150
13.2003,18.5682,150
13.2008,23.1665,150
13.2166,35.9658,150
13.2226,29.9756,150
13.2245,29.4942,150
13.2521,18.5295,150
13.2522,21.5480,150
13.2522,25.4152,150
13.2522,32.2057,150
13.2608,27.5407,150
13.2649,31.6245,150
13.2694,33.0219,150
13.2770,19.5682,150
13.2787,17.9017,150
13.2828,19.6401,150
13.2880,18.6112,150
13.2908,30.5827,150
13.3137,19.8042,150
13.3198,19.2894,150
13.3274,19.1855,150
13.3319,12.6798,150
13.3393,22.9680,150
13.3450,30.5922,150
13.3468,20.2102,150
13.3484,17.6583,150
13.3739,18.5641,150
13.3740,20.2888,150
13.3786,21.0399,150
13.3816,19.0828,150
13.3896,34.2218,150
13.3974,20.6290,150
13.4217,18.8893,150
13.4257,19.4035,150
13.4284,33.6458,150
13.4305,19.4400,150
13.4376,24.4728,150
13.4426,19.4582,150
13.4476,17.5166,150
13.4478,15.7556,150
13.4478,21.7008,150
13.4590,26.9592,150
13.4691,16.8743,150
13.4739,24.6987,150
13.4875,29.6548,150
13.5043,19.7448,150
13.5072,22.9040,150
13.5174,18.3638,150
13.5178,20.9467,150
13.5271,30.7230,150
13.5426,19.7179,150
13.5749,28.6523,150
13.6240,25.8863,150
13.6244,28.1898,150
13.6468,45.5874,150
13.6503,32.3287,150
13.6505,30.3796,150
13.6518,24.9050,150
13.6557,28.6174,150
13.6597,19.5784,150
13.6820,22.4893,150
13.6863,18.1070,150
13.7018,20.7410,150
13.7117,26.1973,150
13.7158,27.7104,150
13.7183,21.3079,150
13.7201,29.6228,150
13.7386,20.1991,150
13.7564,14.2245,150
13.7619,62.9749,150
13.7638,20.2421,150
13.7722,18.3724,150
13.7874,20.0573,150
13.7885,28.2469,150
13.8117,21.7077,150
13.8144,28.3844,150
13.8165,20.2139,150
13.8231,19.6472,150
13.8321,20.2164,150
13.8448,17.9887,150
13.8460,16.3751,150
13.8651,17.4069,150
13.8801,21.9261,150
13.8850,19.0649,150
13.8862,21.2420,150
13.8868,21.0037,150
13.8947,28.1086,150
13.8999,20.2901,150
13.9095,16.6357,150
13.9137,18.5668,150
13.9149,17.2894,150
13.9420,26.8255,150
13.9674,29.8979,150
13.9756,19.9866,150
13.9905,35.8146,150
13.9925,20.4491,150
13.9952,66.7435,150
14.0002,7.6621,150
14.0039,20.9334,150
14.0198,26.6135,150
14.0260,31.4145,150
14.0328,27.4667,150
14.0390,30.6404,150
14.0393,26.5575,150
14.0425,35.2695,150
14.0426,27.0267,150
14.0498,33.9497,150
14.0551,32.1983,150
14.0652,31.5974,150
14.0652,18.5210,150
14.0808,34.5172,150
14.0821,22.3239,150
14.0850,35.8897,150
14.0880,20.4555,150
14.0965,21.6659,150
14.0976,28.2167,150
14.1019,31.3893,150
14.1040,25.4240,150
14.1105,18.8297,150
14.1154,21.6242,150
14.1195,19.5712,150
14.1246,18.5337,150
14.1534,26.4613,150
14.1537,19.0122,150
14.1656,14.9101,150
14.1686,19.2305,150
14.1775,17.2755,150
14.1824,31.1326,150
14.1935,32.5477,150
14.2028,20.9149,150
14.2066,19.0515,150
14.2229,18.4732,150
14.2287,20.8623,150
14.2436,18.8065,150
14.2632,20.8181,150
14.2642,18.2490,150
14.2734,26.2490,150
14.2784,24.6781,150
14.2895,22.2537,150
14.2964,16.8609,150
14.3184,21.8572,150
14.3194,24.6724,150
14.3301,23.6298,150
14.3363,21.6433,150
14.3364,24.8155,150
14.3407,21.6703,150
14.3433,14.5705,150
14.3587,17.9843,150
14.3587,20.7273,150
14.3625,30.2790,150
14.3685,20.0699,150
14.3734,30.8898,150
14.3779,21.8700,150
14.3783,23.6284,150
14.4062,19.0820,150
14.4175,19.5220,150
14.4211,21.2077,150
14.4252,33.8619,150
14.4485,26.8725,150
14.4563,75.6525,150
14.4564,35.8612,150
14.4569,31.8688,150
14.4630,25.8064,150
14.4728,23.5768,150
14.4797,19.2840,150
14.4920,14.1121,150
14.4983,16.9153,150
14.5159,31.6146,150
14.5278,19.7562,150
14.5323,18.5786,150
14.5337,23.7185,150
14.5380,19.5359,150
14.5460,18.1790,150
14.5489,19.0319,150
14.5613,26.8155,150
14.5614,20.8625,150
14.5719,33.9226,150
14.5731,17.8626,150
14.5781,19.9038,150
14.5907,24.3811,150
14.5908,6.4809,150
14.5918,25.3737,150
14.6006,20.3532,150
14.6057,22.2266,150
14.6073,19.9443,150
14.6073,19.9473,150
14.6073,35.3107,150
14.6131,29.5194,150
14.6331,16.3118,150
14.6392,23.0810,150
14.6531,18.8351,150
14.6547,20.0588,150
14.6558,29.2251,150
14.6564,30.9818,150
14.6620,19.0459,150
14.6648,20.2173,150
14.6709,22.0032,150
14.6742,15.1881,150
14.6798,19.5575,150
14.6834,26.0720,150
14.6868,32.6483,150
14.6871,32.7291,150
14.6871,15.4890,150
14.6914,24.4940,150
14.6985,19.9889,150
14.6995,20.3226,150
14.7006,29.9685,150
14.7030,15.5113,150
14.7071,31.7283,150
14.7107,19.8942,150
14.7177,21.0921,150
14.7194,25.9683,150
14.7252,19.4363,150
14.7343,14.9521,150
14.7522,18.1976,150
14.7523,33.6283,150
14.7587,21.9748,150
14.7606,26.2983,150
14.7687,18.8360,150
14.7748,27.2122,150
14.7887,26.8947,150
14.8000,19.2607,150
14.8041,18.9930,150
14.8073,19.4835,150
14.8131,23.4161,150
14.8186,17.9803,150
14.8248,17.4760,150
14.8330,17.6119,150
14.8354,19.0927,150
14.8425,26.0922,150
14.8454,14.3960,150
14.8462,20.3005,150
14.8504,16.1064,150
14.8674,22.3083,150
14.8689,29.5771,150
14.8828,23.5640,150
14.8841,19.4403,150
14.8854,17.6218,150
14.8928,18.1569,150
14.9015,24.6841,150
14.9016,20.4888,150
14.9098,19.7513,150
14.9112,28.0559,150
14.9134,28.9808,150
14.9145,25.4657,150
14.9195,16.2891,150
14.9231,22.3643,150
14.9346,116.1942,150
14.9346,20.1290,150
14.9413,50.8242,150
14.9430,23.9176,150
14.9524,19.6404,150
14.9563,22.0947,150
14.9629,23.6378,150
14.9677,26.6654,150
14.9726,18.1111,150
14.9853,23.3157,150
14.9854,15.2106,150
15.0056,22.0740,150
15.0137,18.8282,150
15.0323,26.6887,150
15.0354,18.9571,150
15.0429,18.4937,150
15.0430,25.6414,150
15.0475,23.1811,150
15.0486,15.6858,150
15.0532,23.7649,150
15.0543,19.3934,150
15.0543,28.0287,150
15.0754,29.2002,150
15.0867,23.6907,150
15.0867,17.9146,150
15.0929,19.2044,150
15.1039,21.9353,150
15.1089,11.0607,150
15.1089,19.6752,150
15.1100,22.3411,150
15.1172,28.8191,150
15.1345,20.9061,150
15.1347,20.7486,150
15.1533,18.0823,150
15.1553,22.1918,150
15.1562,20.3370,150
15.1694,32.0133,150
15.1882,19.9191,150
15.1956,17.1652,150
15.1957,18.9772,150
15.2046,12.6344,150
15.2280,25.8086,150
15.2349,18.9487,150
15.2378,20.5014,150
15.2535,17.0236,150
15.2585,22.0963,150
15.2599,19.8991,150
15.2637,29.1241,150
15.2746,31.4792,150
15.3161,18.8022,150
15.3265,21.8524,150
15.3421,30.7243,150
15.3542,18.9215,150
15.3544,21.4822,150
15.3589,31.8766,150
15.3750,16.9001,150
15.3792,21.2209,150
15.3809,21.7884,150
15.3850,19.7922,150
15.3875,16.5276,150
15.3876,31.8317,150
15.3914,29.7296,150
15.3915,20.9857,150
15.3992,27.1643,150
15.4109,24.8443,150
15.4192,21.8635,150
15.4218,25.9730,150
15.4291,18.6864,150
15.4342,19.5055,150
15.4433,21.2730,150
15.4509,23.0972,150
15.4701,18.2338,150
15.4790,20.8040,150
15.4803,30.8501,150
15.4998,19.9022,150
15.5150,29.4976,150
15.5221,27.0805,150
15.5236,50.0294,150
15.5380,26.7651,150
15.5425,6.6941,150
15.5478,18.4775,150
15.5558,22.9232,150
15.5609,21.4166,150
15.5610,26.8470,150
15.5718,27.7742,150
15.5731,28.5432,150
15.5768,22.7221,150
15.5837,28.1812,150
15.5849,19.7916,150
15.5860,25.9114,150
15.5883,23.6113,150
15.5894,53.3818,150
15.5996,16.0750,150
15.6119,30.3497,150
15.6255,18.4111,150
15.6282,18.2340,150
15.6382,21.3680,150
15.6432,50.9350,150
15.6441,20.4665,150
15.6461,5.5225,150
15.6524,19.9881,150
15.6537,18.6927,150
15.6622,18.6273,150
15.6788,13.2690,150
15.6880,18.0178,150
15.6917,20.5058,150
15.6917,22.5709,150
15.6978,17.8616,150
15.6979,31.4459,150
15.7049,29.0413,150
15.7143,20.0985,150
15.7227,18.3529,150
15.7277,27.6009,150
15.7474,18.7525,150
15.7582,23.1326,150
15.7611,22.7263,150
15.7611,19.7682,150
15.7856,22.2068,150
15.7857,22.9588,150
15.7866,21.4966,150
15.8105,18.9317,150
15.8192,28.1445,150
15.8193,27.6196,150
15.8329,19.1030,150
15.8330,29.6786,150
15.8367,18.9208,150
15.8397,21.7441,150
15.8398,18.8006,150
15.8472,25.0834,150
15.8494,28.7030,150
15.8515,19.4760,150
15.8521,31.4030,150
15.8574,28.2425,150
15.8722,18.8303,150
15.8784,34.4922,150
15.8898,25.9150,150
15.9018,16.7605,150
15.9029,20.5780,150
15.9038,20.2816,150
15.9179,19.2219,150
15.9228,18.8047,150
15.9239,27.3704,150
15.9284,17.9840,150
15.9321,19.1448,150
15.9392,17.4641,150
15.9453,21.8690,150
15.9546,21.7909,150
15.9547,19.3423,150
15.9654,22.0160,150
15.9656,13.7850,150
15.9693,17.2999,150
15.9694,6.5997,150
15.9698,21.8135,150
15.9703,21.9727,150
15.9703,26.9603,150
15.9856,25.2855,150
15.9976,19.1763,150
16.0055,19.9126,150
16.0117,18.3644,150
16.0244,18.2891,150
16.0285,27.1725,150
16.0367,19.0572,150
16.0382,20.4215,150
16.0416,16.9744,150
16.0429,15.7267,150
16.0496,14.1998,150
16.0504,19.6383,150
16.0779,12.3480,150
16.0847,19.4008,150
16.0889,20.2337,150
16.0936,29.9526,150
16.0943,28.1876,150
16.1025,19.9863,150
16.1037,13.8195,150
16.1078,28.1080,150
16.1079,21.2002,150
16.1165,19.4382,150
16.1211,21.7009,150
16.1214,21.0607,150
16.1274,21.7535,150
16.1321,26.7237,150
16.1322,12.8123,150
16.1354,22.1518,150
16.1369,23.9761,150
16.1397,23.7691,150
16.1566,18.8396,150
16.1679,20.9276,150
16.1708,26.1545,150
16.1710,45.7381,150
16.1716,17.2330,150
16.1767,33.4650,150
16.1769,27.0368,150
16.1795,21.4549,150
16.1835,15.4922,150
16.2037,18.5985,150
16.2127,21.3627,150
16.2128,21.3249,150
16.2132,32.0123,150
16.2303,17.6277,150
16.2360,18.6223,150
16.2523,19.7686,150
16.2593,15.0013,150
16.2593,27.1158,150
16.2598,22.8045,150
16.2651,17.4675,150
16.2720,19.3119,150
16.2807,19.5475,150
16.2853,20.9545,150
16.2854,19.2002,150
16.2901,23.5294,150
16.2971,20.0995,150
16.2977,24.6942,150
16.3030,17.5613,150
16.3064,28.6537,150
16.3118,19.8304,150
16.3206,20.5031,150
16.3258,18.5625,150
16.3300,22.1793,150
16.3314,16.5566,150
16.3577,17.8731,150
16.3595,24.4409,150
16.3626,44.8239,150
16.3727,19.3248,150
16.3767,21.5626,150
16.3776,17.0470,150
16.3830,19.4357,150
16.3847,18.0695,150
16.3886,19.5288,150
16.3944,21.8049,150
16.3976,29.0349,150
16.3978,27.6743,150
16.4047,18.0473,150
16.4248,17.3743,150
16.4369,22.6190,150
16.4376,23.4955,150
16.4438,19.1097,150
16.4510,19.0398,150
16.4518,22.5067,150
16.4562,32.0118,150
16.4563,34.8681,150
16.4563,19.1329,150
16.4576,18.5974,150
16.4624,16.2980,150
16.4745,15.2683,150
16.4887,17.9996,150
16.4990,20.9758,150
16.5051,32.4458,150
16.5108,22.2257,150
16.5108,26.4103,150
16.5192,26.9808,150
16.5205,29.2720,150
16.5232,17.5860,150
16.5233,14.2466,150
16.5242,29.8467,150
16.5282,18.0137,150
16.5363,17.7350,150
16.5486,18.2216,150
16.5515,14.8389,150
16.5535,15.5522,150
16.5590,21.8810,150
16.5629,17.9227,150
16.5748,21.0701,150
16.5795,22.4230,150
16.5825,13.9447,150
16.5830,33.1817,150
16.5981,19.4625,150
16.6001,16.9107,150
16.6151,22.1245,150
16.6298,19.4256,150
16.6311,28.8184,150
16.6320,28.7405,150
16.6325,19.7610,150
16.6392,19.9738,150
16.6589,24.5396,150
16.6603,19.8237,150
16.6694,25.9041,150
16.6752,19.5183,150
16.6762,22.2536,150
16.6763,21.4931,150
16.6955,24.0652,150
16.6976,27.6748,150
16.6976,6.6464,150
16.6989,20.6677,150
16.7085,18.8570,150
16.7177,20.0625,150
16.7294,21.7009,150
16.7459,17.1156,150
16.7533,18.6104,150
16.7701,27.5679,150
16.7789,29.2424,150
16.7830,20.4321,150
16.8005,19.6870,150
16.8032,19.2797,150
16.8075,24.5615,150
16.8168,19.3330,150
16.8186,15.2810,150
16.8251,19.7980,150
16.8372,17.7572,150
16.8383,45.3799,150
16.8395,29.4797,150
16.8551,27.0284,150
16.8567,20.4388,150
16.8611,18.6591,150
16.8620,26.7354,150
16.8633,19.7819,150
16.8723,21.2531,150
16.8881,30.5741,150
16.8893,26.2410,150
16.8980,17.5116,150
16.8998,32.6018,150
16.9058,12.8666,150
16.9197,23.5129,150
16.9256,20.1765,150
16.9337,20.0017,150
16.9424,18.7101,150
16.9434,25.1397,150
16.9435,21.7397,150
16.9533,18.9838,150
16.9594,12.7882,150
16.9672,15.1155,150
16.9673,23.3345,150
16.9685,34.7823,150
16.9802,17.8864,150
16.9851,22.8982,150
16.9859,25.3659,150
16.9909,3.7728,150
16.9962,25.1094,150
17.0001,19.2331,150
17.0074,15.4270,150
17.0114,17.0712,150
17.0273,18.6636,150
17.0290,29.3800,150
17.0410,17.1602,150
17.0670,19.4708,150
17.0672,16.9891,150
17.0680,22.7821,150
17.0718,15.2707,150
17.0857,26.2650,150
17.0859,20.5518,150
17.0867,27.2449,150
17.0875,34.7042,150
17.0891,38.1354,150
17.0927,29.2469,150
17.0995,22.5349,150
17.1113,23.4965,150
17.1113,30.6229,150
17.1113,23.3099,150
17.1263,17.8687,150
17.1407,18.0559,150
17.1426,11.9642,150
17.1495,14.8474,150
17.1534,18.1687,150
17.1540,17.6614,150
17.1661,18.2690,150
17.1739,11.2430,150
17.1788,25.5588,150
17.1826,19.1238,150
17.1833,20.9425,150
17.2213,29.2591,150
17.2242,31.2332,150
17.2336,29.1796,150
17.2602,20.3202,150
17.2617,28.1344,150
17.2670,26.3689,150
17.2741,24.4971,150
17.2843,19.6301,150
17.2860,17.8747,150
17.2875,26.6124,150
17.2923,30.8333,150
17.2964,20.4224,150
17.2995,27.2164,150
17.3023,19.2271,150
17.3124,21.3732,150
17.3178,29.7736,150
17.3230,20.8457,150
17.3364,19.4834,150
17.3384,18.9114,150
17.3440,25.1882,150
17.3441,23.8030,150
17.3520,5.3205,150
17.3536,31.2427,150
17.3555,28.0219,150
17.3981,21.4001,150
17.4023,29.0101,150
17.4208,31.3062,150
17.4223,20.6912,150
17.4234,21.2211,150
17.4286,20.9012,150
17.4402,26.0433,150
17.4443,18.1746,150
17.4639,67.1422,150
17.4650,31.8614,150
17.4700,16.6926,150
17.4726,20.5722,150
17.4727,31.9111,150
17.4851,33.4170,150
17.4973,21.7985,150
17.5064,23.9911,150
17.5116,19.5040,150
17.5155,56.8326,150
17.5331,20.2863,150
17.5383,19.9988,150
17.5391,20.8988,150
17.5405,29.3630,150
17.5435,27.7533,150
17.5474,21.4755,150
17.5529,19.5303,150
17.5605,23.8274,150
17.5735,21.5653,150
17.5840,31.1885,150
17.5879,19.9130,150
17.5928,21.1554,150
17.5955,19.5220,150
17.6029,19.6980,150
17.6045,21.5189,150
17.6064,27.1681,150
17.6075,20.2572,150
17.6089,27.5461,150
17.6094,24.1894,150
17.6206,29.3861,150
17.6250,21.0895,150
17.6353,19.3723,150
17.6482,21.1189,150
17.6533,16.0451,150
17.6599,17.8695,150
17.6618,28.6228,150
17.6619,23.6713,150
17.6619,23.6087,150
17.6632,27.1474,150
17.6781,23.1299,150
17.6873,22.7491,150
17.6889,21.1233,150
17.6959,16.8892,150
17.7077,31.1507,150
17.7156,19.6962,150
17.7200,18.9087,150
17.7234,21.4875,150
17.7357,21.5825,150
17.7571,17.6762,150
17.7647,22.1468,150
17.7688,18.1285,150
17.7726,20.1260,150
17.7738,18.9471,150
17.7796,18.8063,150
17.7835,20.2359,150
17.7919,19.4468,150
17.8181,30.3002,150
17.8465,23.2313,150
17.8560,17.5132,150
17.8623,19.5548,150
17.8717,19.3097,150
17.8744,21.6278,150
17.8810,16.0018,150
17.9019,18.0637,150
17.9068,49.0166,150
17.9118,15.9710,150
17.9175,29.3971,150
17.9258,21.9592,150
17.9260,26.1558,150
17.9368,16.6300,150
17.9370,20.0213,150
17.9462,22.2795,150
17.9527,19.7622,150
17.9621,22.1853,150
17.9622,22.0822,150
17.9635,20.8537,150
17.9646,27.5725,150
17.9760,16.1873,150
17.9801,56.3649,150
17.9801,39.6841,150
17.9808,24.8572,150
17.9847,28.5839,150
17.9946,17.1636,150
18.0037,64.3414,150
18.0078,18.9490,150
18.0111,17.6328,150
18.0257,18.3315,150
18.0264,23.9904,150
18.0283,19.6669,150
18.0293,21.3011,150
18.0350,31.1701,150
18.0388,18.9625,150
18.0443,22.4302,150
18.0495,16.6829,150
18.0517,16.3657,150
18.0523,26.0111,150
18.0657,17.4458,150
18.0658,21.1342,150
18.0700,18.8145,150
18.0742,19.7744,150
18.0799,23.5287,150
18.0825,20.8218,150
18.0914,36.5342,150
18.1010,21.2110,150
18.1020,24.8475,150
18.1089,18.0536,150
18.1107,30.5339,150
18.1195,19.8466,150
18.1197,29.5866,150
18.1197,20.9992,150
18.1219,31.4448,150
18.1311,16.2945,150
18.1381,17.9643,150
18.1605,59.1168,150
18.1718,17.9461,150
18.1847,12.9997,150
18.1876,24.7373,150
18.1928,18.0101,150
18.1989,18.8149,150
18.2040,33.2777,150
18.2147,18.7664,150
18.2216,18.7296,150
18.2473,13.2645,150
18.2535,19.1786,150
18.2541,19.8342,150
18.2583,26.7201,150
18.2642,49.6466,150
18.2715,24.5105,150
18.2801,19.3495,150
18.2880,17.2022,150
18.2980,18.3865,150
18.2999,15.2480,150
18.3038,15.7582,150
18.3125,12.1905,150
18.3203,17.9984,150
18.3210,5.8231,150
18.3235,22.5514,150
18.3348,21.3614,150
18.3413,16.6058,150
18.3463,18.9201,150
18.3473,17.8548,150
18.3501,15.3650,150
18.3551,115.5905,150
18.3560,19.6867,150
18.3646,11.1348,150
18.3700,28.7511,150
18.3739,21.0213,150
18.3753,17.4771,150
18.3798,19.0460,150
18.3830,19.7960,150
18.3876,21.1033,150
18.3944,17.6502,150
18.4016,13.0435,150
18.4058,19.6998,150
18.4098,20.6533,150
18.4167,30.9211,150
18.4206,53.4646,150
18.4220,14.2268,150
18.4259,21.7840,150
18.4324,14.1438,150
18.4457,24.1804,150
18.4457,11.3599,150
18.4516,15.9032,150
18.4553,28.9875,150
18.4604,21.6137,150
18.4636,18.4055,150
18.4704,16.1529,150
18.4726,26.2735,150
18.4809,27.1815,150
18.4978,21.2827,150
18.5058,17.3087,150
18.5127,25.5234,150
18.5300,18.6524,150
18.5373,14.7928,150
18.5447,33.5396,150
18.5478,25.0227,150
18.5566,30.1999,150
18.5618,29.9969,150
18.5640,14.2932,150
18.5721,15.8212,150
18.5737,15.2272,150
18.5870,27.6992,150
18.5997,18.4905,150
18.6168,19.7493,150
18.6480,14.9657,150
18.6492,22.5991,150
18.6497,15.4115,150
18.6506,28.6498,150
18.6617,18.4789,150
18.6633,19.1508,150
18.6711,18.5035,150
18.6766,21.4254,150
18.6768,16.3215,150
18.6797,23.4981,150
18.6822,23.8385,150
18.6831,20.0616,150
18.6845,29.7887,150
18.6871,33.1707,150
18.6878,18.8668,150
18.6896,21.5301,150
18.6923,21.9662,150
18.7023,18.4953,150
18.7100,27.8097,150
18.7101,49.6037,150
18.7180,20.5173,150
18.7181,28.5263,150
18.7282,19.4531,150
18.7381,15.4843,150
18.7559,21.4700,150
18.7574,19.9631,150
18.7628,18.9578,150
18.7753,18.7630,150
18.7767,19.3813,150
18.7831,26.6512,150
18.7889,22.3933,150
18.7919,18.4227,150
18.7945,33.4302,150
18.8070,23.1278,150
18.8082,26.3803,150
18.8087,14.9371,150
18.8230,21.0513,150
18.8272,21.8404,150
18.8408,18.7898,150
18.8423,17.0155,150
18.8540,18.8406,150
18.8579,18.4413,150
18.8647,20.6778,150
18.8664,26.7776,150
18.8665,32.2289,150
18.8688,6.9638,150
18.8767,20.3722,150
18.8846,16.0457,150
18.8934,12.8373,150
18.8968,14.9263,150
18.8969,21.4395,150
18.9000,24.0142,150
18.9107,19.5695,150
18.9198,23.1362,150
18.9234,16.5869,150
18.9344,21.0071,150
18.9345,26.9304,150
18.9346,25.7545,150
18.9360,31.9205,150
18.9412,19.1216,150
18.9432,19.3620,150
18.9433,35.6459,150
18.9455,27.8108,150
18.9641,24.3423,150
18.9780,23.1890,150
18.9793,20.8379,150
18.9803,24.7920,150
18.9844,25.6469,150
18.9893,27.5801,150
19.0047,50.8907,150
19.0117,22.5137,150
19.0118,20.1849,150
19.0369,17.5826,150
19.0423,22.1034,150
19.0436,28.0105,150
19.0551,26.4470,150
19.0674,18.5510,150
19.0713,14.6626,150
19.0744,24.6703,150
19.0830,18.7257,150
19.0911,20.6834,150
19.0926,27.7158,150
19.1038,19.6141,150
19.1049,28.0308,150
19.1121,20.0268,150
19.1232,18.5533,150
19.1318,19.3907,150
19.1340,23.1602,150
19.1404,18.7208,150
19.1472,20.0068,150
19.1510,26.3349,150
19.1512,27.2933,150
19.1595,19.7416,150
19.1596,29.3801,150
19.1670,31.9849,150
19.1763,18.8003,150
19.1810,15.0788,150
19.1971,29.1018,150
19.2086,18.5606,150
19.2116,16.3793,150
19.2119,16.1780,150
19.2390,20.3999,150
19.2470,19.7980,150
19.2483,27.3314,150
19.2640,31.2502,150
19.2745,19.5877,150
19.2869,13.4831,150
19.2907,18.7754,150
19.2979,24.3736,150
19.2999,20.8400,150
19.3012,29.4167,150
19.3100,33.0953,150
19.3101,20.4928,150
19.3146,25.7497,150
19.3368,31.4051,150
19.3381,31.5770,150
19.3463,21.0411,150
19.3524,20.8204,150
19.3537,26.0437,150
19.3585,27.5139,150
19.3742,16.4432,150
19.3972,26.1992,150
19.4021,15.5953,150
19.4022,23.1743,150
19.4035,29.5657,150
19.4071,18.9654,150
19.4091,19.3881,150
19.4165,29.8410,150
19.4345,18.9523,150
19.4346,18.7860,150
19.4492,18.1246,150
19.4503,25.6524,150
19.4578,25.3702,150
19.4579,33.8090,150
19.4648,23.6684,150
19.4747,28.0025,150
19.4820,28.2938,150
19.4820,26.2213,150
19.5079,33.2331,150
19.5138,27.3447,150
19.5213,19.8193,150
19.5301,21.8885,150
19.5331,18.9818,150
19.5467,18.1500,150
19.5761,31.2113,150
19.5781,21.2221,150
19.5828,19.8308,150
19.5889,24.8380,150
19.5908,21.3475,150
19.5910,21.1974,150
19.5916,20.5149,150
19.5971,11.8798,150
19.6040,20.1267,150
19.6205,19.0711,150
19.6236,32.2603,150
19.6254,22.8052,150
19.6363,19.4179,150
19.6366,23.3179,150
19.6396,20.3188,150
19.6482,20.2194,150
19.6522,18.2180,150
19.6571,23.6414,150
19.6639,5.7358,150
19.6648,21.3760,150
19.6671,29.2505,150
19.6689,21.2445,150
19.6707,20.6060,150
19.6884,26.4799,150
19.6936,12.9562,150
19.6938,21.1230,150
19.6995,32.3051,150
19.7013,35.4218,150
19.7065,25.1973,150
19.7188,28.0364,150
19.7220,22.0256,150
19.7251,20.8182,150
19.7508,25.7723,150
19.7510,21.9326,150
19.7531,23.5850,150
19.7539,25.6553,150
19.7607,18.8598,150
19.7664,25.0930,150
19.7755,19.2707,150
19.7861,19.8494,150
19.7880,22.9026,150
19.7900,24.6809,150
19.7920,18.8975,150
19.7982,22.5961,150
19.8040,20.0355,150
19.8060,18.8165,150
19.8066,17.4666,150
19.8076,31.2657,150
19.8109,29.2934,150
19.8116,18.6374,150
19.8316,16.9214,150
19.8331,20.9634,150
19.8355,25.8943,150
19.8372,25.0219,150
19.8464,28.2771,150
19.8581,18.4954,150
19.8614,28.2372,150
19.8732,19.2532,150
19.8732,29.2826,150
19.8732,22.0196,150
19.8769,19.2176,150
19.8947,29.9600,150
19.9111,21.5167,150
19.9226,33.2731,150
19.9471,18.7578,150
19.9569,20.5560,150
19.9598,19.7797,150
19.9614,21.8527,150
19.9630,29.8191,150
19.9716,21.6022,150
19.9757,17.3836,150
19.9780,19.8946,150
19.9817,20.7484,150
19.9828,15.1290,150
19.9941,23.3865,150
20.0052,18.5792,150
20.0122,31.6131,300
20.0324,21.8923,300
20.0326,28.4150,300
20.0326,22.1959,300
20.0342,20.7003,300
20.0345,36.0795,300
20.0358,24.5866,300
20.0404,30.2401,300
20.0406,25.3250,300
20.0406,40.7014,300
20.0527,29.3179,300
20.0528,21.1077,300
20.0600,21.2854,300
20.0601,17.9536,300
20.0649,17.9033,300
20.0721,18.2727,300
20.0760,23.3214,300
20.0772,28.6329,300
20.0844,25.1578,300
20.0876,17.6638,300
20.0895,22.4023,300
20.0935,22.2157,300
20.1003,18.0769,300
20.1050,23.9235,300
20.1089,21.7966,300
20.1090,17.9585,300
20.1104,23.7503,300
20.1172,24.6422,300
20.1241,16.9451,300
20.1245,28.7242,300
20.1303,14.3336,300
20.1331,21.9587,300
20.1361,19.3024,300
20.1411,33.1988,300
20.1434,25.3112,300
20.1503,18.4121,300
20.1531,20.3929,300
20.1615,28.6084,300
20.1618,21.8809,300
20.1628,22.4322,300
20.1638,23.8275,300
20.1638,25.3257,300
20.1710,18.6847,300
20.1747,16.5780,300
20.1753,23.2369,300
20.1787,19.2170,300
20.1830,29.9956,300
20.1831,19.9558,300
20.1840,21.5044,300
20.1868,18.4569,300
20.1877,20.3451,300
20.1895,24.5039,300
20.1934,19.6822,300
20.1935,19.3392,300
20.1947,18.2290,300
20.1976,27.8159,300
20.2013,17.2980,300
20.2014,32.6984,300
20.2028,19.8397,300
20.2056,21.8389,300
20.2057,28.2821,300
20.2066,23.7281,300
20.2200,24.2856,300
20.2287,18.2315,300
20.2289,29.1253,300
20.2342,21.5306,300
20.2432,15.1035,300
20.2484,20.4214,300
20.2576,33.5892,300
20.2613,17.1061,300
20.2621,25.7277,300
20.2622,32.1949,300
20.2686,17.6659,300
20.2688,31.8686,300
20.2711,20.1012,300
20.2712,25.0370,300
20.2712,23.1982,300
20.2724,28.2529,300
20.2739,24.4599,300
20.2828,25.5783,300
20.2863,12.0990,300
20.2896,13.3842,300
20.2896,19.5918,300
20.2897,26.1146,300
20.2913,20.5773,300
20.2994,10.2779,300
20.3030,23.2836,300
20.3040,19.0815,300
20.3062,17.6500,300
20.3071,27.7503,300
20.3084,28.0310,300
20.3154,29.5068,300
20.3156,26.9314,300
20.3218,30.7858,300
20.3248,20.8857,300
20.3249,15.8681,300
20.3280,19.1243,300
20.3281,32.1509,300
20.3330,11.9171,300
20.3348,19.7236,300
20.3357,19.5026,300
20.3506,20.1224,300
20.3512,60.4735,300
20.3565,29.6846,300
20.3688,27.8535,300
20.3699,16.3406,300
20.3893,18.4281,300
20.3894,25.5036,300
20.3895,62.4212,300
20.3922,20.1127,300
20.3934,22.0340,300
20.3981,27.2657,300
20.4068,18.8097,300
20.4186,21.1658,300
20.4246,15.1883,300
20.4257,4.3791,300
20.4263,19.2294,300
20.4328,13.7051,300
20.4386,21.3910,300
20.4394,12.4403,300
20.4402,20.1799,300
20.4410,31.4832,300
20.4456,19.3652,300
20.4495,26.0947,300
20.4543,18.1253,300
20.4589,3.6086,300
20.4599,19.1645,300
20.4600,27.8403,300
20.4617,16.8482,300
20.4636,28.8024,300
20.4650,21.2978,300
20.4685,17.4094,300
20.4744,27.0265,300
20.4773,31.0887,300
20.4822,24.6859,300
20.4823,19.7416,300
20.4866,29.4753,300
20.4910,18.2304,300
20.5060,31.7060,300
20.5095,18.4495,300
20.5150,20.5804,300
20.5151,17.4727,300
20.5164,23.1616,300
20.5189,19.2167,300
20.5212,20.2725,300
20.5243,22.7452,300
20.5244,20.2218,300
20.5314,18.6485,300
20.5320,28.2838,300
20.5327,14.2004,300
20.5342,21.0803,300
20.5411,18.2160,300
20.5433,21.9629,300
20.5460,18.9320,300
20.5492,20.9794,300
20.5530,21.3170,300
20.5542,19.0400,300
20.5543,27.6161,300
20.5589,30.9507,300
20.5638,26.7862,300
20.5639,19.9920,300
20.5639,15.6406,300
20.5644,26.2738,300
20.5677,26.8681,300
20.5698,24.9541,300
20.5698,28.6983,300
20.5736,16.4278,300
20.5852,21.7326,300
20.5869,23.3842,300
20.5921,19.9293,300
20.5950,16.8490,300
20.5970,25.9233,300
20.6018,19.2398,300
20.6038,28.6344,300
20.6059,27.7958,300
20.6095,28.7156,300
20.6105,18.9624,300
20.6106,25.0229,300
20.6136,19.5060,300
20.6197,17.7899,300
20.6201,18.7535,300
20.6298,24.6543,300
20.6299,16.3126,300
20.6309,28.1165,300
20.6319,19.6509,300
20.6326,33.4030,300
20.6391,26.1566,300
20.6410,22.2801,300
20.6415,18.9236,300
20.6449,18.2454,300
20.6457,30.5315,300
20.6491,17.1800,300
20.6560,18.0457,300
20.6561,19.9758,300
20.6561,24.3990,300
20.6594,20.6095,300
20.6606,35.7213,300
20.6617,21.9142,300
20.6623,19.7094,300
20.6658,18.4104,300
20.6715,17.8506,300
20.6792,10.8405,300
20.6817,18.8130,300
20.6844,12.6333,300
20.6861,18.8552,300
20.6899,17.5140,300
20.6908,19.0819,300
20.6916,15.6755,300
20.6924,19.4092,300
20.6950,22.0303,300
20.6973,24.5748,300
20.6996,26.2613,300
20.7123,54.9391,300
20.7133,17.3237,300
20.7278,18.3255,300
20.7297,25.6696,300
20.7336,17.9257,300
20.7337,17.6631,300
20.7382,16.4796,300
20.7421,12.6763,300
20.7430,15.4651,300
20.7450,16.8839,300
20.7457,27.2067,300
20.7518,18.5250,300
20.7519,30.4089,300
20.7526,21.3231,300
20.7538,22.1517,300
20.7567,19.1071,300
20.7576,22.4122,300
20.7623,27.6727,300
20.7624,16.9537,300
20.7665,23.0461,300
20.7695,16.7713,300
20.7733,16.8700,300
20.7762,29.6289,300
20.7814,10.7364,300
20.7852,18.1097,300
20.7854,17.3047,300
20.7856,24.5624,300
20.7882,31.5756,300
20.7912,21.1160,300
20.7916,20.7117,300
20.7960,25.9450,300
20.7961,18.4823,300
20.7970,36.7631,300
20.8031,22.3735,300
20.8051,29.2175,300
20.8078,26.4719,300
20.8085,16.9620,300
20.8089,21.6318,300
20.8103,22.1875,300
20.8166,21.5354,300
20.8182,22.4598,300
20.8203,19.8750,300
20.8213,24.1439,300
20.8274,47.4818,300
20.8287,27.9253,300
20.8288,21.4683,300
20.8308,25.7362,300
20.8420,27.1882,300
20.8430,18.8613,300
20.8435,22.2729,300
20.8446,21.1494,300
20.8606,18.4640,300
20.8607,23.5769,300
20.8647,26.9433,300
20.8723,22.0921,300
20.8724,19.1734,300
20.8730,22.0262,300
20.8731,27.3832,300
20.8744,20.6378,300
20.8753,33.0394,300
20.8781,22.3609,300
20.8811,23.6425,300
20.8812,34.9683,300
20.8824,34.3617,300
20.8825,25.7616,300
20.8896,24.4759,300
20.8896,26.5530,300
20.8943,21.9194,300
20.8943,28.3744,300
20.9032,19.1104,300
20.9034,24.8885,300
20.9074,18.9374,300
20.9108,15.6117,300
20.9122,19.4391,300
20.9128,22.1653,300
20.9181,23.8930,300
20.9213,25.7347,300
20.9255,21.5093,300
20.9299,17.8859,300
20.9340,23.0072,300
20.9387,16.0079,300
20.9422,22.6653,300
20.9476,18.3761,300
20.9481,26.2268,300
20.9549,18.3335,300
20.9661,17.8942,300
20.9665,25.8012,300
20.9672,30.5575,300
20.9734,18.9224,300
20.9819,29.8653,300
20.9821,20.4574,300
20.9836,18.9340,300
20.9846,28.2042,300
20.9971,20.4156,300
21.0023,28.8488,300
21.0184,17.0590,300
21.0193,57.9514,300
21.0254,19.4972,300
21.0256,22.5529,300
21.0267,54.9725,300
21.0284,25.8933,300
21.0302,19.1550,300
21.0303,23.9640,300
21.0306,24.0188,300
21.0312,29.9768,300
21.0342,27.9813,300
21.0396,31.0261,300
21.0397,26.7549,300
21.0398,22.4452,300
21.0409,27.8063,300
21.0420,24.5014,300
21.0472,30.0702,300
21.0577,26.2796,300
21.0578,28.1433,300
21.0704,17.6980,300
21.0770,18.0791,300
21.0953,22.7709,300
21.1229,25.9568,300
21.1249,19.0907,300
21.1256,15.8073,300
21.1291,24.7959,300
21.1305,23.3918,300
21.1319,17.5513,300
21.1319,21.9878,300
21.1319,21.9819,300
21.1330,23.9260,300
21.1330,33.7043,300
21.1398,28.2054,300
21.1459,18.3501,300
21.1461,20.5915,300
21.1487,20.5354,300
21.1497,23.1545,300
21.1525,20.2851,300
21.1558,62.9290,300
21.1565,19.1785,300
21.1618,17.7575,300
21.1657,15.5850,300
21.1682,24.5959,300
21.1688,19.4532,300
21.1980,18.7262,300
21.1981,23.2910,300
21.2018,19.0032,300
21.2118,19.4056,300
21.2130,29.3435,300
21.2131,21.6234,300
21.2197,19.2318,300
21.2197,21.3503,300
21.2209,20.1652,300
21.2245,17.8688,300
21.2267,20.2760,300
21.2279,33.3069,300
21.2291,21.2667,300
21.2337,30.7464,300
21.2377,13.7621,300
21.2421,16.2985,300
21.2422,28.5027,300
21.2448,25.9242,300
21.2487,26.6672,300
21.2495,20.2121,300
21.2526,22.3030,300
21.2537,21.0088,300
21.2546,16.1089,300
21.2565,26.9781,300
21.2587,25.8095,300
21.2591,18.3357,300
21.2611,25.8942,300
21.2708,29.0280,300
21.2733,25.5286,300
21.2742,28.6233,300
21.2810,24.8269,300
21.2818,18.5899,300
21.2829,62.8636,300
21.2883,14.5744,300
21.2900,19.1780,300
21.3020,32.6585,300
21.3080,26.6791,300
21.3085,21.5483,300
21.3127,26.7495,300
21.3128,21.9350,300
21.3199,19.3725,300
21.3228,3.9007,300
21.3248,14.4490,300
21.3319,18.1610,300
21.3333,31.0883,300
21.3335,22.2185,300
21.3358,29.2814,300
21.3385,21.1028,300
21.3386,23.5612,300
21.3452,27.8259,300
21.3459,19.8965,300
21.3467,22.1464,300
21.3485,20.7619,300
21.3515,23.6800,300
21.3516,30.4573,300
21.3589,23.1898,300
21.3608,18.3487,300
21.3688,17.2518,300
21.3817,18.8159,300
21.3830,17.9479,300
21.3835,36.3376,300
21.3847,22.6219,300
21.3852,24.7801,300
21.3872,25.8069,300
21.3892,28.5338,300
21.4024,18.1370,300
21.4092,17.8616,300
21.4150,43.8072,300
21.4244,17.7192,300
21.4283,25.1017,300
21.4326,23.2093,300
21.4328,29.1418,300
21.4342,19.1507,300
21.4382,13.3070,300
21.4402,12.1948,300
21.4431,23.4583,300
21.4433,6.7978,300
21.4598,18.9026,300
21.4599,32.6302,300
21.4599,23.2914,300
21.4599,24.6984,300
21.4635,23.1102,300
21.4660,24.4750,300
21.4669,37.2857,300
21.4696,22.9643,300
21.4710,16.4320,300
21.4755,36.0871,300
21.4768,37.4012,300
21.4835,16.4332,300
21.4840,24.6254,300
21.4945,21.6730,300
21.5028,21.5105,300
21.5126,25.7885,300
21.5127,26.9964,300
21.5134,28.8311,300
21.5153,23.1479,300
21.5279,18.3859,300
21.5292,20.9784,300
21.5320,26.8830,300
21.5349,17.7704,300
21.5362,19.5611,300
21.5368,22.1391,300
21.5379,18.8165,300
21.5440,18.3750,300
21.5441,20.5194,300
21.5463,28.3059,300
21.5476,7.1292,300
21.5481,22.2548,300
21.5503,17.4895,300
21.5547,23.7335,300
21.5597,14.9695,300
21.5598,25.0928,300
21.5656,19.3295,300
21.5657,15.9209,300
21.5779,17.6735,300
21.5879,26.3989,300
21.5958,18.4514,300
21.6047,13.0619,300
21.6059,28.3576,300
21.6068,20.0067,300
21.6101,13.9502,300
21.6138,4.0300,300
21.6222,21.2472,300
21.6227,27.2466,300
21.6296,31.6995,300
21.6340,17.7272,300
21.6352,27.8097,300
21.6425,17.8983,300
21.6481,13.1403,300
21.6492,21.0222,300
21.6593,24.5209,300
21.6594,22.3155,300
21.6652,16.5948,300
21.6665,30.8361,300
21.6694,21.1798,300
21.6694,17.1338,300
21.6707,26.5527,300
21.6745,18.4272,300
21.6831,25.1192,300
21.6881,24.7126,300
21.6910,19.0874,300
21.6920,18.1275,300
21.6952,29.0153,300
21.7001,18.1001,300
21.7106,17.9225,300
21.7106,22.7013,300
21.7145,18.8110,300
21.7146,20.3399,300
21.7146,20.3492,300
21.7174,26.1411,300
21.7194,31.8750,300
21.7216,20.2217,300
21.7239,22.6318,300
21.7264,20.1345,300
21.7266,17.6740,300
21.7276,29.9132,300
21.7292,27.3640,300
21.7340,14.4867,300
21.7345,29.8118,300
21.7405,18.2226,300
21.7497,21.8646,300
21.7498,18.0274,300
21.7507,20.3013,300
21.7516,79.5576,300
21.7604,19.4644,300
21.7670,32.4774,300
21.7681,16.9422,300
21.7782,33.4821,300
21.7860,14.1845,300
21.8001,14.2830,300
21.8035,18.8743,300
21.8083,23.2292,300
21.8102,4.1052,300
21.8104,30.9911,300
21.8130,13.1639,300
21.8183,18.5233,300
21.8190,17.7886,300
21.8193,25.6668,300
21.8193,34.6809,300
21.8212,29.9480,300
21.8253,28.6177,300
21.8310,19.5728,300
21.8383,23.2571,300
21.8384,23.0871,300
21.8397,15.0087,300
21.8447,19.1823,300
21.8455,22.0503,300
21.8470,22.8100,300
21.8530,17.9532,300
21.8569,22.0036,300
21.8570,31.7520,300
21.8598,19.0469,300
21.8600,34.6935,300
21.8600,22.3116,300
21.8656,19.5185,300
21.8669,18.2877,300
21.8756,18.6329,300
21.8787,15.1992,300
21.8865,18.8117,300
21.8904,22.0160,300
21.8919,15.4422,300
21.8945,17.9224,300
21.8945,18.5544,300
21.8960,59.7246,300
21.8963,25.1220,300
21.9004,20.0956,300
21.9015,30.5308,300
21.9016,18.4468,300
21.9021,30.6283,300
21.9082,24.9865,300
21.9129,18.3775,300
21.9138,19.9010,300
21.9154,16.6130,300
21.9255,28.2544,300
21.9354,18.3431,300
21.9355,23.5168,300
21.9355,20.9003,300
21.9364,31.4863,300
21.9412,22.0760,300
21.9464,17.6530,300
21.9537,16.9084,300
21.9556,20.0908,300
21.9623,17.9337,300
21.9623,26.4255,300
21.9627,17.0211,300
21.9654,23.2751,300
21.9694,30.4509,300
21.9735,18.9633,300
21.9744,25.3593,300
21.9752,17.7289,300
21.9777,29.2110,300
21.9818,31.6797,300
21.9820,25.9094,300
21.9833,23.6002,300
21.9838,28.4075,300
21.9848,23.5997,300
21.9921,20.0696,300
22.0027,18.1935,300
22.0035,18.0727,300
22.0060,27.6882,300
22.0076,22.9065,300
22.0130,17.9304,300
22.0197,18.0516,300
22.0197,19.6622,300
22.0255,30.0196,300
22.0328,18.0948,300
22.0365,18.1843,300
22.0380,18.0230,300
22.0463,19.8214,300
22.0464,26.4423,300
22.0492,75.0730,300
22.0502,23.8587,300
22.0530,17.5690,300
22.0542,23.8978,300
22.0580,17.0056,300
22.0624,17.7314,300
22.0644,53.3656,300
22.0672,25.5924,300
22.0689,14.5198,300
22.0722,32.4887,300
22.0724,20.4484,300
22.0736,29.1276,300
22.0741,20.3072,300
22.0792,15.8266,300
22.0819,13.6097,300
22.0856,15.2659,300
22.0878,33.3571,300
22.0886,27.8269,300
22.0926,17.6241,300
22.0998,22.4083,300
22.1012,23.5447,300
22.1015,22.7055,300
22.1087,32.1872,300
22.1118,18.9827,300
22.1228,23.5594,300
22.1250,21.3341,300
22.1303,18.6785,300
22.1304,19.4998,300
22.1373,27.0723,300
22.1395,25.7453,300
22.1447,16.9059,300
22.1465,18.7612,300
22.1465,21.0395,300
22.1516,17.4904,300
22.1518,19.7314,300
22.1526,18.8830,300
22.1575,20.2963,300
22.1588,24.2111,300
22.1594,18.3405,300
22.1647,15.2307,300
22.1670,20.8563,300
22.1675,20.3796,300
22.1818,17.7044,300
22.1874,48.0148,300
22.1900,15.4179,300
22.1917,22.0061,300
22.1917,17.4686,300
22.1949,27.6117,300
22.1986,24.8564,300
22.2104,19.4274,300
22.2165,18.8615,300
22.2235,30.9051,300
22.2257,26.6768,300
22.2285,27.1373,300
22.2335,17.1455,300
22.2344,27.7079,300
22.2364,18.6543,300
22.2365,25.4262,300
22.2443,17.5873,300
22.2443,17.7840,300
22.2449,22.6066,300
22.2684,17.9517,300
22.2686,17.7837,300
22.2686,21.6232,300
22.2765,23.0231,300
22.2781,4.9724,300
22.2816,24.6015,300
22.2847,21.5787,300
22.2848,25.8143,300
22.2854,30.6960,300
22.2887,12.4143,300
22.2955,21.7550,300
22.2992,16.8049,300
22.2995,20.2858,300
22.3023,24.3180,300
22.3046,25.9611,300
22.3062,26.9753,300
22.3119,27.6218,300
22.3247,18.8376,300
22.3354,18.3137,300
22.3376,16.3395,300
22.3393,18.3420,300
22.3447,19.3216,300
22.3448,21.2620,300
22.3448,25.9157,300
22.3456,25.2171,300
22.3457,20.3876,300
22.3487,31.8047,300
22.3496,25.2547,300
22.3501,24.7741,300
22.3540,32.8572,300
22.3576,23.5364,300
22.3628,27.4787,300
22.3629,24.7146,300
22.3629,23.9376,300
22.3651,29.1134,300
22.3697,28.0166,300
22.3697,27.1067,300
22.3725,24.2716,300
22.3729,23.7528,300
22.3784,24.9174,300
22.3815,19.0296,300
22.3818,19.2439,300
22.3859,17.2821,300
22.3859,21.1528,300
22.3917,15.4603,300
22.3996,25.3767,300
22.4084,23.2812,300
22.4123,13.2764,300
22.4124,21.9240,300
22.4171,32.5373,300
22.4190,16.6970,300
22.4241,22.7327,300
22.4329,16.8410,300
22.4330,17.9422,300
22.4330,19.8262,300
22.4330,27.2735,300
22.4346,29.0688,300
22.4447,19.0131,300
22.4453,18.5786,300
22.4504,17.3338,300
22.4504,19.8959,300
22.4553,29.0887,300
22.4599,31.8344,300
22.4639,26.3539,300
22.4694,17.9527,300
22.4733,17.3910,300
22.4752,21.0964,300
22.4798,24.1533,300
22.4807,22.4789,300
22.4945,27.2103,300
22.4956,16.4056,300
22.4985,21.7502,300
22.5052,32.8056,300
22.5081,23.6892,300
22.5082,17.2224,300
22.5117,16.5256,300
22.5182,18.1063,300
22.5182,25.0571,300
22.5192,24.0626,300
22.5192,57.7335,300
22.5192,27.0889,300
22.5358,17.3036,300
22.5373,25.3896,300
22.5406,16.8367,300
22.5408,19.3276,300
22.5444,12.4653,300
22.5457,19.9459,300
22.5468,17.0205,300
22.5470,36.1645,300
22.5494,26.7159,300
22.5535,19.9724,300
22.5567,28.4121,300
22.5582,18.6366,300
22.5588,27.9346,300
22.5619,25.3857,300
22.5656,21.8462,300
22.5689,17.7636,300
22.5710,31.7644,300
22.5751,27.7579,300
22.5855,27.0930,300
22.5856,23.0755,300
22.5929,17.4826,300
22.6000,21.3486,300
22.6040,21.6222,300
22.6059,33.6308,300
22.6231,17.3322,300
22.6307,27.3905,300
22.6314,18.9747,300
22.6367,18.9149,300
22.6391,18.4992,300
22.6420,45.9677,300
22.6421,23.2769,300
22.6432,21.3846,300
22.6432,21.4654,300
22.6468,26.9041,300
22.6469,21.5151,300
22.6485,20.0932,300
22.6494,24.6432,300
22.6610,20.3107,300
22.6611,34.1407,300
22.6623,31.9222,300
22.6734,32.0719,300
22.6736,20.6861,300
22.6744,20.2552,300
22.6775,16.4515,300
22.6777,24.6217,300
22.6822,26.8390,300
22.6823,34.5084,300
22.6852,19.8271,300
22.6871,18.9944,300
22.6891,31.3210,300
22.6901,20.5839,300
22.6973,25.6613,300
22.7048,18.0780,300
22.7057,25.9883,300
22.7088,17.1271,300
22.7093,19.9412,300
22.7107,28.4628,300
22.7119,23.0482,300
22.7132,21.7975,300
22.7195,74.8580,300
22.7218,15.5428,300
22.7249,18.4275,300
22.7278,27.0241,300
22.7280,19.1979,300
22.7305,33.8993,300
22.7306,23.5515,300
22.7337,34.9570,300
22.7351,19.0320,300
22.7358,15.2258,300
22.7374,22.9389,300
22.7456,19.1540,300
22.7523,22.4650,300
22.7536,32.7758,300
22.7602,17.8287,300
22.7604,18.7866,300
22.7604,34.8013,300
22.7697,25.5952,300
22.7784,16.9068,300
22.7815,29.1937,300
22.7843,17.7737,300
22.7845,28.5334,300
22.7845,18.6992,300
22.7845,25.5316,300
22.8014,21.8986,300
22.8032,20.7243,300
22.8180,18.8025,300
22.8188,32.2645,300
22.8188,27.9840,300
22.8196,24.1229,300
22.8196,27.4612,300
22.8219,25.1455,300
22.8220,12.3837,300
22.8233,24.3296,300
22.8302,20.4516,300
22.8368,26.3338,300
22.8373,20.5261,300
22.8373,33.5362,300
22.8401,33.6127,300
22.8402,36.6876,300
22.8473,26.6511,300
22.8500,24.4897,300
22.8501,30.0259,300
22.8507,7.3661,300
22.8527,24.1232,300
22.8568,23.3199,300
22.8652,23.5465,300
22.8721,29.9830,300
22.8727,28.4135,300
22.8834,18.0886,300
22.8834,21.1226,300
22.8871,27.5043,300
22.8875,117.7565,300
22.8888,28.7608,300
22.8956,22.3159,300
22.8984,19.5698,300
22.9004,17.6647,300
22.9036,19.3460,300
22.9037,29.4279,300
22.9037,26.7256,300
22.9065,24.3007,300
22.9096,21.1657,300
22.9113,32.3194,300
22.9122,21.6238,300
22.9142,23.0655,300
22.9142,22.1779,300
22.9202,18.6944,300
22.9221,19.8999,300
22.9222,8.2921,300
22.9230,15.9147,300
22.9302,21.2418,300
22.9364,18.0469,300
22.9373,23.0063,300
22.9380,17.0324,300
22.9487,18.7920,300
22.9545,23.1957,300
22.9589,15.7356,300
22.9596,28.5292,300
22.9696,21.1045,300
22.9698,28.7789,300
22.9702,21.3920,300
22.9735,25.1965,300
22.9767,22.0464,300
22.9809,26.7244,300
22.9820,20.6867,300
22.9838,26.6779,300
22.9870,20.1453,300
22.9916,19.3796,300
22.9958,27.6188,300
22.9974,25.9663,300
23.0021,22.8396,300
23.0023,29.8014,300
23.0049,19.0691,300
23.0056,19.3412,300
23.0098,44.0153,300
23.0172,18.1420,300
23.0265,27.9062,300
23.0294,16.1311,300
23.0343,19.5058,300
23.0455,18.1664,300
23.0456,27.2520,300
23.0456,28.3855,300
23.0456,24.1298,300
23.0465,20.1044,300
23.0499,24.0860,300
23.0571,18.0224,300
23.0646,29.6869,300
23.0651,24.8596,300
23.0662,20.9070,300
23.0715,21.4759,300
23.0825,20.2661,300
23.0863,19.5944,300
23.0883,29.0002,300
23.0884,21.6918,300
23.0929,18.8557,300
23.0941,31.1720,300
23.0961,15.6022,300
23.0990,17.7155,300
23.1101,23.5133,300
23.1132,29.0136,300
23.1163,17.3618,300
23.1220,20.2354,300
23.1275,20.2193,300
23.1311,17.3019,300
23.1312,18.0220,300
23.1322,21.5352,300
23.1322,31.4544,300
23.1382,25.9440,300
23.1383,20.9586,300
23.1411,21.0242,300
23.1419,21.3849,300
23.1460,16.2014,300
23.1461,23.2626,300
23.1461,19.7725,300
23.1476,16.6847,300
23.1477,25.5837,300
23.1531,25.9084,300
23.1532,28.3427,300
23.1539,32.9884,300
23.1543,39.6175,300
23.1577,24.6707,300
23.1610,28.3865,300
23.1618,18.1124,300
23.1619,24.7410,300
23.1628,28.1838,300
23.1644,28.6208,300
23.1729,23.4777,300
23.1730,25.3238,300
23.1781,23.3811,300
23.1782,23.3418,300
23.1839,27.0483,300
23.2018,18.7199,300
23.2019,22.1513,300
23.2045,13.7119,300
23.2090,18.5045,300
23.2091,18.1989,300
23.2102,6.6574,300
23.2197,21.4656,300
23.2214,21.8910,300
23.2221,25.1762,300
23.2259,27.2960,300
23.2449,26.8902,300
23.2466,6.8860,300
23.2480,18.1878,300
23.2542,18.9465,300
23.2552,29.4100,300
23.2572,18.7894,300
23.2574,7.6013,300
23.2662,18.5983,300
23.2701,15.8129,300
23.2714,19.7427,300
23.2716,21.9312,300
23.2754,23.0808,300
23.2755,21.8942,300
23.2790,27.5033,300
23.2861,23.1561,300
23.2925,21.8164,300
23.2940,27.9921,300
23.2945,23.5703,300
23.3023,18.5126,300
23.3052,19.7853,300
23.3081,21.6999,300
23.3130,19.5270,300
23.3172,18.4527,300
23.3176,18.0242,300
23.3350,18.6592,300
23.3378,16.3755,300
23.3393,19.7118,300
23.3426,28.6229,300
23.3428,25.6280,300
23.3476,18.4162,300
23.3514,25.6772,300
23.3526,24.4944,300
23.3589,22.1374,300
23.3612,22.1420,300
23.3663,20.0041,300
23.3664,19.9202,300
23.3671,24.5718,300
23.3702,18.1933,300
23.3703,24.0742,300
23.3729,29.4055,300
23.3850,19.5601,300
23.3883,16.2155,300
23.3989,25.6887,300
23.3991,28.1848,300
23.4008,67.0348,300
23.4018,22.8025,300
23.4030,23.3949,300
23.4059,24.7632,300
23.4071,22.1738,300
23.4128,29.7971,300
23.4157,23.7169,300
23.4187,21.0247,300
23.4276,15.0060,300
23.4294,22.0402,300
23.4374,21.4160,300
23.4490,16.7673,300
23.4679,19.4605,300
23.4680,32.1026,300
23.4681,57.6570,300
23.4681,57.6925,300
23.4681,19.4414,300
23.4693,27.8939,300
23.4749,23.8183,300
23.4791,21.5957,300
23.4805,20.5494,300
23.4814,36.9733,300
23.4814,23.1579,300
23.4833,30.9737,300
23.4833,27.5886,300
23.4843,29.0109,300
23.4864,33.5463,300
23.4913,27.6337,300
23.4992,27.0330,300
23.5030,15.9340,300
23.5039,14.4537,300
23.5040,22.1867,300
23.5059,23.8796,300
23.5131,21.6208,300
23.5132,33.8403,300
23.5132,22.7471,300
23.5178,18.0754,300
23.5210,14.9257,300
23.5243,21.8081,300
23.5251,19.8253,300
23.5294,18.1312,300
23.5306,25.1396,300
23.5314,20.1176,300
23.5386,18.1168,300
23.5462,3.6605,300
23.5570,18.7332,300
23.5616,29.4989,300
23.5617,21.3047,300
23.5630,20.6443,300
23.5750,18.6106,300
23.5805,23.1382,300
23.5950,18.0047,300
23.5964,20.3731,300
23.6087,25.5183,300
23.6088,20.7431,300
23.6088,59.7986,300
23.6169,23.1234,300
23.6206,19.5417,300
23.6236,11.7437,300
23.6339,22.0243,300
23.6341,28.3113,300
23.6351,20.8953,300
23.6387,17.4263,300
23.6388,30.5177,300
23.6397,26.9869,300
23.6411,31.0732,300
23.6412,24.6423,300
23.6423,29.8506,300
23.6431,13.0507,300
23.6468,40.0182,300
23.6470,27.0571,300
23.6509,31.9297,300
23.6541,31.1713,300
23.6572,23.7619,300
23.6581,27.8489,300
23.6601,30.4498,300
23.6603,34.1486,300
23.6628,25.1822,300
23.6639,34.0049,300
23.6649,34.3755,300
23.6718,22.6213,300
23.6727,34.7643,300
23.6728,40.0944,300
23.6738,32.0533,300
23.6807,18.5925,300
23.6870,19.9239,300
23.6895,17.9836,300
23.6909,17.7970,300
23.6910,21.9353,300
23.6964,16.5723,300
23.6965,21.8450,300
23.7012,21.4423,300
23.7043,18.9820,300
23.7061,29.0933,300
23.7119,23.3481,300
23.7217,32.6937,300
23.7219,55.2009,300
23.7244,25.7059,300
23.7273,20.0176,300
23.7274,21.7956,300
23.7322,30.7264,300
23.7324,32.8568,300
23.7361,27.8484,300
23.7404,19.4152,300
23.7420,20.9881,300
23.7420,33.9639,300
23.7473,17.9056,300
23.7525,24.5442,300
23.7554,20.3133,300
23.7639,18.6684,300
23.7648,21.9012,300
23.7714,18.4923,300
23.7745,51.7914,300
23.7746,23.4569,300
23.7765,21.5138,300
23.7797,19.0097,300
23.7822,33.5200,300
23.7850,19.2063,300
23.7916,27.9661,300
23.7918,21.1147,300
23.7961,36.5226,300
23.8067,17.2156,300
23.8068,20.4142,300
23.8080,23.7356,300
23.8230,20.7475,300
23.8243,22.2448,300
23.8285,18.6298,300
23.8286,29.4011,300
23.8287,31.2348,300
23.8324,25.5667,300
23.8343,20.6218,300
23.8363,19.1543,300
23.8404,17.3923,300
23.8428,17.2605,300
23.8428,34.4125,300
23.8455,17.2408,300
23.8456,51.3516,300
23.8481,24.1882,300
23.8490,25.4080,300
23.8550,26.9512,300
23.8638,18.0252,300
23.8639,62.8840,300
23.8710,22.0220,300
23.8720,27.9884,300
23.8728,20.7183,300
23.8858,31.1528,300
23.8858,24.7982,300
23.8858,24.9102,300
23.8858,24.9911,300
23.8865,30.2094,300
23.8920,31.5128,300
23.8995,18.9388,300
23.8995,13.1043,300
23.9159,17.8949,300
23.9172,19.4931,300
23.9197,17.0733,300
23.9228,33.1607,300
23.9228,17.2521,300
23.9259,20.0880,300
23.9271,25.1253,300
23.9275,21.1342,300
23.9298,25.3077,300
23.9301,22.0107,300
23.9327,26.3364,300
23.9450,23.2593,300
23.9474,25.8014,300
23.9525,15.8348,300
23.9527,22.4960,300
23.9560,30.3033,300
23.9705,17.1318,300
23.9816,13.3721,300
23.9855,18.2779,300
23.9868,19.6207,300
23.9917,25.7404,300
23.9933,18.5552,300
23.9997,17.6200,300
23.9998,26.8472,300
24.0031,20.8613,300
24.0111,19.3026,300
24.0111,27.6271,300
24.0130,26.6783,300
24.0235,18.2437,300
24.0248,19.1151,300
24.0257,26.0903,300
24.0269,19.6031,300
24.0314,18.2191,300
24.0378,18.5441,300
24.0451,18.1279,300
24.0566,18.8082,300
24.0569,19.0032,300
24.0579,22.9608,300
24.0580,22.1916,300
24.0623,19.0234,300
24.0624,31.2707,300
24.0660,32.4026,300
24.0666,23.5991,300
24.0721,17.2093,300
24.0740,19.2601,300
24.0759,18.8243,300
24.0764,19.0181,300
24.0809,27.5159,300
24.0932,18.6777,300
24.0932,21.2984,300
24.1041,15.6749,300
24.1053,20.3915,300
24.1117,18.9378,300
24.1122,31.1668,300
24.1181,16.3352,300
24.1240,28.5218,300
24.1240,29.7512,300
24.1281,15.2294,300
24.1294,24.2162,300
24.1343,31.4725,300
24.1369,15.5476,300
24.1370,33.9381,300
24.1422,18.8276,300
24.1473,16.7703,300
24.1483,20.4858,300
24.1551,30.6398,300
24.1557,29.4666,300
24.1569,23.4276,300
24.1719,20.0394,300
24.1720,26.3440,300
24.1731,19.5614,300
24.1737,20.5611,300
24.1748,17.2262,300
24.1748,26.3480,300
24.1812,15.9840,300
24.1813,32.4829,300
24.1923,22.0365,300
24.1933,24.2437,300
24.2012,19.8415,300
24.2047,19.2744,300
24.2131,23.0126,300
24.2132,34.5810,300
24.2213,29.5518,300
24.2213,29.5122,300
24.2224,28.1623,300
24.2240,31.8883,300
24.2245,31.9750,300
24.2281,25.7455,300
24.2282,19.5574,300
24.2304,21.3052,300
24.2306,37.5881,300
24.2315,27.7838,300
24.2315,66.7264,300
24.2329,29.2354,300
24.2338,42.5242,300
24.2349,35.2251,300
24.2401,83.6436,300
24.2455,37.8296,300
24.2496,20.5873,300
24.2496,26.7175,300
24.2642,15.5010,300
24.2721,18.8001,300
24.2791,25.4159,300
24.2792,15.5764,300
24.2864,15.2440,300
24.2876,19.8834,300
24.2933,28.0367,300
24.2934,25.9362,300
24.2934,22.3783,300
24.2941,21.6928,300
24.2946,23.9335,300
24.2947,35.3064,300
24.2974,38.2861,300
24.3011,25.3418,300
24.3037,20.8583,300
24.3087,21.2523,300
24.3117,28.3399,300
24.3152,14.4846,300
24.3276,26.9840,300
24.3315,15.1492,300
24.3416,19.4368,300
24.3422,26.7875,300
24.3444,24.6055,300
24.3481,26.2972,300
24.3501,21.4390,300
24.3545,21.1868,300
24.3630,19.2954,300
24.3684,27.7764,300
24.3686,19.7166,300
24.3727,19.4156,300
24.3739,5.2018,300
24.3755,23.6793,300
24.3865,20.9754,300
24.3871,19.8510,300
24.3981,21.6455,300
24.4030,26.2362,300
24.4098,19.4680,300
24.4208,22.3483,300
24.4247,14.7719,300
24.4355,19.7838,300
24.4357,20.8295,300
24.4529,23.4106,300
24.4563,12.9187,300
24.4602,25.7707,300
24.4680,13.3474,300
24.4712,17.8395,300
24.4719,13.9550,300
24.4772,25.1609,300
24.4802,17.0997,300
24.4819,17.8071,300
24.4880,21.7611,300
24.4885,31.1809,300
24.4933,18.5112,300
24.4964,23.2738,300
24.5012,18.5074,300
24.5050,31.1986,300
24.5056,19.7676,300
24.5112,25.5291,300
24.5126,28.6248,300
24.5177,14.9120,300
24.5242,17.8404,300
24.5281,60.6816,300
24.5309,28.3202,300
24.5311,20.3262,300
24.5327,20.6701,300
24.5358,20.3514,300
24.5389,19.7922,300
24.5438,22.6839,300
24.5439,20.2889,300
24.5584,18.7044,300
24.5585,30.2770,300
24.5598,31.6156,300
24.5678,20.1768,300
24.5707,15.7540,300
24.5860,23.1871,300
24.5884,26.5383,300
24.5884,19.4626,300
24.5890,50.6433,300
24.5897,22.3734,300
24.5949,32.3146,300
24.5950,20.7874,300
24.5961,28.5589,300
24.6010,20.0497,300
24.6011,35.9520,300
24.6058,18.0143,300
24.6115,18.2940,300
24.6142,4.5754,300
24.6152,21.8597,300
24.6173,19.7929,300
24.6174,21.7950,300
24.6183,28.2157,300
24.6244,32.4474,300
24.6283,18.1938,300
24.6285,24.5254,300
24.6293,23.7148,300
24.6332,19.7936,300
24.6381,24.9552,300
24.6429,24.6031,300
24.6435,27.8757,300
24.6479,20.5397,300
24.6494,19.1729,300
24.6518,16.8521,300
24.6557,18.3905,300
24.6558,21.0524,300
24.6558,18.5952,300
24.6569,25.5987,300
24.6587,25.4242,300
24.6622,30.7076,300
24.6682,18.1008,300
24.6728,17.8878,300
24.6764,21.7338,300
24.6770,21.2250,300
24.6807,17.3409,300
24.6859,16.3096,300
24.6884,19.7871,300
24.6889,19.0469,300
24.6902,33.2590,300
24.6961,19.3048,300
24.6962,23.3098,300
24.6985,33.1288,300
24.7009,30.3452,300
24.7048,33.5040,300
24.7049,21.2672,300
24.7070,16.7397,300
24.7109,27.5340,300
24.7110,25.6618,300
24.7168,17.1370,300
24.7169,19.1355,300
24.7186,33.9771,300
24.7228,15.7610,300
24.7418,20.0668,300
24.7419,30.6256,300
24.7428,30.0903,300
24.7567,27.6322,300
24.7567,19.2383,300
24.7583,16.0182,300
24.7609,23.6041,300
24.7610,30.2262,300
24.7613,29.1924,300
24.7665,21.9242,300
24.7675,36.0676,300
24.7707,25.2624,300
24.7718,18.6731,300
24.7725,22.7526,300
24.7740,20.4108,300
24.7752,60.1530,300
24.7763,21.3910,300
24.7804,36.5768,300
24.7814,9.7514,300
24.7833,38.8728,300
24.7910,30.0426,300
24.7910,29.9900,300
24.7933,23.6623,300
24.7935,23.5237,300
24.7952,23.5846,300
24.7952,25.7894,300
24.7962,24.8213,300
24.8001,26.0790,300
24.8044,33.5362,300
24.8072,29.7167,300
24.8137,30.0383,300
24.8138,30.7658,300
24.8167,31.9955,300
24.8169,23.8049,300
24.8184,23.7215,300
24.8199,23.7872,300
24.8219,30.2282,300
24.8241,27.1965,300
24.8260,23.6534,300
24.8337,24.2072,300
24.8351,28.5284,300
24.8353,14.6151,300
24.8399,26.7970,300
24.8421,21.6056,300
24.8458,18.4500,300
24.8543,19.4483,300
24.8567,19.6562,300
24.8567,22.5049,300
24.8596,20.3293,300
24.8627,18.3086,300
24.8658,18.3230,300
24.8685,17.8522,300
24.8720,16.9140,300
24.8756,16.2185,300
24.8792,17.9679,300
24.8821,31.0091,300
24.8846,29.0825,300
24.8897,28.7256,300
24.8926,34.4278,300
24.8928,20.8857,300
24.9010,18.2865,300
24.9039,33.4327,300
24.9040,26.8276,300
24.9103,20.5981,300
24.9137,17.8294,300
24.9172,20.1750,300
24.9185,22.9528,300
24.9220,18.7586,300
24.9330,26.2861,300
24.9366,17.8003,300
24.9367,19.6762,300
24.9480,13.0680,300
24.9481,19.2395,300
24.9486,21.8106,300
24.9544,12.5180,300
24.9632,23.4192,300
24.9652,20.9696,300
24.9691,23.4045,300
24.9691,20.3475,300
24.9720,17.4778,300
24.9821,21.1210,300
24.9883,12.0580,300
24.9973,5.9328,300
24.9987,63.1737,300
25.0019,21.1938,300
25.0020,20.5577,300
25.0033,33.6165,300
25.0033,31.5755,300
25.0093,22.3192,300
25.0106,18.3749,300
25.0122,21.8036,300
25.0151,25.0031,300
25.0215,18.5947,300
25.0272,18.0313,300
25.0301,22.0386,300
25.0340,18.1626,300
25.0346,23.8994,300
25.0394,18.1370,300
25.0395,27.2792,300
25.0514,18.9285,300
25.0579,29.9153,300
25.0644,13.2788,300
25.0646,23.1871,300
25.0694,19.9672,300
25.0697,18.0977,300
25.0755,24.4104,300
25.0759,19.8336,300
25.0894,16.9605,300
25.0897,31.0725,300
25.0917,14.6653,300
25.0946,27.9846,300
25.0947,19.5973,300
25.0984,20.2894,300
25.1000,20.7278,300
25.1025,23.7983,300
25.1046,18.6238,300
25.1076,23.7625,300
25.1076,27.9913,300
25.1107,57.4867,300
25.1108,20.5401,300
25.1108,30.3463,300
25.1112,28.9173,300
25.1142,25.9093,300
25.1144,21.6856,300
25.1171,28.9950,300
25.1174,30.9937,300
25.1186,33.1335,300
25.1396,16.3537,300
25.1398,21.4114,300
25.1449,17.2608,300
25.1471,17.6690,300
25.1471,21.1152,300
25.1518,18.6082,300
25.1528,26.7679,300
25.1550,24.6796,300
25.1570,18.6892,300
25.1601,16.6778,300
25.1612,23.2033,300
25.1638,23.2768,300
25.1657,22.1870,300
25.1658,34.1200,300
25.1758,17.8630,300
25.1789,17.0324,300
25.1869,24.0110,300
25.1910,22.1207,300
25.1949,26.0390,300
25.1969,22.8553,300
25.1989,17.5141,300
25.2030,17.3021,300
25.2059,17.5545,300
25.2086,24.1634,300
25.2094,19.2833,300
25.2111,19.7474,300
25.2197,26.8692,300
25.2198,19.6843,300
25.2236,50.2580,300
25.2236,22.9481,300
25.2261,20.2190,300
25.2350,18.7250,300
25.2370,15.1387,300
25.2457,18.0684,300
25.2464,31.4077,300
25.2464,20.4319,300
25.2480,34.3832,300
25.2573,16.9988,300
25.2700,14.9134,300
25.2732,19.9842,300
25.2769,27.5893,300
25.2769,22.1226,300
25.2778,21.2017,300
25.2807,18.7845,300
25.2809,28.5599,300
25.2838,32.8852,300
25.2885,18.2314,300
25.2915,15.3024,300
25.2979,23.3779,300
25.2999,16.8215,300
25.3017,16.4563,300
25.3040,27.3147,300
25.3135,17.2128,300
25.3153,26.5908,300
25.3160,19.0434,300
25.3272,18.1650,300
25.3273,18.0266,300
25.3291,23.9596,300
25.3311,21.7395,300
25.3312,34.8094,300
25.3360,16.8433,300
25.3405,25.4673,300
25.3463,32.2366,300
25.3468,22.5490,300
25.3493,16.3496,300
25.3502,18.4067,300
25.3542,32.1562,300
25.3560,19.9824,300
25.3561,19.8458,300
25.3633,28.0169,300
25.3721,22.7652,300
25.3725,19.0007,300
25.3754,18.8653,300
25.3884,18.3222,300
25.3885,13.3949,300
25.3887,23.0130,300
25.3948,17.5139,300
25.4007,18.0005,300
25.4056,17.5914,300
25.4067,11.3122,300
25.4070,30.8186,300
25.4164,20.4268,300
25.4165,24.4950,300
25.4187,19.3793,300
25.4213,24.1969,300
25.4217,20.8318,300
25.4252,29.1474,300
25.4272,19.5357,300
25.4321,15.2466,300
25.4369,20.2469,300
25.4379,19.2585,300
25.4399,19.0284,300
25.4400,20.2194,300
25.4407,22.3739,300
25.4530,29.6771,300
25.4558,33.3756,300
25.4562,19.0960,300
25.4590,16.8705,300
25.4621,18.8115,300
25.4647,17.9999,300
25.4668,27.6292,300
25.4676,24.9239,300
25.4726,19.8485,300
25.4738,20.6023,300
25.4739,20.5148,300
25.4801,28.7266,300
25.4817,22.4365,300
25.4856,53.3247,300
25.4915,24.7022,300
25.4980,16.3145,300
25.4982,20.0433,300
25.5011,27.9233,300
25.5031,24.3279,300
25.5132,19.6548,300
25.5145,30.8103,300
25.5263,18.9511,300
25.5276,24.1088,300
25.5321,17.0932,300
25.5322,23.6991,300
25.5444,16.8331,300
25.5444,20.3976,300
25.5623,24.6727,300
25.5663,24.8723,300
25.5696,17.9073,300
25.5736,33.5601,300
25.5743,16.0177,300
25.5774,15.5925,300
25.5844,22.6916,300
25.5863,18.5023,300
25.5895,20.0335,300
25.5896,19.9239,300
25.5980,21.2041,300
25.5989,22.2772,300
25.6010,20.8488,300
25.6083,27.6890,300
25.6157,18.2042,300
25.6255,19.5186,300
25.6268,27.7024,300
25.6322,19.2428,300
25.6327,31.7646,300
25.6352,23.7821,300
25.6383,25.2649,300
25.6384,25.6662,300
25.6396,22.4353,300
25.6471,18.9210,300
25.6515,18.5198,300
25.6516,29.7270,300
25.6537,18.7759,300
25.6538,22.6957,300
25.6627,29.6345,300
25.6688,25.0742,300
25.6718,15.2880,300
25.6762,21.5393,300
25.6823,17.9591,300
25.6824,66.0465,300
25.6824,59.6221,300
25.6866,22.2504,300
25.6919,31.7041,300
25.6921,22.1790,300
25.6933,25.0096,300
25.6962,20.9668,300
25.6988,19.0238,300
25.7040,16.5741,300
25.7042,27.2021,300
25.7126,18.9155,300
25.7186,20.5154,300
25.7196,11.8961,300
25.7223,21.9495,300
25.7225,17.2563,300
25.7275,20.7366,300
25.7276,20.4357,300
25.7333,12.3717,300
25.7363,19.3579,300
25.7395,18.8645,300
25.7414,17.0737,300
25.7432,17.6437,300
25.7479,28.9065,300
25.7601,18.2044,300
25.7704,20.4004,300
25.7704,22.4211,300
25.7733,29.7959,300
25.7764,20.4496,300
25.7811,24.8503,300
25.7812,34.0591,300
25.7822,30.5310,300
25.7840,24.8393,300
25.7889,26.4072,300
25.7962,23.8901,300
25.7992,17.0778,300
25.8011,15.9977,300
25.8056,17.5006,300
25.8086,24.7876,300
25.8145,18.8540,300
25.8160,17.3482,300
25.8169,28.7470,300
25.8230,24.8706,300
25.8240,23.8054,300
25.8273,16.9041,300
25.8280,19.0755,300
25.8332,21.3013,300
25.8432,18.9194,300
25.8454,23.5852,300
25.8471,31.2424,300
25.8498,3.9433,300
25.8528,22.1308,300
25.8535,19.2895,300
25.8557,17.1428,300
25.8576,19.6539,300
25.8618,25.0810,300
25.8639,31.9781,300
25.8648,24.4164,300
25.8714,18.8082,300
25.8729,18.2766,300
25.8735,20.7273,300
25.8771,27.7392,300
25.8775,17.7764,300
25.8852,4.6308,300
25.8853,12.8727,300
25.8883,27.2191,300
25.8928,18.2137,300
25.8941,24.5735,300
25.8972,24.1474,300
25.8983,20.4159,300
25.9008,17.2677,300
25.9046,20.9251,300
25.9047,34.1541,300
25.9055,22.3035,300
25.9100,22.0669,300
25.9101,28.1901,300
25.9113,24.2770,300
25.9182,33.4469,300
25.9202,28.7671,300
25.9218,27.1522,300
25.9278,18.4190,300
25.9313,23.1475,300
25.9340,27.9670,300
25.9370,15.3004,300
25.9399,19.4033,300
25.9411,20.2768,300
25.9439,18.9318,300
25.9538,21.9631,300
25.9575,22.4753,300
25.9576,21.6606,300
25.9593,24.8526,300
25.9601,23.0537,300
25.9610,31.6493,300
25.9629,34.1416,300
25.9652,22.0250,300
25.9692,21.5302,300
25.9740,19.3698,300
25.9742,22.8295,300
25.9834,18.9864,300
25.9834,17.1745,300
25.9858,17.4020,300
25.9947,27.1529,300
25.9953,19.0799,300
26.0008,14.4725,300
26.0047,20.0456,300
26.0064,29.7292,300
26.0106,30.8780,300
26.0114,18.1516,300
26.0125,23.0655,300
26.0167,30.3351,300
26.0168,21.9148,300
26.0168,21.9021,300
26.0188,26.6789,300
26.0217,31.7383,300
26.0265,30.4438,300
26.0353,23.3753,300
26.0383,18.5698,300
26.0390,25.6691,300
26.0434,26.2379,300
26.0434,14.2110,300
26.0466,25.4449,300
26.0467,22.9217,300
26.0486,34.9003,300
26.0506,20.9897,300
26.0556,24.6084,300
26.0556,20.0370,300
26.0560,37.1619,300
26.0561,24.6833,300
26.0578,25.0584,300
26.0579,32.3983,300
26.0607,23.7935,300
26.0648,22.4777,300
26.0676,31.2272,300
26.0863,16.7328,300
26.0863,20.6706,300
26.0872,25.8925,300
26.0892,18.6771,300
26.0939,17.9920,300
26.0959,14.9053,300
26.0967,26.7957,300
26.1034,24.0345,300
26.1074,26.9226,300
26.1075,15.9569,300
26.1116,26.5659,300
26.1147,17.7272,300
26.1182,19.9630,300
26.1187,30.2233,300
26.1191,29.8109,300
26.1221,19.7975,300
26.1222,19.7371,300
26.1253,20.5205,300
26.1266,22.2797,300
26.1277,25.4519,300
26.1287,27.3260,300
26.1313,22.3297,300
26.1327,25.5590,300
26.1372,28.8324,300
26.1507,27.6201,300
26.1507,30.1537,300
26.1548,19.7174,300
26.1570,14.6782,300
26.1599,18.3781,300
26.1649,16.0198,300
26.1709,18.6633,300
26.1738,26.7440,300
26.1738,21.0033,300
26.1794,18.5032,300
26.1833,19.2420,300
26.1949,26.1287,300
26.2058,18.7337,300
26.2065,26.4886,300
26.2072,30.7213,300
26.2072,26.7694,300
26.2098,30.1001,300
26.2105,37.3814,300
26.2106,24.6723,300
26.2115,26.4710,300
26.2116,33.3217,300
26.2150,28.1215,300
26.2201,24.8205,300
26.2201,27.6993,300
26.2202,28.7074,300
26.2316,28.4781,300
26.2326,17.2093,300
26.2385,19.3937,300
26.2385,23.7497,300
26.2444,21.1859,300
26.2452,30.8876,300
26.2462,28.8407,300
26.2483,30.8779,300
26.2512,31.1111,300
26.2539,17.0469,300
26.2539,21.1533,300
26.2540,22.8528,300
26.2540,28.5303,300
26.2615,31.5290,300
26.2646,34.2559,300
26.2661,16.3794,300
26.2684,18.9143,300
26.2685,30.4126,300
26.2702,19.9387,300
26.2703,23.9545,300
26.2754,35.1190,300
26.2754,18.2365,300
26.2805,32.8384,300
26.2811,32.2602,300
26.2812,21.8539,300
26.2824,34.8915,300
26.2922,23.3129,300
26.2960,19.5483,300
26.3042,24.2573,300
26.3072,19.0807,300
26.3095,21.8395,300
26.3183,10.0286,300
26.3192,28.6401,300
26.3195,6.9064,300
26.3224,20.1793,300
26.3232,31.6026,300
26.3255,25.7447,300
26.3256,16.6617,300
26.3268,24.5394,300
26.3307,17.0584,300
26.3319,23.3000,300
26.3341,24.2764,300
26.3398,20.9847,300
26.3398,18.1667,300
26.3404,22.8238,300
26.3470,22.3974,300
26.3500,32.5331,300
26.3507,23.7491,300
26.3547,16.6519,300
26.3569,17.5724,300
26.3570,19.2807,300
26.3839,25.0088,300
26.3906,26.9963,300
26.3935,29.3337,300
26.4018,16.2938,300
26.4020,20.2592,300
26.4077,20.7171,300
26.4078,20.5640,300
26.4135,18.7071,300
26.4136,19.7609,300
26.4146,21.6710,300
26.4196,19.5465,300
26.4209,28.2064,300
26.4221,16.9531,300
26.4252,20.7954,300
26.4271,21.9522,300
26.4315,18.8560,300
26.4350,14.6534,300
26.4382,19.7384,300
26.4396,43.5229,300
26.4406,19.5097,300
26.4439,49.5526,300
26.4440,23.9152,300
26.4457,22.2001,300
26.4537,24.8508,300
26.4589,17.5860,300
26.4629,25.6912,300
26.4699,17.7178,300
26.4747,29.5901,300
26.4749,19.6033,300
26.4808,21.1232,300
26.4829,19.0268,300
26.4837,25.2996,300
26.4922,19.2424,300
26.4964,23.3011,300
26.4964,19.9355,300
26.5032,25.0920,300
26.5153,19.7517,300
26.5295,18.1459,300
26.5334,18.6189,300
26.5371,19.5259,300
26.5381,18.1592,300
26.5400,22.9592,300
26.5402,27.1317,300
26.5417,31.4829,300
26.5441,19.4709,300
26.5462,19.6872,300
26.5475,78.3363,300
26.5519,18.9720,300
26.5558,17.9950,300
26.5582,28.6361,300
26.5611,18.4170,300
26.5688,18.0123,300
26.5720,27.3315,300
26.5739,18.1327,300
26.5747,34.3452,300
26.5748,30.9441,300
26.5820,24.4748,300
26.6092,13.1213,300
26.6198,22.8628,300
26.6213,14.3027,300
26.6278,22.7864,300
26.6378,18.5601,300
26.6384,20.5659,300
26.6448,16.6245,300
26.6462,19.7913,300
26.6495,30.8607,300
26.6576,26.9012,300
26.6578,22.6317,300
26.6634,21.1038,300
26.6674,27.0167,300
26.6675,31.4144,300
26.6706,16.7767,300
26.6707,20.9248,300
26.6717,24.5346,300
26.6747,20.9841,300
26.6832,30.6538,300
26.6859,5.2209,300
26.6899,20.9059,300
26.6929,17.5629,300
26.6943,25.8152,300
26.6961,14.1013,300
26.6977,17.9852,300
26.7007,19.4129,300
26.7018,29.4746,300
26.7072,20.9091,300
26.7083,20.4861,300
26.7241,22.7841,300
26.7279,22.3074,300
26.7280,14.8936,300
26.7378,22.7129,300
26.7391,18.3031,300
26.7400,17.3886,300
26.7426,32.1102,300
26.7529,14.7917,300
26.7529,20.7482,300
26.7532,21.5637,300
26.7593,20.6003,300
26.7702,23.5447,300
26.7704,20.7233,300
26.7712,19.8989,300
26.7718,34.1302,300
26.7736,30.2850,300
26.7744,27.1063,300
26.7781,19.8633,300
26.7832,26.4495,300
26.7922,18.4245,300
26.7991,19.6909,300
26.7999,29.4294,300
26.8141,18.8643,300
26.8180,27.3792,300
26.8219,19.2127,300
26.8285,31.6280,300
26.8322,15.5233,300
26.8467,19.6102,300
26.8494,34.0738,300
26.8614,25.0104,300
26.8616,28.6704,300
26.8617,20.2313,300
26.8682,21.7078,300
26.8684,21.5659,300
26.8697,32.6470,300
26.8751,17.5754,300
26.8780,17.8570,300
26.8850,19.0865,300
26.8851,24.2768,300
26.8897,16.9944,300
26.8898,16.9697,300
26.8946,25.7601,300
26.8963,19.8683,300
26.8984,25.8248,300
26.8986,24.2930,300
26.9053,18.0620,300
26.9064,26.2138,300
26.9086,28.3817,300
26.9100,27.5989,300
26.9105,27.7023,300
26.9132,19.4073,300
26.9159,20.3908,300
26.9204,18.0906,300
26.9214,17.1033,300
26.9224,21.5536,300
26.9318,18.9797,300
26.9409,30.8066,300
26.9430,23.5956,300
26.9430,35.8243,300
26.9430,25.9442,300
26.9442,25.8268,300
26.9467,24.5697,300
26.9473,33.7851,300
26.9491,24.7085,300
26.9528,31.8208,300
26.9577,27.9159,300
26.9680,17.6432,300
26.9686,19.3984,300
26.9697,19.1293,300
26.9770,17.8804,300
26.9799,15.5353,300
26.9810,17.6524,300
26.9817,20.6329,300
26.9845,26.5885,300
26.9867,12.9997,300
26.9880,19.8857,300
26.9917,22.7139,300
26.9922,16.6153,300
26.9935,14.3307,300
26.9949,22.4532,300
26.9955,21.0055,300
26.9967,19.1939,300
27.0063,23.1162,300
27.0121,29.6474,300
27.0140,31.4903,300
27.0242,29.9919,300
27.0253,16.4243,300
27.0254,22.2112,300
27.0280,24.3707,300
27.0347,21.7697,300
27.0359,20.5084,300
27.0420,23.6661,300
27.0506,18.6366,300
27.0508,18.0458,300
27.0523,20.5219,300
27.0564,18.5314,300
27.0592,18.1993,300
27.0687,24.6074,300
27.0716,26.9981,300
27.0735,17.3770,300
27.0737,17.2596,300
27.0742,32.4250,300
27.0765,21.4046,300
27.0833,10.1725,300
27.0879,16.8297,300
27.0924,18.3822,300
27.0924,20.2645,300
27.0934,21.9806,300
27.0934,34.6391,300
27.1018,20.8141,300
27.1069,15.7406,300
27.1069,27.9978,300
27.1080,19.5765,300
27.1146,16.4703,300
27.1170,23.0300,300
27.1194,33.4014,300
27.1259,18.7054,300
27.1261,20.8408,300
27.1270,19.7219,300
27.1300,24.7200,300
27.1391,18.4246,300
27.1391,21.2809,300
27.1466,26.9100,300
27.1517,17.5279,300
27.1587,22.6184,300
27.1701,25.9329,300
27.1721,18.4718,300
27.1731,24.3177,300
27.1761,19.9857,300
27.1787,17.3493,300
27.1818,19.5281,300
27.1837,17.6303,300
27.1887,17.3849,300
27.1897,30.6771,300
27.1949,21.3845,300
27.1950,22.5442,300
27.2001,32.6110,300
27.2007,31.6551,300
27.2040,23.9075,300
27.2041,20.6511,300
27.2135,18.8124,300
27.2165,19.4026,300
27.2234,25.1012,300
27.2253,28.5185,300
27.2277,21.8492,300
27.2313,29.0912,300
27.2319,24.3087,300
27.2344,30.4858,300
27.2352,20.9177,300
27.2374,19.4008,300
27.2393,29.4418,300
27.2403,21.0918,300
27.2453,19.2689,300
27.2454,24.5467,300
27.2529,16.9828,300
27.2542,27.0169,300
27.2600,17.9897,300
27.2677,29.2393,300
27.2732,18.9567,300
27.2733,25.8315,300
27.2733,25.8184,300
27.2733,25.8147,300
27.2733,36.4215,300
27.2751,34.2234,300
27.2818,23.5151,300
27.2850,7.0755,300
27.2911,22.2427,300
27.2923,21.0833,300
27.2948,14.6083,300
27.2979,15.5093,300
27.3058,18.8255,300
27.3157,20.0271,300
27.3188,27.2594,300
27.3227,19.1226,300
27.3228,24.0659,300
27.3234,22.2678,300
27.3236,23.3274,300
27.3309,31.4326,300
27.3320,19.3049,300
27.3355,30.1200,300
27.3356,24.3632,300
27.3376,18.4177,300
27.3396,29.8225,300
27.3397,22.1191,300
27.3397,23.4704,300
27.3412,25.2241,300
27.3423,25.2078,300
27.3451,24.9825,300
27.3572,15.2637,300
27.3600,17.2999,300
27.3648,15.7938,300
27.3711,18.7623,300
27.3713,58.2029,300
27.3809,24.6312,300
27.3913,18.1796,300
27.3923,28.1177,300
27.3987,19.6868,300
27.3995,27.7716,300
27.4002,20.6288,300
27.4003,21.2606,300
27.4058,19.6164,300
27.4121,26.5227,300
27.4140,28.0917,300
27.4147,33.2767,300
27.4200,19.9380,300
27.4309,22.2317,300
27.4310,35.3485,300
27.4338,19.2129,300
27.4377,27.8917,300
27.4445,10.7417,300
27.4446,21.9042,300
27.4465,24.9733,300
27.4465,35.0387,300
27.4473,27.2409,300
27.4494,25.1075,300
27.4555,18.8835,300
27.4602,21.2503,300
27.4776,17.8500,300
27.4777,22.9319,300
27.4854,21.5976,300
27.4893,20.2119,300
27.4922,17.6317,300
27.4929,25.4105,300
27.4971,30.1488,300
27.4972,26.4041,300
27.4983,20.4816,300
27.5020,30.4390,300
27.5039,14.2925,300
27.5058,14.9845,300
27.5118,11.7568,300
27.5195,13.4970,300
27.5226,24.4568,300
27.5284,25.4618,300
27.5313,22.2872,300
27.5351,18.6082,300
27.5411,18.2390,300
27.5449,24.6290,300
27.5451,14.7644,300
27.5461,21.1412,300
27.5505,18.3908,300
27.5506,33.3035,300
27.5595,17.3334,300
27.5662,13.4348,300
27.5663,20.4338,300
27.5691,19.9435,300
27.5710,24.2449,300
27.5749,19.8730,300
27.5759,18.8211,300
27.5822,21.9417,300
27.5837,19.9158,300
27.5879,18.7117,300
27.5942,24.4355,300
27.5976,20.9477,300
27.5993,20.2416,300
27.6001,20.6310,300
27.6025,30.4336,300
27.6060,17.8792,300
27.6102,30.6136,300
27.6104,22.8428,300
27.6104,21.8343,300
27.6121,26.6479,300
27.6122,22.6811,300
27.6131,28.5926,300
27.6139,24.8724,300
27.6177,32.8942,300
27.6263,16.1053,300
27.6302,20.7419,300
27.6312,19.6097,300
27.6319,64.7394,300
27.6326,21.3581,300
27.6439,19.0256,300
27.6540,28.4560,300
27.6544,14.7130,300
27.6566,26.2235,300
27.6567,20.8881,300
27.6595,18.0597,300
27.6615,23.0509,300
27.6616,22.9335,300
27.6673,23.4416,300
27.6722,24.8154,300
27.6751,18.5992,300
27.6764,25.2910,300
27.6810,24.9077,300
27.6878,17.0572,300
27.6899,31.3297,300
27.6963,15.0170,300
27.6971,19.3555,300
27.7004,18.5403,300
27.7062,2.7470,300
27.7123,22.5011,300
27.7154,17.0882,300
27.7202,16.9952,300
27.7202,20.4834,300
27.7202,33.9073,300
27.7276,17.3715,300
27.7276,19.4313,300
27.7309,30.0962,300
27.7310,27.5578,300
27.7310,51.7850,300
27.7324,33.6866,300
27.7360,25.0512,300
27.7363,24.2133,300
27.7373,24.2398,300
27.7402,34.5945,300
27.7492,21.3774,300
27.7528,23.1146,300
27.7566,17.5179,300
27.7577,18.8308,300
27.7647,18.1060,300
27.7648,20.9705,300
27.7648,21.4823,300
27.7648,21.4672,300
27.7668,21.7912,300
27.7677,22.4249,300
27.7726,23.2517,300
27.7731,28.6959,300
27.7748,32.8915,300
27.7749,39.7878,300
27.7765,25.9430,300
27.7766,41.3441,300
27.7858,18.9410,300
27.7866,28.4371,300
27.7887,22.4110,300
27.7904,20.6538,300
27.7927,28.9536,300
27.7933,35.7010,300
27.7990,19.4852,300
27.8062,26.7623,300
27.8069,27.8053,300
27.8070,22.3777,300
27.8093,21.1526,300
27.8148,22.4990,300
27.8200,17.8372,300
27.8229,26.5715,300
27.8249,25.5755,300
27.8259,12.0219,300
27.8259,20.7566,300
27.8284,21.8694,300
27.8284,21.8359,300
27.8344,18.7375,300
27.8359,21.9364,300
27.8361,21.4528,300
27.8389,23.8012,300
27.8413,18.3600,300
27.8420,7.9743,300
27.8484,12.5696,300
27.8485,20.3355,300
27.8521,22.0235,300
27.8540,19.0806,300
27.8560,18.7511,300
27.8561,29.1554,300
27.8571,33.6210,300
27.8594,29.8466,300
27.8606,22.3168,300
27.8620,23.2263,300
27.8648,21.5079,300
27.8659,33.4500,300
27.8677,21.5258,300
27.8745,32.6060,300
27.8754,26.7731,300
27.8814,20.2689,300
27.8815,27.8228,300
27.8826,27.8854,300
27.8852,21.1714,300
27.8852,21.8821,300
27.8894,17.7550,300
27.9095,18.1464,300
27.9101,22.6262,300
27.9208,19.0548,300
27.9349,15.3627,300
27.9388,20.7580,300
27.9404,16.2845,300
27.9487,18.6724,300
27.9517,20.3779,300
27.9523,19.1611,300
27.9533,18.2237,300
27.9541,22.4996,300
27.9564,22.9933,300
27.9627,16.7133,300
27.9628,29.4199,300
27.9628,22.8169,300
27.9639,21.7784,300
27.9657,8.5035,300
27.9659,19.9824,300
27.9688,23.3586,300
27.9717,31.0174,300
27.9757,18.8263,300
27.9794,29.4825,300
27.9795,32.4061,300
27.9825,24.0799,300
27.9934,18.4528,300
27.9943,19.4271,300
27.9947,55.3621,300
27.9962,34.5036,300
27.9967,24.8961,300
28.0003,23.5897,300
28.0004,23.4727,300
28.0042,28.3301,300
28.0089,25.1223,300
28.0179,15.0935,300
28.0229,26.4406,300
28.0257,30.4699,300
28.0296,18.1928,300
28.0317,18.6431,300
28.0330,29.1381,300
28.0342,21.9585,300
28.0374,21.7460,300
28.0440,18.1791,300
28.0469,18.1127,300
28.0483,25.8805,300
28.0494,20.3963,300
28.0532,14.6617,300
28.0580,18.3481,300
28.0611,33.3160,300
28.0668,21.0715,300
28.0727,27.0114,300
28.0728,19.7064,300
28.0776,18.1070,300
28.0793,30.2874,300
28.0978,19.4611,300
28.0980,20.1996,300
28.0999,20.7191,300
28.1057,18.0347,300
28.1094,19.2303,300
28.1135,20.1249,300
28.1275,15.9140,300
28.1275,57.0061,300
28.1313,18.8635,300
28.1315,20.7657,300
28.1394,19.3358,300
28.1449,18.4466,300
28.1547,16.5515,300
28.1613,26.3636,300
28.1622,18.7193,300
28.1660,26.1165,300
28.1691,20.6052,300
28.1700,21.5474,300
28.1741,26.5916,300
28.1741,21.9762,300
28.1898,32.1968,300
28.1899,27.4654,300
28.1961,34.4773,300
28.2019,27.0983,300
28.2020,26.9665,300
28.2034,25.7934,300
28.2046,23.4737,300
28.2058,27.6664,300
28.2106,19.9536,300
28.2176,19.8385,300
28.2177,25.5264,300
28.2182,21.2822,300
28.2206,28.8058,300
28.2266,22.7989,300
28.2268,16.4727,300
28.2296,28.6798,300
28.2302,23.9445,300
28.2406,18.5382,300
28.2427,17.3517,300
28.2445,21.7241,300
28.2454,19.7831,300
28.2523,21.9231,300
28.2581,17.9610,300
28.2636,19.5817,300
28.2724,15.7193,300
28.2730,32.5631,300
28.2744,16.2633,300
28.2795,15.9150,300
28.2879,22.6656,300
28.2922,21.4516,300
28.2944,19.2344,300
28.3075,28.5940,300
28.3077,28.4510,300
28.3085,27.6109,300
28.3093,26.8255,300
28.3125,30.6768,300
28.3126,24.0343,300
28.3239,19.3190,300
28.3258,24.9546,300
28.3378,21.3029,300
28.3386,20.1521,300
28.3387,21.0453,300
28.3394,28.1929,300
28.3525,19.3081,300
28.3534,5.2561,300
28.3576,21.1302,300
28.3633,17.5823,300
28.3633,22.0140,300
28.3688,12.4302,300
28.3730,17.3724,300
28.3800,18.4619,300
28.3927,19.3760,300
28.4006,22.9848,300
28.4067,18.1159,300
28.4175,25.6153,300
28.4233,18.9845,300
28.4241,22.4542,300
28.4284,21.0697,300
28.4284,21.1155,300
28.4295,27.8427,300
28.4312,23.5662,300
28.4398,21.0563,300
28.4503,19.1635,300
28.4565,13.3047,300
28.4576,18.6389,300
28.4644,16.3496,300
28.4687,18.6341,300
28.4700,17.2293,300
28.4700,19.3985,300
28.4723,33.6132,300
28.4775,30.4241,300
28.4794,32.1160,300
28.4795,32.2731,300
28.4810,22.7467,300
28.4810,22.2733,300
28.4821,38.0202,300
28.4844,35.1410,300
28.4884,23.3611,300
28.4956,27.2902,300
28.4965,20.0358,300
28.5026,16.9162,300
28.5040,18.8743,300
28.5110,17.1143,300
28.5162,17.8154,300
28.5187,28.6923,300
28.5214,25.5373,300
28.5290,18.4084,300
28.5301,14.6155,300
28.5336,21.8762,300
28.5337,13.2189,300
28.5346,18.2176,300
28.5398,15.7122,300
28.5441,19.1264,300
28.5456,31.9073,300
28.5494,19.0284,300
28.5515,19.8102,300
28.5517,20.4630,300
28.5573,19.7625,300
28.5585,27.4821,300
28.5595,28.0284,300
28.5596,31.1617,300
28.5642,19.5860,300
28.5672,18.7923,300
28.5702,25.7426,300
28.5760,19.9933,300
28.5789,17.0687,300
28.5798,16.1399,300
28.5835,16.3282,300
28.5871,28.9965,300
28.5906,27.1808,300
28.5912,24.1814,300
28.5974,19.2711,300
28.5979,30.7961,300
28.5986,30.0812,300
28.6033,32.7790,300
28.6034,22.2436,300
28.6094,31.6024,300
28.6198,21.2638,300
28.6199,30.6431,300
28.6274,25.5634,300
28.6311,32.3408,300
28.6312,28.1385,300
28.6369,23.3299,300
28.6374,19.7888,300
28.6378,29.1993,300
28.6653,16.5962,300
28.6662,28.7385,300
28.6677,20.2255,300
28.6700,29.6287,300
28.6701,19.2261,300
28.6805,35.9209,300
28.6875,19.3557,300
28.6929,44.7182,300
28.6946,32.6978,300
28.6978,24.3003,300
28.7007,20.1450,300
28.7057,31.9707,300
28.7070,20.3566,300
28.7078,27.7145,300
28.7078,25.3681,300
28.7094,28.2047,300
28.7197,17.9406,300
28.7222,20.7886,300
28.7235,28.0433,300
28.7257,24.8312,300
28.7318,26.7415,300
28.7321,20.3357,300
28.7328,10.1877,300
28.7342,19.2179,300
28.7344,27.0241,300
28.7370,28.7923,300
28.7392,26.5523,300
28.7394,23.9620,300
28.7410,28.0341,300
28.7411,33.1373,300
28.7473,29.0478,300
28.7573,19.0725,300
28.7660,19.6312,300
28.7666,33.2079,300
28.7679,21.8567,300
28.7751,30.1738,300
28.7780,17.3976,300
28.7812,24.1084,300
28.7883,20.4149,300
28.7894,21.8609,300
28.8025,23.3472,300
28.8074,23.2851,300
28.8074,22.6164,300
28.8102,30.1330,300
28.8142,16.5140,300
28.8171,19.2666,300
28.8172,26.5670,300
28.8181,19.1592,300
28.8245,34.5340,300
28.8297,20.6877,300
28.8304,23.4617,300
28.8304,23.4202,300
28.8369,22.1392,300
28.8425,5.7046,300
28.8442,19.4317,300
28.8524,28.5325,300
28.8524,21.6349,300
28.8571,18.5066,300
28.8573,19.6410,300
28.8579,21.7567,300
28.8620,25.7839,300
28.8663,26.2957,300
28.8738,33.3621,300
28.8757,23.2651,300
28.8799,17.6705,300
28.8827,20.2787,300
28.8830,20.0775,300
28.8873,21.9257,300
28.8956,14.8176,300
28.9018,20.1398,300
28.9051,23.4180,300
28.9084,27.9419,300
28.9142,22.9076,300
28.9178,19.2847,300
28.9192,18.5984,300
28.9323,19.9755,300
28.9450,28.5634,300
28.9463,29.2418,300
28.9525,29.0085,300
28.9526,20.9853,300
28.9534,31.3297,300
28.9534,9.2756,300
28.9615,24.4702,300
28.9645,23.8125,300
28.9739,22.3052,300
28.9759,31.9828,300
28.9760,21.0754,300
28.9817,24.1664,300
28.9835,21.7660,300
28.9940,22.5552,300
28.9942,17.9995,300
28.9942,56.0252,300
28.9942,66.4592,300
28.9990,22.6785,300
28.9991,25.1309,300
28.9991,40.3706,300
28.9991,26.5989,300
29.0010,28.5531,300
29.0018,37.6247,300
29.0046,34.8323,300
29.0053,30.2528,300
29.0065,26.0559,300
29.0108,42.5034,300
29.0136,36.6193,300
29.0272,33.4192,300
29.0409,19.3317,300
29.0428,27.9214,300
29.0436,20.8170,300
29.0476,18.6553,300
29.0477,47.0554,300
29.0572,19.8619,300
29.0573,28.0460,300
29.0581,8.1652,300
29.0649,25.6930,300
29.0691,17.5850,300
29.0720,18.1984,300
29.0749,11.7424,300
29.0751,14.2580,300
29.0751,31.1247,300
29.0758,30.9147,300
29.0766,33.7309,300
29.0831,21.3598,300
29.0849,21.3717,300
29.0920,5.5351,300
29.0938,19.1634,300
29.1004,21.2073,300
29.1044,28.9052,300
29.1071,25.9908,300
29.1104,22.7435,300
29.1121,14.3271,300
29.1152,18.0963,300
29.1264,26.8740,300
29.1266,20.0097,300
29.1289,20.0892,300
29.1331,55.6194,300
29.1358,17.4987,300
29.1360,17.3240,300
29.1440,15.6363,300
29.1441,14.6139,300
29.1457,56.6687,300
29.1495,19.3500,300
29.1557,13.7237,300
29.1558,22.8728,300
29.1582,20.4468,300
29.1616,18.8673,300
29.1617,20.6688,300
29.1706,18.1010,300
29.1753,21.2343,300
29.1787,26.3324,300
29.1879,14.2698,300
29.1885,21.7920,300
29.1886,31.4960,300
29.1895,20.2385,300
29.1953,20.4759,300
29.2017,23.1986,300
29.2017,17.7924,300
29.2022,57.0322,300
29.2060,19.8669,300
29.2196,20.8920,300
29.2199,64.0363,300
29.2247,18.6058,300
29.2279,16.4724,300
29.2394,52.9649,300
29.2395,26.6700,300
29.2395,35.9766,300
29.2426,19.8602,300
29.2494,13.0708,300
29.2495,20.3409,300
29.2613,16.5488,300
29.2682,27.7970,300
29.2683,18.1941,300
29.2703,24.5887,300
29.2756,19.7007,300
29.2757,19.6281,300
29.2761,22.1171,300
29.2798,20.9162,300
29.2806,20.1609,300
29.2807,37.4626,300
29.2901,20.7848,300
29.2910,30.2356,300
29.2997,11.6405,300
29.3004,17.6198,300
29.3009,30.6219,300
29.3010,26.0217,300
29.3053,20.8167,300
29.3082,22.9290,300
29.3083,16.7935,300
29.3098,20.2604,300
29.3099,24.8656,300
29.3140,33.3110,300
29.3172,22.4772,300
29.3183,24.2779,300
29.3187,23.8493,300
29.3195,24.2163,300
29.3252,25.7087,300
29.3296,23.5144,300
29.3318,18.7179,300
29.3383,18.1724,300
29.3384,21.1535,300
29.3416,21.6239,300
29.3417,21.5440,300
29.3508,28.1299,300
29.3645,19.0347,300
29.3682,19.4736,300
29.3683,26.2914,300
29.3683,22.0676,300
29.3696,32.9004,300
29.3782,10.6069,300
29.3810,20.0623,300
29.3861,19.3758,300
29.3862,23.2624,300
29.3890,23.8562,300
29.3893,21.5366,300
29.3920,25.6850,300
29.3930,21.7715,300
29.3936,23.8309,300
29.3951,23.3997,300
29.4001,23.7324,300
29.4009,21.1188,300
29.4058,25.2756,300
29.4084,16.3618,300
29.4157,19.1076,300
29.4167,22.1661,300
29.4210,18.7330,300
29.4215,21.9225,300
29.4218,21.6306,300
29.4239,22.2691,300
29.4288,20.3803,300
29.4420,18.6279,300
29.4428,52.2444,300
29.4492,18.2692,300
29.4581,18.8759,300
29.4598,30.8359,300
29.4660,21.5002,300
29.4689,18.6848,300
29.4728,17.8768,300
29.4728,7.9520,300
29.4796,17.4441,300
29.4796,19.6950,300
29.4827,22.1406,300
29.4855,16.9625,300
29.4872,24.8691,300
29.4941,18.6736,300
29.4961,31.5408,300
29.4970,20.0025,300
29.5126,14.5097,300
29.5226,29.0313,300
29.5243,27.3418,300
29.5253,15.2144,300
29.5262,24.6576,300
29.5295,18.5496,300
29.5311,20.5546,300
29.5340,21.4611,300
29.5346,35.5064,300
29.5396,21.8689,300
29.5431,4.2235,300
29.5440,27.9950,300
29.5450,21.6109,300
29.5480,31.8275,300
29.5481,23.0691,300
29.5542,23.6886,300
29.5624,17.7748,300
29.5625,20.1162,300
29.5630,17.2131,300
29.5683,29.3599,300
29.5684,17.1411,300
29.5684,31.7837,300
29.5684,35.5121,300
29.5684,29.2144,300
29.5701,35.1700,300
29.5732,33.8282,300
29.5761,29.1926,300
29.5762,28.3265,300
29.5762,31.9820,300
29.5770,30.0024,300
29.5775,38.7849,300
29.5823,25.9036,300
29.5906,29.1195,300
29.5930,23.3356,300
29.5961,24.8753,300
29.5997,20.0056,300
29.5999,21.9969,300
29.6000,25.4694,300
29.6025,22.9941,300
29.6060,30.9085,300
29.6076,29.9479,300
29.6094,23.7698,300
29.6106,23.6763,300
29.6149,27.3295,300
29.6176,23.4202,300
29.6289,18.2436,300
29.6291,20.5701,300
29.6291,33.4801,300
29.6365,26.0351,300
29.6397,15.6567,300
29.6404,28.9975,300
29.6493,18.7611,300
29.6500,17.3085,300
29.6543,25.2962,300
29.6544,28.6250,300
29.6587,13.1659,300
29.6604,14.6369,300
29.6614,27.1569,300
29.6657,25.8570,300
29.6671,15.2964,300
29.6739,18.3780,300
29.6765,26.8457,300
29.6766,26.0942,300
29.6782,20.5730,300
29.6794,26.6113,300
29.6800,20.1003,300
29.6804,38.4365,300
29.6841,23.0592,300
29.6934,20.5727,300
29.6975,19.7730,300
29.6975,34.0493,300
29.7050,19.9533,300
29.7096,21.3835,300
29.7097,21.2430,300
29.7167,18.9905,300
29.7174,27.8922,300
29.7183,33.4799,300
29.7206,22.4063,300
29.7252,5.0360,300
29.7287,18.3336,300
29.7288,35.5728,300
29.7348,18.2524,300
29.7403,31.1323,300
29.7460,26.3520,300
29.7473,22.5526,300
29.7602,19.5851,300
29.7644,17.6687,300
29.7657,25.5006,300
29.7748,20.3846,300
29.7821,21.3796,300
29.7852,17.0697,300
29.7862,18.0476,300
29.7900,25.7807,300
29.7906,22.3566,300
29.7939,21.8993,300
29.7946,18.3860,300
29.8043,22.1783,300
29.8066,24.2437,300
29.8068,24.0989,300
29.8081,24.7628,300
29.8092,22.6630,300
29.8092,24.3299,300
29.8096,32.4905,300
29.8115,38.6713,300
29.8158,34.3408,300
29.8223,19.7314,300
29.8322,12.7000,300
29.8375,18.7313,300
29.8386,50.5801,300
29.8537,23.4692,300
29.8563,20.8897,300
29.8699,33.0388,300
29.8700,25.2679,300
29.8708,29.4270,300
29.8765,39.9819,300
29.8782,21.4596,300
29.8821,21.5358,300
29.8870,13.2608,300
29.8939,18.6496,300
29.8968,24.2476,300
29.8969,31.2522,300
29.8979,23.1762,300
29.9018,14.6582,300
29.9028,20.1142,300
29.9076,30.7703,300
29.9108,18.5106,300
29.9110,22.9742,300
29.9116,30.0787,300
29.9151,33.0839,300
29.9211,17.6326,300
29.9257,26.3439,300
29.9286,17.6732,300
29.9325,24.8744,300
29.9330,19.8800,300
29.9337,28.4910,300
29.9338,20.3422,300
29.9404,21.8707,300
29.9405,16.9196,300
29.9525,19.0262,300
29.9537,34.2303,300
29.9538,18.8045,300
29.9562,23.7645,300
29.9562,24.2603,300
29.9621,32.6385,300
29.9704,17.4946,300
29.9717,16.2766,300
29.9717,23.0415,300
29.9736,24.2169,300
29.9777,19.5153,300
29.9788,29.5437,300
29.9819,19.1729,300
29.9820,26.9486,300
29.9926,27.4645,300
29.9987,21.3903,300
30.0036,17.0541,300
30.0037,29.5791,300
30.0086,29.4379,300
30.0155,22.5456,300
30.0193,18.7807,300
30.0194,29.1114,300
30.0212,29.6445,300
30.0245,19.0313,300
30.0247,23.7995,300
30.0247,21.7168,300
30.0278,30.7654,300
30.0279,26.4042,300
30.0297,26.3581,300
30.0415,17.1155,300
30.0493,15.1823,300
30.0572,19.2320,300
30.0627,19.6040,300
30.0784,18.2063,300
30.0818,26.7996,300
30.0900,21.7012,300
30.0901,21.5747,300
30.0942,30.5229,300
30.0955,19.8001,300
30.1034,22.2264,300
30.1036,19.6879,300
30.1036,22.9155,300
30.1076,24.9448,300
30.1134,23.5931,300
30.1144,23.6664,300
30.1172,51.2626,300
30.1172,25.3356,300
30.1177,24.9189,300
30.1231,24.3711,300
30.1231,34.7626,300
30.1255,6.9801,300
30.1369,20.9379,300
30.1379,52.9871,300
30.1379,30.2155,300
30.1420,20.3368,300
30.1442,24.2173,300
30.1456,20.2975,300
30.1604,4.0348,300
30.1632,22.0759,300
30.1639,24.6539,300
30.1641,28.0691,300
30.1704,16.3985,300
30.1743,12.9824,300
30.1792,13.4903,300
30.1809,23.7787,300
30.1809,20.8078,300
30.1849,19.7454,300
30.2006,21.4359,300
30.2035,23.6805,300
30.2035,21.3323,300
30.2085,15.8388,300
30.2087,20.6784,300
30.2114,19.1099,300
30.2180,16.5004,300
30.2181,44.4121,300
30.2289,27.3408,300
30.2297,20.1354,300
30.2321,20.5520,300
30.2322,21.0135,300
30.2410,19.9964,300
30.2411,27.9389,300
30.2412,20.8912,300
30.2412,24.5533,300
30.2413,24.9443,300
30.2413,37.9425,300
30.2424,29.6844,300
30.2487,24.3245,300
30.2521,55.9117,300
30.2535,29.3593,300
30.2573,29.4214,300
30.2576,28.3658,300
30.2581,33.9428,300
30.2590,26.9231,300
30.2643,30.7574,300
30.2646,32.0086,300
30.2704,24.6533,300
30.2717,6.9552,300
30.2745,21.3704,300
30.2764,18.7125,300
30.2777,21.1426,300
30.2852,16.3351,300
30.2899,18.1427,300
30.2904,17.6924,300
30.2904,21.1440,300
30.2913,26.1469,300
30.2916,32.7751,300
30.2917,27.2889,300
30.2943,33.2209,300
30.2957,28.7118,300
30.2961,27.1741,300
30.3010,23.5800,300
30.3060,27.4641,300
30.3076,22.5064,300
30.3077,34.9096,300
30.3110,23.1940,300
30.3146,21.8233,300
30.3239,27.6689,300
30.3268,18.7118,300
30.3288,12.7947,300
30.3289,29.3614,300
30.3319,22.7630,300
30.3320,35.1165,300
30.3329,34.2269,300
30.3406,19.3747,300
30.3419,16.8657,300
30.3420,32.0012,300
30.3449,19.6492,300
30.3566,28.3889,300
30.3594,25.0802,300
30.3659,18.5746,300
30.3685,19.2674,300
30.3715,16.3049,300
30.3740,28.5450,300
30.3763,17.1961,300
30.3889,22.8434,300
30.3918,22.4857,300
30.3930,17.3494,300
30.3967,21.4008,300
30.3978,19.7050,300
30.4055,23.1229,300
30.4056,20.6262,300
30.4097,20.9373,300
30.4097,30.5337,300
30.4105,22.8721,300
30.4249,27.6653,300
30.4301,17.2769,300
30.4360,18.2050,300
30.4383,18.5929,300
30.4422,25.4760,300
30.4482,19.9665,300
30.4519,19.1011,300
30.4531,22.6954,300
30.4551,18.5187,300
30.4565,19.8009,300
30.4565,19.2515,300
30.4591,22.0435,300
30.4592,19.5123,300
30.4593,25.2408,300
30.4593,25.2401,300
30.4600,27.8514,300
30.4699,20.3427,300
30.4699,22.9704,300
30.4730,21.0428,300
30.4814,19.6763,300
30.4824,23.4144,300
30.4841,6.1488,300
30.4890,21.9124,300
30.5002,26.5837,300
30.5088,27.2418,300
30.5099,17.6194,300
30.5176,21.6523,300
30.5247,22.1266,300
30.5262,21.5117,300
30.5283,22.4123,300
30.5329,13.9085,300
30.5346,18.4026,300
30.5378,15.2133,300
30.5389,15.6426,300
30.5467,20.9610,300
30.5471,20.5804,300
30.5473,16.7150,300
30.5506,23.1200,300
30.5517,24.3898,300
30.5532,21.7719,300
30.5566,20.1049,300
30.5570,26.5450,300
30.5578,25.7803,300
30.5628,13.9236,300
30.5692,17.4812,300
30.5693,17.4270,300
30.5821,23.2845,300
30.5830,23.8525,300
30.5845,28.1764,300
30.6003,29.0805,300
30.6004,18.0557,300
30.6043,24.0822,300
30.6044,23.9298,300
30.6119,26.6984,300
30.6156,21.6670,300
30.6177,24.6288,300
30.6187,16.3337,300
30.6195,27.7302,300
30.6202,23.0898,300
30.6311,26.6535,300
30.6371,18.0336,300
30.6423,18.6472,300
30.6537,17.9010,300
30.6639,17.9872,300
30.6678,18.3169,300
30.6716,17.7300,300
30.6738,12.9258,300
30.6749,27.4758,300
30.6777,24.6796,300
30.6778,53.8654,300
30.6808,23.3193,300
30.6848,23.6674,300
30.6849,24.2434,300
30.6893,25.4871,300
30.6902,18.2112,300
30.6905,16.9129,300
30.6998,26.4256,300
30.7109,26.4152,300
30.7110,26.3174,300
30.7137,25.5358,300
30.7138,22.0929,300
30.7138,25.4455,300
30.7146,24.0385,300
30.7165,32.4502,300
30.7242,18.3571,300
30.7243,30.1293,300
30.7301,15.3252,300
30.7305,23.9227,300
30.7345,18.4343,300
30.7355,21.2945,300
30.7357,24.9579,300
30.7375,22.4827,300
30.7438,27.3650,300
30.7454,19.0475,300
30.7500,17.4248,300
30.7509,20.2894,300
30.7519,19.2598,300
30.7527,7.3061,300
30.7535,21.1871,300
30.7594,23.9243,300
30.7602,19.3420,300
30.7612,16.5716,300
30.7631,29.7868,300
30.7668,20.4222,300
30.7822,26.8453,300
30.7829,15.7859,300
30.7830,27.0423,300
30.7894,21.4178,300
30.7906,17.0650,300
30.7942,18.4331,300
30.7972,26.2121,300
30.8001,22.7738,300
30.8003,20.4861,300
30.8008,26.3681,300
30.8017,21.2116,300
30.8060,30.8685,300
30.8068,15.5486,300
30.8085,44.0692,300
30.8103,21.0688,300
30.8110,10.1019,300
30.8117,30.6322,300
30.8118,27.5670,300
30.8192,25.4522,300
30.8234,21.1112,300
30.8240,26.8100,300
30.8265,21.1812,300
30.8303,26.2756,300
30.8356,18.5703,300
30.8357,20.8842,300
30.8436,18.0622,300
30.8476,31.8308,300
30.8519,25.3367,300
30.8575,15.8196,300
30.8576,32.3248,300
30.8576,36.5431,300
30.8604,22.8152,300
30.8616,23.2999,300
30.8652,119.3965,300
30.8691,25.0097,300
30.8723,17.7090,300
30.8761,18.8632,300
30.8780,16.9853,300
30.8861,11.8619,300
30.8962,19.5469,300
30.8981,13.4512,300
30.8981,24.1584,300
30.9049,19.3590,300
30.9148,21.0308,300
30.9175,26.6191,300
30.9206,11.8911,300
30.9316,30.4538,300
30.9317,24.2141,300
30.9397,18.0637,300
30.9411,19.6250,300
30.9439,18.2048,300
30.9440,17.4646,300
30.9440,19.8083,300
30.9485,21.7669,300
30.9494,29.9623,300
30.9497,17.4991,300
30.9576,23.0267,300
30.9610,14.4253,300
30.9623,25.9818,300
30.9657,22.5055,300
30.9715,19.5094,300
30.9716,27.0876,300
30.9783,19.3395,300
30.9802,18.3415,300
30.9810,19.8067,300
30.9861,18.0257,300
30.9863,11.8729,300
30.9877,23.5108,300
30.9903,18.2709,300
30.9933,16.3863,300
30.9979,18.4051,300
30.9993,12.4262,300
31.0023,18.9813,300
31.0025,21.9385,300
31.0031,22.0832,300
31.0063,32.8281,300
31.0067,24.8105,300
31.0079,29.7328,300
31.0082,21.5665,300
31.0089,25.7555,300
31.0118,23.9366,300
31.0126,26.0804,300
31.0155,26.2580,300
31.0318,17.8403,300
31.0328,22.5790,300
31.0345,26.6995,300
31.0420,20.3654,300
31.0544,27.2732,300
31.0545,29.1907,300
31.0590,15.3927,300
31.0614,47.5644,300
31.0686,16.4541,300
31.0767,24.3717,300
31.0769,20.9306,300
31.0836,18.5647,300
31.0868,22.1851,300
31.0869,19.0902,300
31.0885,23.4979,300
31.0907,25.8616,300
31.1026,22.0673,300
31.1067,17.2526,300
31.1076,16.3321,300
31.1077,30.0809,300
31.1094,21.7138,300
31.1102,27.5386,300
31.1146,23.1447,300
31.1212,25.5270,300
31.1221,20.2204,300
31.1231,23.8089,300
31.1251,23.4503,300
31.1296,25.3871,300
31.1296,23.5568,300
31.1345,13.6577,300
31.1408,14.6536,300
31.1409,29.9870,300
31.1508,25.2506,300
31.1532,17.7301,300
31.1550,18.8554,300
31.1550,20.9814,300
31.1615,24.6749,300
31.1657,19.7944,300
31.1659,20.3327,300
31.1750,23.6180,300
31.1817,25.6235,300
31.1887,24.2578,300
31.1917,32.1506,300
31.1918,30.7550,300
31.1922,20.1487,300
31.1929,30.5962,300
31.1965,30.0194,300
31.2014,22.4240,300
31.2033,30.9413,300
31.2123,17.9952,300
31.2140,16.1890,300
31.2159,18.3175,300
31.2161,20.6273,300
31.2161,22.7662,300
31.2191,25.3275,300
31.2200,22.2907,300
31.2211,29.6282,300
31.2246,21.2936,300
31.2313,14.6097,300
31.2335,17.6610,300
31.2353,19.5585,300
31.2365,17.4249,300
31.2431,18.0617,300
31.2442,18.8537,300
31.2461,19.9752,300
31.2469,19.8073,300
31.2469,21.7908,300
31.2600,18.2210,300
31.2600,26.0871,300
31.2630,19.8248,300
31.2648,17.9869,300
31.2649,30.2229,300
31.2661,31.6337,300
31.2697,17.5298,300
31.2701,16.0226,300
31.2708,27.9220,300
31.2720,26.2577,300
31.2765,32.4740,300
31.2774,20.8788,300
31.2785,32.2432,300
31.2851,29.7194,300
31.2865,19.4599,300
31.2889,23.1021,300
31.2894,16.2726,300
31.2898,22.1004,300
31.2987,22.1470,300
31.3022,16.7146,300
31.3029,21.4631,300
31.3055,29.9339,300
31.3082,19.0720,300
31.3089,15.5244,300
31.3110,27.0508,300
31.3117,20.4935,300
31.3147,20.7461,300
31.3176,20.4517,300
31.3189,21.6813,300
31.3302,18.2952,300
31.3351,31.7239,300
31.3352,5.4299,300
31.3368,21.9446,300
31.3430,20.0520,300
31.3431,26.0601,300
31.3468,19.5399,300
31.3507,28.4454,300
31.3548,21.4870,300
31.3550,16.7533,300
31.3557,20.1669,300
31.3588,20.0422,300
31.3628,19.0288,300
31.3653,22.1841,300
31.3749,31.3525,300
31.3778,18.5340,300
31.3885,17.7458,300
31.3951,17.6336,300
31.4029,19.0599,300
31.4030,21.4278,300
31.4049,23.8862,300
31.4078,20.7921,300
31.4108,21.6027,300
31.4150,34.0972,300
31.4196,22.6999,300
31.4197,20.2402,300
31.4284,16.5164,300
31.4291,13.7905,300
31.4412,18.4771,300
31.4459,30.7372,300
31.4460,21.1233,300
31.4480,30.0661,300
31.4583,18.3141,300
31.4585,18.1363,300
31.4597,31.8531,300
31.4704,17.6956,300
31.4734,27.2646,300
31.4737,20.6253,300
31.4754,20.8085,300
31.4770,5.5921,300
31.4802,17.5917,300
31.4893,28.3773,300
31.4932,15.2503,300
31.4951,18.3640,300
31.4998,18.7294,300
31.5072,19.4278,300
31.5073,28.2224,300
31.5233,31.9096,300
31.5314,32.1631,300
31.5315,24.7842,300
31.5342,20.1014,300
31.5355,19.7107,300
31.5356,21.6068,300
31.5443,76.4690,300
31.5444,34.5769,300
31.5531,18.3085,300
31.5572,21.3619,300
31.5581,24.0764,300
31.5620,26.3758,300
31.5708,22.1706,300
31.5735,18.7742,300
31.5784,18.7488,300
31.5852,43.9937,300
31.5920,18.2614,300
31.5981,17.9680,300
31.5982,17.3447,300
31.6019,26.5892,300
31.6050,25.4001,300
31.6254,31.1472,300
31.6255,24.4271,300
31.6274,19.1131,300
31.6275,30.4989,300
31.6303,21.2846,300
31.6366,21.3131,300
31.6444,14.2021,300
31.6446,21.2898,300
31.6459,25.3358,300
31.6552,24.9353,300
31.6604,25.2176,300
31.6611,21.2795,300
31.6653,3.9359,300
31.6683,22.0487,300
31.6754,19.8101,300
31.6755,26.0829,300
31.6783,31.0727,300
31.6813,27.9737,300
31.6814,20.3485,300
31.6976,25.5907,300
31.7009,15.7135,300
31.7045,17.1781,300
31.7064,17.5181,300
31.7105,26.1955,300
31.7128,24.7655,300
31.7137,20.0090,300
31.7162,27.4009,300
31.7198,17.8146,300
31.7329,18.6383,300
31.7358,17.4891,300
31.7407,12.4121,300
31.7455,18.7300,300
31.7523,14.6532,300
31.7524,22.4877,300
31.7542,20.5719,300
31.7600,30.4665,300
31.7611,20.3499,300
31.7631,32.2769,300
31.7650,27.4030,300
31.7659,19.5579,300
31.7659,31.7066,300
31.7708,6.2963,300
31.7762,14.9134,300
31.7792,18.7839,300
31.7793,23.9185,300
31.7821,21.6529,300
31.7821,28.4489,300
31.7840,21.9937,300
31.7940,19.0288,300
31.7972,28.5979,300
31.8089,31.8104,300
31.8200,18.7903,300
31.8216,18.6276,300
31.8222,21.3121,300
31.8251,33.2853,300
31.8310,19.8874,300
31.8311,20.1784,300
31.8321,29.8134,300
31.8349,17.3151,300
31.8351,15.7464,300
31.8362,28.6587,300
31.8386,22.3439,300
31.8388,37.3222,300
31.8389,25.9749,300
31.8399,27.6940,300
31.8468,32.7646,300
31.8508,27.4098,300
31.8601,18.5178,300
31.8666,23.3359,300
31.8706,18.5910,300
31.8717,18.5610,300
31.8779,22.6079,300
31.8853,26.7047,300
31.8882,28.5214,300
31.8924,29.3945,300
31.8938,16.6825,300
31.8951,17.5083,300
31.8973,17.6760,300
31.8996,28.9224,300
31.9098,28.7571,300
31.9108,23.8957,300
31.9113,23.3471,300
31.9151,19.5583,300
31.9193,24.0123,300
31.9218,16.7461,300
31.9242,13.0609,300
31.9271,27.4551,300
31.9300,17.9846,300
31.9302,29.3660,300
31.9314,21.1163,300
31.9317,22.8515,300
31.9359,20.6495,300
31.9360,30.6411,300
31.9363,30.9473,300
31.9364,33.5602,300
31.9457,24.2794,300
31.9465,25.2004,300
31.9557,19.9489,300
31.9558,19.9580,300
31.9559,24.8977,300
31.9584,21.5682,300
31.9586,23.9590,300
31.9614,18.5885,300
31.9616,18.0311,300
31.9628,35.4962,300
31.9879,20.3393,300
31.9880,29.9879,300
31.9927,17.5545,300
31.9929,52.2962,300
31.9938,30.1499,300
32.0007,22.2364,300
32.0104,20.9301,300
32.0110,20.3515,300
32.0222,16.1538,300
32.0275,27.4229,300
32.0426,25.1846,300
32.0434,19.7134,300
32.0444,14.8542,300
32.0485,29.2717,300
32.0487,21.8126,300
32.0506,56.4162,300
32.0541,21.7337,300
32.0579,26.1259,300
32.0597,21.3100,300
32.0602,23.7889,300
32.0626,31.5548,300
32.0801,3.9885,300
32.0907,20.9374,300
32.0922,28.1885,300
32.0999,20.4879,300
32.1007,16.3564,300
32.1061,28.6039,300
32.1082,18.0497,300
32.1142,20.4689,300
32.1163,15.5477,300
32.1199,32.5603,300
32.1200,28.8897,300
32.1228,32.5169,300
32.1228,25.9935,300
32.1247,20.7030,300
32.1336,19.4076,300
32.1363,15.3611,300
32.1378,21.0578,300
32.1404,18.4732,300
32.1443,18.4943,300
32.1515,17.2443,300
32.1519,30.4815,300
32.1693,29.3432,300
32.1752,19.6066,300
32.1792,22.5202,300
32.1793,30.0924,300
32.1806,21.0427,300
32.1818,27.5912,300
32.1900,20.0318,300
32.1941,24.7209,300
32.1941,28.7880,300
32.1941,30.9435,300
32.1956,36.7723,300
32.2057,53.5304,300
32.2089,17.6764,300
32.2090,20.8728,300
32.2093,23.0757,300
32.2127,25.8942,300
32.2144,15.1826,300
32.2222,22.3953,300
32.2227,22.7363,300
32.2249,33.6998,300
32.2255,29.7346,300
32.2286,23.2859,300
32.2343,13.9893,300
32.2372,18.6332,300
32.2374,21.6839,300
32.2423,17.3433,300
32.2474,22.7820,300
32.2474,20.1164,300
32.2511,31.2127,300
32.2531,14.4349,300
32.2540,27.4945,300
32.2553,23.9350,300
32.2575,32.5237,300
32.2592,30.4000,300
32.2624,19.3498,300
32.2625,22.0375,300
32.2625,22.6585,300
32.2625,71.6702,300
32.2651,24.9036,300
32.2653,24.7846,300
32.2658,28.8781,300
32.2692,31.5299,300
32.2721,34.1169,300
32.2752,33.9646,300
32.2753,32.4561,300
32.2753,30.4944,300
32.2807,33.5200,300
32.2835,23.7123,300
32.2899,24.1336,300
32.2935,20.5540,300
32.2992,14.7270,300
32.3050,29.1882,300
32.3064,19.3395,300
32.3167,28.0347,300
32.3179,31.2422,300
32.3182,16.2290,300
32.3223,22.0457,300
32.3258,12.4643,300
32.3310,18.6880,300
32.3349,16.9782,300
32.3375,27.5680,300
32.3430,17.7453,300
32.3437,11.3316,300
32.3446,20.4680,300
32.3530,19.0884,300
32.3544,19.4778,300
32.3583,24.6698,300
32.3597,23.0396,300
32.3631,14.9421,300
32.3818,20.0383,300
32.3849,17.8934,300
32.3850,20.2675,300
32.3880,18.2958,300
32.3985,19.0232,300
32.4104,19.4937,300
32.4157,23.0455,300
32.4236,20.1497,300
32.4337,32.7038,300
32.4489,24.1196,300
32.4506,22.8633,300
32.4507,31.1197,300
32.4566,20.1450,300
32.4599,26.8282,300
32.4726,20.6318,300
32.4765,17.7279,300
32.4810,17.8096,300
32.4920,19.1909,300
32.5041,27.6359,300
32.5149,21.9081,300
32.5150,19.3542,300
32.5186,24.8621,300
32.5220,19.1319,300
32.5322,17.9167,300
32.5323,28.0599,300
32.5341,22.3644,300
32.5371,17.5469,300
32.5376,21.0433,300
32.5404,18.6904,300
32.5405,32.7691,300
32.5452,27.5270,300
32.5481,18.4157,300
32.5490,22.8595,300
32.5542,13.4793,300
32.5625,16.4207,300
32.5657,18.3872,300
32.5667,24.3448,300
32.5723,25.6807,300
32.5755,12.2528,300
32.5816,60.5251,300
32.5817,18.5625,300
32.5833,29.7778,300
32.5908,22.1677,300
32.5916,30.3098,300
32.6041,18.2003,300
32.6073,31.2470,300
32.6075,31.7500,300
32.6224,18.3423,300
32.6274,14.1907,300
32.6287,26.4864,300
32.6371,18.1527,300
32.6377,21.9500,300
32.6411,11.6391,300
32.6474,15.0688,300
32.6496,20.6160,300
32.6497,26.2289,300
32.6497,26.1939,300
32.6525,27.6066,300
32.6575,16.4235,300
32.6580,21.3775,300
32.6594,20.1128,300
32.6615,20.1995,300
32.6643,28.9822,300
32.6680,14.5262,300
32.6702,14.8369,300
32.6707,28.1925,300
32.6708,27.5425,300
32.6771,30.8966,300
32.6781,19.5597,300
32.6929,26.3563,300
32.6976,18.8954,300
32.7134,16.7342,300
32.7161,19.6012,300
32.7278,17.3161,300
32.7346,25.1337,300
32.7346,20.1656,300
32.7385,27.2222,300
32.7508,4.5200,300
32.7510,21.4093,300
32.7510,21.9789,300
32.7511,33.4021,300
32.7571,33.1589,300
32.7683,18.7490,300
32.7684,11.9673,300
32.7785,20.5138,300
32.7802,19.4944,300
32.7853,15.5545,300
32.7855,25.8644,300
32.7868,20.6170,300
32.7892,21.6072,300
32.7922,25.5003,300
32.8011,28.8928,300
32.8049,20.2303,300
32.8051,23.2402,300
32.8059,21.8790,300
32.8060,31.2897,300
32.8097,26.9829,300
32.8099,20.6686,300
32.8166,22.5069,300
32.8195,18.5453,300
32.8200,17.6513,300
32.8281,32.2750,300
32.8291,18.0660,300
32.8357,26.7688,300
32.8371,18.9127,300
32.8376,28.5752,300
32.8416,22.2462,300
32.8455,18.3195,300
32.8455,27.4228,300
32.8464,29.7855,300
32.8557,31.0106,300
32.8558,20.4372,300
32.8641,31.9342,300
32.8656,20.0650,300
32.8662,18.6995,300
32.8753,14.9667,300
32.8766,18.6544,300
32.8778,29.4890,300
32.8845,19.0588,300
32.8868,17.8623,300
32.8935,25.8633,300
32.8936,14.2438,300
32.8995,22.7913,300
32.9025,18.1239,300
32.9073,31.6678,300
32.9114,15.1826,300
32.9192,16.9464,300
32.9197,15.9581,300
32.9210,25.6152,300
32.9243,29.2965,300
32.9248,21.7918,300
32.9282,18.9075,300
32.9284,22.2925,300
32.9310,15.5176,300
32.9343,23.3857,300
32.9409,12.1750,300
32.9410,31.1800,300
32.9501,19.1844,300
32.9565,16.6377,300
32.9575,19.4255,300
32.9587,14.0837,300
32.9632,21.9977,300
32.9674,16.9090,300
32.9721,28.2354,300
32.9721,19.5605,300
32.9844,20.0170,300
32.9844,24.5595,300
32.9844,23.8912,300
32.9856,21.2866,300
32.9884,25.4868,300
32.9897,31.3388,300
32.9933,20.5823,300
32.9962,13.3964,300
32.9994,23.7402,300
32.9996,21.4818,300
33.0010,29.5486,300
33.0017,22.2732,300
33.0027,25.3561,300
33.0109,17.3391,300
33.0109,17.3965,300
33.0152,17.6601,300
33.0227,29.2600,300
33.0372,18.4248,300
33.0399,20.3629,300
33.0514,22.4361,300
33.0542,18.8688,300
33.0542,20.4580,300
33.0610,18.7498,300
33.0665,22.0320,300
33.0666,21.8698,300
33.0670,27.3520,300
33.0733,18.6511,300
33.0814,10.9357,300
33.0815,19.5738,300
33.0889,17.3848,300
33.0910,19.1697,300
33.0993,18.7512,300
33.1054,17.2207,300
33.1098,17.6701,300
33.1099,23.1788,300
33.1122,10.5294,300
33.1164,28.2186,300
33.1214,20.7476,300
33.1242,13.5207,300
33.1312,15.4193,300
33.1314,28.8723,300
33.1343,12.2009,300
33.1351,29.2326,300
33.1412,27.7528,300
33.1417,22.1367,300
33.1418,27.6048,300
33.1440,35.0333,300
33.1532,19.8992,300
33.1562,17.3849,300
33.1622,22.0200,300
33.1662,23.0903,300
33.1721,17.8372,300
33.1729,17.9575,300
33.1730,21.4951,300
33.1791,19.0187,300
33.1791,19.6294,300
33.1799,23.3014,300
33.1806,21.7961,300
33.1865,18.9798,300
33.2024,23.1125,300
33.2085,25.6143,300
33.2086,22.5919,300
33.2114,25.8077,300
33.2116,24.4539,300
33.2116,38.6766,300
33.2243,19.0822,300
33.2282,54.8211,300
33.2284,19.7100,300
33.2312,16.3924,300
33.2313,21.9053,300
33.2371,29.1535,300
33.2378,17.4038,300
33.2407,17.9431,300
33.2552,16.5818,300
33.2573,15.2203,300
33.2603,26.5828,300
33.2694,33.7705,300
33.2707,19.5606,300
33.2717,27.8273,300
33.2723,21.2345,300
33.2726,23.2987,300
33.2746,19.3370,300
33.2767,20.1580,300
33.2797,23.0574,300
33.2798,25.3818,300
33.2804,25.0606,300
33.2813,17.9943,300
33.2846,25.4019,300
33.2846,23.1921,300
33.2872,12.1229,300
33.2904,34.4780,300
33.3014,13.0926,300
33.3029,21.4135,300
33.3093,18.1925,300
33.3102,44.2291,300
33.3102,32.4330,300
33.3121,28.4560,300
33.3180,26.4119,300
33.3181,13.6233,300
33.3190,29.8926,300
33.3198,22.6547,300
33.3199,26.3249,300
33.3207,33.7306,300
33.3234,30.4063,300
33.3266,25.8938,300
33.3270,36.1602,300
33.3272,27.1356,300
33.3280,30.4282,300
33.3341,23.7062,300
33.3380,19.4218,300
33.3503,29.8837,300
33.3503,21.9056,300
33.3565,21.4433,300
33.3580,30.2296,300
33.3621,115.0380,300
33.3654,30.3495,300
33.3791,4.2404,300
33.3812,16.7444,300
33.3859,23.9009,300
33.3867,33.0824,300
33.3890,17.1837,300
33.3919,17.8940,300
33.3939,26.8858,300
33.3940,16.5202,300
33.4063,28.0800,300
33.4084,17.7183,300
33.4086,20.8578,300
33.4142,30.0127,300
33.4159,28.3664,300
33.4221,22.1533,300
33.4240,16.4558,300
33.4253,18.9203,300
33.4279,12.4957,300
33.4364,18.3682,300
33.4406,18.6275,300
33.4441,23.1082,300
33.4441,19.9195,300
33.4494,20.9105,300
33.4531,16.2225,300
33.4552,31.0811,300
33.4555,20.6035,300
33.4555,34.3177,300
33.4689,16.7253,300
33.4743,18.3325,300
33.4757,19.5256,300
33.4764,32.0735,300
33.4772,24.6391,300
33.4779,21.0772,300
33.4981,22.2518,300
33.5062,22.8617,300
33.5064,22.7660,300
33.5101,26.1763,300
33.5117,17.4115,300
33.5118,20.7472,300
33.5127,16.3901,300
33.5181,22.1364,300
33.5195,22.7461,300
33.5219,32.4407,300
33.5279,27.0363,300
33.5320,18.8141,300
33.5366,23.5276,300
33.5412,18.9277,300
33.5418,27.4965,300
33.5460,15.2565,300
33.5482,28.3639,300
33.5483,20.8998,300
33.5484,20.8922,300
33.5539,16.9416,300
33.5571,19.4813,300
33.5588,18.1417,300
33.5595,17.4143,300
33.5629,20.6343,300
33.5652,18.3813,300
33.5652,23.1388,300
33.5683,22.9571,300
33.5735,61.0962,300
33.5745,28.5973,300
33.5753,34.4511,300
33.5773,18.8189,300
33.5796,19.7880,300
33.5797,25.9351,300
33.5827,31.8673,300
33.5828,22.8972,300
33.5880,14.7412,300
33.5923,29.0741,300
33.5930,19.6561,300
33.5975,28.9143,300
33.6025,16.8931,300
33.6107,18.0609,300
33.6108,33.0658,300
33.6120,26.5372,300
33.6158,30.9883,300
33.6247,74.0186,300
33.6298,29.4020,300
33.6299,23.4735,300
33.6340,15.5563,300
33.6341,27.3314,300
33.6341,20.3391,300
33.6355,31.9752,300
33.6439,31.6300,300
33.6525,27.1117,300
33.6534,27.3879,300
33.6580,15.5158,300
33.6581,20.9727,300
33.6634,32.3265,300
33.6681,18.6460,300
33.6696,31.2711,300
33.6730,18.4073,300
33.6740,30.9232,300
33.6745,53.9888,300
33.6799,18.0771,300
33.6857,19.2123,300
33.6948,33.6870,300
33.7040,18.7928,300
33.7106,17.9511,300
33.7108,20.9857,300
33.7115,25.6978,300
33.7146,29.6992,300
33.7147,32.8756,300
33.7147,24.4398,300
33.7174,24.1009,300
33.7215,22.7434,300
33.7216,25.0025,300
33.7228,24.3851,300
33.7294,20.7426,300
33.7309,19.7909,300
33.7318,33.3427,300
33.7335,21.3603,300
33.7467,26.6205,300
33.7467,20.1099,300
33.7467,51.2736,300
33.7531,12.8052,300
33.7563,23.8317,300
33.7582,18.2882,300
33.7652,21.4974,300
33.7655,18.0468,300
33.7684,23.0623,300
33.7692,60.6105,300
33.7729,21.0146,300
33.7765,17.0300,300
33.7823,21.2140,300
33.7825,18.4869,300
33.7905,22.0232,300
33.7922,31.7812,300
33.7924,20.1699,300
33.7936,18.9761,300
33.7942,21.9562,300
33.8024,24.5143,300
33.8030,20.4750,300
33.8064,20.5919,300
33.8093,23.4425,300
33.8116,19.0345,300
33.8174,15.9858,300
33.8222,17.5728,300
33.8264,10.9677,300
33.8283,11.9568,300
33.8293,27.0185,300
33.8359,22.1130,300
33.8456,19.5204,300
33.8457,25.8962,300
33.8505,30.2746,300
33.8546,17.9680,300
33.8549,46.6372,300
33.8549,22.9988,300
33.8564,23.0037,300
33.8565,34.3611,300
33.8577,24.9008,300
33.8605,30.2810,300
33.8613,31.7413,300
33.8652,30.3357,300
33.8703,20.4365,300
33.8715,21.1909,300
33.8768,21.8909,300
33.8795,26.7164,300
33.8808,32.0139,300
33.8809,21.1760,300
33.8826,19.8384,300
33.8832,18.8371,300
33.8856,52.4584,300
33.8865,26.2771,300
33.8918,26.6945,300
33.8918,20.9521,300
33.8976,31.9859,300
33.9017,21.2891,300
33.9044,18.5628,300
33.9086,21.0293,300
33.9115,18.5994,300
33.9164,28.4940,300
33.9177,44.4750,300
33.9222,17.9336,300
33.9286,17.4508,300
33.9297,21.7836,300
33.9298,24.2023,300
33.9302,20.8037,300
33.9353,26.8932,300
33.9414,24.8876,300
33.9440,27.2216,300
33.9585,24.6585,300
33.9644,18.6943,300
33.9658,17.6442,300
33.9672,21.5700,300
33.9683,30.2236,300
33.9714,21.1974,300
33.9741,28.0420,300
33.9747,27.3965,300
33.9780,23.7544,300
33.9826,22.5319,300
33.9836,20.5868,300
33.9846,19.7683,300
33.9882,34.8972,300
34.0000,18.9440,300
34.0033,23.1841,300
34.0083,26.0376,300
34.0085,21.4316,300
34.0221,19.5909,300
34.0223,21.1933,300
34.0319,21.2479,300
34.0320,20.7921,300
34.0341,15.2621,300
34.0381,18.3876,300
34.0459,19.9610,300
34.0488,14.8244,300
34.0488,17.1787,300
34.0488,18.7047,300
34.0521,18.7034,300
34.0701,21.1905,300
34.0729,18.6840,300
34.0771,18.7550,300
34.0771,23.6625,300
34.0782,24.5178,300
34.0802,52.9049,300
34.0808,30.7580,300
34.0859,16.7764,300
34.0877,28.2397,300
34.0878,22.4243,300
34.0943,21.6760,300
34.0944,30.1123,300
34.0952,20.7402,300
34.0965,26.7489,300
34.1021,21.1981,300
34.1041,55.1999,300
34.1230,21.8570,300
34.1245,32.5363,300
34.1246,20.2387,300
34.1298,18.5126,300
34.1299,22.1891,300
34.1350,24.2772,300
34.1408,28.1067,300
34.1472,44.1096,300
34.1501,18.8286,300
34.1562,34.5449,300
34.1587,19.5773,300
34.1653,17.9747,300
34.1750,28.4874,300
34.1760,21.7860,300
34.1762,27.8676,300
34.1783,22.1496,300
34.1797,23.8294,300
34.1809,24.2438,300
34.1810,36.2744,300
34.1844,21.8159,300
34.1891,26.1418,300
34.1960,19.2356,300
34.1981,23.5931,300
34.2007,14.5430,300
34.2019,24.5509,300
34.2039,65.6717,300
34.2040,36.7393,300
34.2140,32.0150,300
34.2141,18.6677,300
34.2142,25.9329,300
34.2159,25.5838,300
34.2178,22.9151,300
34.2204,21.8429,300
34.2217,36.2891,300
34.2253,23.1738,300
34.2269,21.3530,300
34.2286,19.6733,300
34.2372,10.9820,300
34.2444,18.7767,300
34.2554,11.9202,300
34.2597,30.2705,300
34.2622,16.2045,300
34.2632,13.5351,300
34.2633,18.3460,300
34.2658,53.2003,300
34.2658,24.6304,300
34.2669,30.9861,300
34.2688,9.1217,300
34.2688,29.0685,300
34.2757,19.2255,300
34.2757,26.7157,300
34.2757,27.7293,300
34.2757,32.8559,300
34.2757,33.6704,300
34.2794,26.8779,300
34.2900,16.2554,300
34.2900,23.8944,300
34.2900,26.5647,300
34.3015,24.2340,300
34.3052,19.0288,300
34.3094,56.1180,300
34.3130,24.3351,300
34.3131,31.3167,300
34.3140,19.6284,300
34.3159,25.8820,300
34.3183,21.3426,300
34.3185,23.2943,300
34.3196,35.4238,300
34.3201,27.5074,300
34.3213,27.0301,300
34.3235,24.8549,300
34.3317,33.7811,300
34.3327,22.3201,300
34.3355,20.1228,300
34.3355,23.9228,300
34.3445,27.3307,300
34.3496,27.2930,300
34.3497,19.3100,300
34.3502,19.8950,300
34.3539,23.0015,300
34.3558,20.6149,300
34.3649,16.1300,300
34.3672,18.5869,300
34.3731,21.2539,300
34.3747,19.1843,300
34.3756,27.6053,300
34.3806,19.6692,300
34.3807,22.4871,300
34.3817,21.4343,300
34.3838,28.6454,300
34.3839,32.6383,300
34.3887,19.2550,300
34.3961,20.4017,300
34.3990,19.7700,300
34.4079,20.7567,300
34.4106,16.0631,300
34.4247,29.3468,300
34.4306,23.4287,300
34.4308,26.0048,300
34.4381,26.3976,300
34.4382,28.2879,300
34.4394,34.5217,300
34.4452,22.0055,300
34.4454,18.7576,300
34.4463,25.4826,300
34.4621,15.3665,300
34.4648,19.0318,300
34.4666,17.1705,300
34.4711,24.4604,300
34.4752,26.5634,300
34.4769,18.6570,300
34.4831,19.2918,300
34.4894,19.1837,300
34.4972,18.5237,300
34.4974,25.1587,300
34.5002,21.7945,300
34.5027,33.5886,300
34.5070,22.1216,300
34.5086,14.9944,300
34.5099,27.5195,300
34.5134,18.7275,300
34.5140,14.1600,300
34.5216,19.0546,300
34.5217,26.5688,300
34.5260,18.9591,300
34.5308,30.0676,300
34.5339,30.6309,300
34.5371,13.8267,300
34.5424,28.7866,300
34.5433,26.3690,300
34.5453,30.5839,300
34.5473,30.2197,300
34.5473,29.4966,300
34.5495,20.1965,300
34.5506,19.9938,300
34.5506,33.3370,300
34.5553,18.4799,300
34.5583,26.7338,300
34.5631,29.4787,300
34.5644,24.4822,300
34.5671,20.8891,300
34.5731,25.0640,300
34.5798,18.3818,300
34.5914,19.7535,300
34.5924,27.7190,300
34.5931,28.8413,300
34.6026,16.8212,300
34.6042,23.1693,300
34.6065,30.6751,300
34.6174,19.7900,300
34.6204,18.9622,300
34.6250,18.3114,300
34.6257,20.5209,300
34.6292,29.6024,300
34.6293,25.3849,300
34.6307,18.7144,300
34.6332,20.7990,300
34.6380,21.2718,300
34.6420,21.0745,300
34.6420,28.1483,300
34.6434,24.8440,300
34.6482,19.3247,300
34.6491,20.0858,300
34.6528,15.0779,300
34.6528,21.1589,300
34.6537,9.0169,300
34.6559,19.1163,300
34.6559,36.8981,300
34.6559,33.5380,300
34.6567,83.0608,300
34.6608,22.9304,300
34.6609,37.8348,300
34.6609,28.0988,300
34.6616,30.5751,300
34.6690,21.2720,300
34.6740,30.1550,300
34.6748,21.4077,300
34.6817,17.0140,300
34.6823,21.8944,300
34.6831,20.6798,300
34.6838,22.6657,300
34.6856,26.1373,300
34.6911,20.6447,300
34.6920,19.7617,300
34.6962,24.6224,300
34.6967,22.5640,300
34.7015,5.0487,300
34.7072,18.3047,300
34.7080,27.1618,300
34.7162,13.8119,300
34.7195,24.6564,300
34.7199,20.6143,300
34.7203,24.5202,300
34.7212,34.8152,300
34.7227,20.1888,300
34.7255,22.1721,300
34.7256,32.7471,300
34.7263,21.7766,300
34.7286,23.5496,300
34.7350,23.3421,300
34.7416,16.7796,300
34.7440,14.3937,300
34.7461,29.4498,300
34.7466,19.3631,300
34.7559,14.4845,300
34.7559,20.3835,300
34.7569,35.5312,300
34.7602,19.5288,300
34.7615,19.4057,300
34.7620,33.6019,300
34.7639,17.9456,300
34.7654,32.9930,300
34.7697,20.0638,300
34.7700,22.4761,300
34.7738,21.8627,300
34.7819,21.5804,300
34.7854,21.7320,300
34.7857,21.3677,300
34.7867,20.7875,300
34.7884,25.6193,300
34.7894,24.6923,300
34.7896,34.1823,300
34.7982,17.7498,300
34.8017,18.1013,300
34.8017,25.1234,300
34.8024,29.7838,300
34.8031,34.1707,300
34.8128,21.8270,300
34.8130,17.9499,300
34.8130,25.3123,300
34.8130,37.1413,300
34.8142,28.5913,300
34.8255,24.1059,300
34.8305,24.7673,300
34.8354,23.7182,300
34.8356,17.5726,300
34.8356,17.5047,300
34.8357,32.2070,300
34.8375,28.1938,300
34.8453,17.3222,300
34.8454,30.5796,300
34.8456,21.5090,300
34.8497,26.0022,300
34.8565,24.6649,300
34.8574,19.4039,300
34.8575,20.9844,300
34.8581,29.5244,300
34.8582,22.9329,300
34.8606,23.9220,300
34.8620,31.7061,300
34.8662,24.3543,300
34.8695,29.1740,300
34.8714,22.5662,300
34.8762,43.9844,300
34.8763,29.2545,300
34.8763,18.2304,300
34.8772,34.7715,300
34.8777,19.6568,300
34.8833,20.8925,300
34.8893,30.9039,300
34.8932,16.5505,300
34.9030,18.6671,300
34.9040,24.1142,300
34.9046,20.3769,300
34.9054,24.7877,300
34.9068,37.3375,300
34.9132,16.8462,300
34.9133,15.9057,300
34.9191,25.0923,300
34.9200,27.6822,300
34.9219,18.3921,300
34.9229,20.3075,300
34.9281,24.5785,300
34.9309,17.2702,300
34.9372,31.0969,300
34.9384,26.0991,300
34.9420,19.0096,300
34.9473,19.5011,300
34.9484,13.1951,300
34.9511,23.8800,300
34.9512,20.5843,300
34.9527,21.9310,300
34.9600,28.5953,300
34.9660,20.3810,300
34.9677,22.7809,300
34.9709,22.8956,300
34.9763,23.0336,300
34.9764,28.9743,300
34.9764,34.1211,300
34.9781,22.8493,300
34.9859,19.5004,300
34.9993,24.6672,300
35.0034,26.2310,300
35.0036,22.5319,300
35.0049,24.3294,300
35.0093,21.8258,300
35.0132,17.4278,300
35.0134,19.1979,300
35.0149,20.5069,300
35.0186,21.4155,300
35.0187,20.5080,300
35.0187,30.2173,300
35.0200,28.9857,300
35.0225,23.8851,300
35.0312,15.2541,300
35.0345,18.7866,300
35.0359,27.8291,300
35.0383,15.0494,300
35.0421,21.5800,300
35.0577,19.7212,300
35.0588,22.8820,300
35.0607,31.4537,300
35.0631,15.8666,300
35.0648,17.3028,300
35.0767,18.7085,300
35.0783,21.1162,300
35.0835,18.7349,300
35.0868,18.3559,300
35.1061,18.1873,300
35.1062,26.5765,300
35.1146,18.2299,300
35.1147,18.6488,300
35.1152,36.9502,300
35.1217,22.6014,300
35.1236,54.1850,300
35.1246,21.6092,300
35.1293,23.4538,300
35.1396,16.2973,300
35.1486,18.6830,300
35.1505,19.3435,300
35.1533,20.0677,300
35.1542,16.2348,300
35.1554,21.6474,300
35.1555,29.7616,300
35.1575,21.3534,300
35.1581,20.6605,300
35.1604,22.8635,300
35.1663,22.1459,300
35.1664,15.2134,300
35.1669,18.9447,300
35.1722,19.8282,300
35.1817,26.9148,300
35.1817,30.9837,300
35.1874,17.8653,300
35.1890,23.1804,300
35.1923,25.2560,300
35.2002,17.8597,300
35.2031,19.1108,300
35.2045,28.1513,300
35.2071,23.3152,300
35.2090,18.8540,300
35.2115,18.4338,300
35.2165,21.7722,300
35.2315,32.3840,300
35.2327,19.7824,300
35.2375,17.8169,300
35.2375,5.3400,300
35.2375,31.1273,300
35.2375,26.3112,300
35.2375,33.5015,300
35.2386,51.9687,300
35.2405,27.8416,300
35.2406,27.0861,300
35.2417,40.7039,300
35.2515,21.7939,300
35.2525,25.5369,300
35.2526,21.1276,300
35.2629,24.4345,300
35.2675,18.7607,300
35.2701,16.1711,300
35.2713,16.0439,300
35.2768,17.6916,300
35.2797,16.8619,300
35.2873,17.7969,300
35.2880,22.0912,300
35.2929,32.4336,300
35.3010,25.2934,300
35.3027,19.6840,300
35.3028,29.1547,300
35.3037,29.8387,300
35.3042,26.6414,300
35.3051,25.0680,300
35.3066,23.6284,300
35.3072,28.5661,300
35.3088,26.7768,300
35.3101,24.3062,300
35.3175,25.7545,300
35.3193,47.9198,300
35.3217,21.4855,300
35.3254,19.5924,300
35.3292,16.4734,300
35.3312,18.0371,300
35.3372,19.1331,300
35.3372,75.1597,300
35.3423,14.0014,300
35.3604,18.7636,300
35.3642,20.4862,300
35.3682,16.5441,300
35.3791,14.5091,300
35.3835,18.8105,300
35.3849,19.7015,300
35.3885,21.8919,300
35.3885,22.5230,300
35.3923,18.4190,300
35.3923,19.8876,300
35.3933,30.8965,300
35.3939,18.4806,300
35.3975,53.8211,300
35.3976,30.3141,300
35.4004,8.1276,300
35.4043,28.2180,300
35.4110,20.2343,300
35.4116,19.9256,300
35.4193,21.9271,300
35.4239,14.8268,300
35.4282,24.3383,300
35.4305,21.5771,300
35.4305,18.2273,300
35.4305,20.5322,300
35.4314,23.3473,300
35.4328,34.5700,300
35.4373,21.0456,300
35.4402,27.1292,300
35.4455,17.0415,300
35.4503,17.6790,300
35.4544,22.9021,300
35.4554,25.4469,300
35.4598,18.5028,300
35.4662,17.9451,300
35.4744,15.9645,300
35.4766,21.9358,300
35.4794,32.0035,300
35.4796,30.4389,300
35.4891,23.3720,300
35.4893,23.7712,300
35.4958,19.1310,300
35.4965,23.1695,300
35.4971,25.2767,300
35.4984,26.2108,300
35.5028,18.9568,300
35.5058,26.4942,300
35.5079,20.7133,300
35.5080,20.5967,300
35.5090,26.5888,300
35.5091,26.5149,300
35.5117,20.8122,300
35.5140,30.4903,300
35.5247,20.5364,300
35.5248,19.7669,300
35.5300,11.5602,300
35.5316,19.0014,300
35.5316,20.8005,300
35.5327,21.9054,300
35.5390,24.6453,300
35.5418,18.8908,300
35.5428,30.3108,300
35.5468,12.9947,300
35.5487,18.9653,300
35.5487,21.2919,300
35.5507,24.1929,300
35.5588,18.8900,300
35.5588,20.7260,300
35.5600,34.1414,300
35.5624,23.0199,300
35.5710,25.8163,300
35.5719,33.1834,300
35.5720,22.1801,300
35.5808,12.5978,300
35.5809,29.0910,300
35.5822,22.7286,300
35.5890,21.0110,300
35.5919,23.5359,300
35.5934,18.2447,300
35.5935,24.8421,300
35.6002,19.6535,300
35.6002,19.1633,300
35.6051,20.2168,300
35.6052,24.3539,300
35.6089,23.7664,300
35.6100,19.2210,300
35.6128,21.0343,300
35.6147,21.1335,300
35.6167,5.5009,300
35.6177,19.1944,300
35.6210,20.0955,300
35.6247,17.0180,300
35.6279,18.8626,300
35.6293,20.0761,300
35.6319,19.5259,300
35.6320,23.8814,300
35.6320,30.5705,300
35.6347,21.6417,300
35.6349,33.0890,300
35.6360,24.3498,300
35.6389,16.9760,300
35.6390,39.2428,300
35.6463,18.8756,300
35.6591,19.1778,300
35.6599,28.8629,300
35.6643,28.0834,300
35.6674,22.7076,300
35.6771,18.1686,300
35.6878,17.5091,300
35.6953,29.7126,300
35.7036,20.4923,300
35.7068,20.3734,300
35.7075,34.4375,300
35.7076,22.6583,300
35.7135,18.9730,300
35.7136,34.1871,300
35.7136,25.2044,300
35.7166,13.6341,300
35.7230,25.3272,300
35.7261,4.1677,300
35.7262,53.1337,300
35.7307,21.2892,300
35.7349,18.9319,300
35.7387,13.3240,300
35.7388,22.5640,300
35.7407,18.0391,300
35.7470,18.7997,300
35.7528,14.8446,300
35.7536,17.8408,300
35.7565,18.5310,300
35.7566,32.6611,300
35.7574,31.4446,300
35.7600,18.3875,300
35.7622,26.7040,300
35.7622,22.9518,300
35.7659,29.4372,300
35.7666,60.3077,300
35.7682,20.3143,300
35.7683,22.3168,300
35.7776,17.6984,300
35.7803,30.7963,300
35.7871,27.7320,300
35.7898,23.7781,300
35.7899,24.5095,300
35.7941,4.6924,300
35.8042,19.5132,300
35.8053,25.2154,300
35.8059,24.6793,300
35.8068,24.3130,300
35.8069,20.7731,300
35.8122,22.6524,300
35.8125,23.5792,300
35.8142,21.8986,300
35.8164,30.1510,300
35.8235,30.7002,300
35.8236,26.4044,300
35.8256,18.1403,300
35.8257,21.6957,300
35.8263,22.9260,300
35.8299,16.6774,300
35.8300,23.4003,300
35.8336,15.6398,300
35.8375,21.8293,300
35.8385,30.1234,300
35.8392,15.8104,300
35.8424,25.8231,300
35.8489,18.4793,300
35.8531,30.5507,300
35.8620,21.7327,300
35.8675,17.3908,300
35.8726,13.8796,300
35.8740,28.6955,300
35.8741,13.8956,300
35.8750,22.8316,300
35.8805,22.2774,300
35.8805,19.3631,300
35.8814,27.0979,300
35.8855,13.4034,300
35.8865,25.1737,300
35.8940,19.2918,300
35.8978,23.9321,300
35.8979,20.0110,300
35.9028,18.9845,300
35.9096,16.1783,300
35.9156,15.4518,300
35.9157,19.3055,300
35.9179,17.0404,300
35.9205,25.3504,300
35.9218,21.0811,300
35.9276,18.9811,300
35.9310,27.7640,300
35.9393,19.4487,300
35.9394,19.3574,300
35.9412,21.2749,300
35.9413,26.4819,300
35.9451,22.1236,300
35.9503,16.0680,300
35.9511,19.4249,300
35.9552,18.4282,300
35.9553,26.9403,300
35.9611,18.1850,300
35.9652,24.6506,300
35.9722,29.4548,300
35.9786,19.3554,300
35.9832,21.1064,300
35.9833,20.9957,300
35.9847,31.2869,300
35.9881,23.6370,300
35.9911,17.4093,300
35.9952,18.4250,300
35.9969,22.2609,300
36.0011,27.1096,300
36.0047,23.4796,300
36.0071,18.8542,300
36.0085,13.5100,300
36.0086,28.4949,300
36.0152,26.4667,300
36.0180,19.0667,300
36.0211,18.8835,300
36.0252,18.9646,300
36.0260,20.3663,300
36.0297,21.7198,300
36.0298,30.9370,300
36.0339,16.5648,300
36.0340,23.7626,300
36.0369,17.9099,300
36.0398,18.6701,300
36.0492,22.8378,300
36.0558,18.8651,300
36.0578,33.6281,300
36.0599,17.6078,300
36.0606,19.7804,300
36.0607,19.7502,300
36.0694,17.7082,300
36.0733,18.5539,300
36.0734,18.9938,300
36.0765,23.0509,300
36.0812,17.8704,300
36.0852,17.7784,300
36.0884,31.6082,300
36.0944,28.6230,300
36.0991,23.9362,300
36.0998,20.0943,300
36.1014,18.5396,300
36.1019,32.4142,300
36.1044,19.4794,300
36.1045,23.1600,300
36.1103,19.8561,300
36.1116,19.1517,300
36.1117,14.1471,300
36.1134,28.6340,300
36.1164,21.4558,300
36.1165,21.9821,300
36.1200,22.0956,300
36.1210,19.8312,300
36.1330,19.0952,300
36.1331,18.9803,300
36.1351,20.6989,300
36.1366,24.2038,300
36.1367,29.6743,300
36.1449,15.6106,300
36.1529,16.0456,300
36.1551,18.9220,300
36.1556,23.8813,300
36.1579,33.7682,300
36.1640,31.1181,300
36.1731,18.2065,300
36.1731,18.5485,300
36.1780,20.4504,300
36.1819,16.5072,300
36.1820,34.2707,300
36.1836,18.0149,300
36.1919,18.3884,300
36.1992,32.1781,300
36.2030,18.5804,300
36.2062,24.6369,300
36.2067,50.8534,300
36.2083,19.3974,300
36.2152,53.8300,300
36.2186,16.8413,300
36.2196,28.6760,300
36.2265,20.7221,300
36.2267,20.6120,300
36.2284,20.5571,300
36.2289,29.2972,300
36.2349,22.8224,300
36.2393,14.3614,300
36.2406,20.3730,300
36.2413,27.6934,300
36.2461,18.8828,300
36.2523,18.1769,300
36.2540,20.7205,300
36.2565,49.2227,300
36.2577,12.7266,300
36.2603,17.4537,300
36.2646,27.0553,300
36.2702,27.5652,300
36.2710,26.8133,300
36.2757,19.3124,300
36.2807,14.3815,300
36.2846,23.8693,300
36.2847,21.0174,300
36.2858,55.3274,300
36.2940,27.4378,300
36.2987,22.7094,300
36.3002,29.6164,300
36.3011,24.4201,300
36.3012,25.3885,300
36.3124,11.3995,300
36.3156,18.4359,300
36.3258,16.2388,300
36.3258,20.1214,300
36.3315,23.0529,300
36.3322,19.5044,300
36.3377,26.4402,300
36.3420,27.0987,300
36.3482,18.9509,300
36.3487,20.4092,300
36.3498,19.2893,300
36.3531,16.0111,300
36.3601,18.0754,300
36.3610,24.3033,300
36.3628,20.2193,300
36.3770,17.6559,300
36.3781,30.5870,300
36.3792,24.4730,300
36.3819,33.9709,300
36.3836,15.1119,300
36.3837,24.2037,300
36.3927,19.2869,300
36.3958,29.9042,300
36.3983,23.9868,300
36.4020,15.9194,300
36.4021,20.2024,300
36.4176,12.6683,300
36.4206,27.7399,300
36.4245,18.0829,300
36.4247,26.5993,300
36.4262,25.0995,300
36.4425,17.7715,300
36.4426,20.2928,300
36.4426,20.2534,300
36.4431,35.0603,300
36.4438,29.7897,300
36.4591,17.4915,300
36.4613,16.9013,300
36.4745,13.7474,300
36.4759,23.6743,300
36.4766,32.7233,300
36.4817,27.6537,300
36.4879,18.8014,300
36.4901,16.5548,300
36.4931,31.7555,300
36.4989,20.7432,300
36.5104,26.1061,300
36.5321,19.1639,300
36.5457,16.4087,300
36.5579,25.3820,300
36.5697,16.2326,300
36.5713,18.9685,300
36.5713,27.9868,300
36.5779,18.2454,300
36.5808,24.2877,300
36.5848,20.3158,300
36.5897,18.6922,300
36.5898,27.1831,300
36.5926,18.4071,300
36.5938,17.1203,300
36.5952,21.3331,300
36.5964,32.4449,300
36.5984,21.9609,300
36.6017,22.8600,300
36.6032,30.9250,300
36.6066,19.4528,300
36.6134,30.9402,300
36.6166,14.8211,300
36.6188,18.8361,300
36.6193,17.7664,300
36.6275,29.0574,300
36.6290,23.0423,300
36.6330,18.9895,300
36.6377,31.1934,300
36.6398,15.9677,300
36.6430,18.2015,300
36.6537,29.6940,300
36.6638,24.9974,300
36.6678,26.3145,300
36.6706,18.2005,300
36.6823,15.9772,300
36.6824,20.7061,300
36.6824,25.8273,300
36.6859,18.6079,300
36.6866,26.4323,300
36.6968,18.1774,300
36.7024,16.3900,300
36.7044,18.4765,300
36.7044,14.3951,300
36.7079,18.6469,300
36.7160,18.4318,300
36.7226,18.8488,300
36.7236,33.0274,300
36.7237,23.1821,300
36.7288,23.4265,300
36.7479,15.0732,300
36.7511,19.7862,300
36.7536,17.3906,300
36.7559,19.8339,300
36.7571,18.6740,300
36.7590,28.0521,300
36.7622,3.8374,300
36.7641,15.0085,300
36.7680,31.0947,300
36.7728,20.3619,300
36.7784,22.9762,300
36.7864,19.0286,300
36.7882,19.4799,300
36.7933,18.8256,300
36.7949,21.3106,300
36.7964,26.5528,300
36.7965,23.2013,300
36.7980,21.0730,300
36.8061,18.2928,300
36.8091,21.4393,300
36.8115,29.8574,300
36.8178,18.8744,300
36.8215,24.6705,300
36.8285,27.4324,300
36.8308,50.8730,300
36.8334,14.8514,300
36.8354,26.9211,300
36.8354,16.7585,300
36.8454,18.4055,300
36.8543,4.2296,300
36.8549,18.5031,300
36.8573,19.2074,300
36.8581,18.4170,300
36.8621,22.9407,300
36.8652,27.5123,300
36.8661,18.8727,300
36.8725,22.1749,300
36.8725,22.6520,300
36.8800,18.1921,300
36.8905,21.4486,300
36.8964,18.9919,300
36.9013,16.1549,300
36.9014,25.1751,300
36.9074,17.8300,300
36.9213,13.5992,300
36.9289,21.7404,300
36.9296,22.2082,300
36.9318,28.9695,300
36.9320,22.7937,300
36.9330,22.5517,300
36.9377,19.4610,300
36.9379,22.3999,300
36.9421,28.9448,300
36.9461,19.2720,300
36.9498,20.7155,300
36.9516,16.3643,300
36.9533,17.7411,300
36.9550,33.3402,300
36.9560,21.4009,300
36.9642,26.9857,300
36.9645,23.7463,300
36.9662,19.5218,300
36.9699,44.1361,300
36.9721,18.4530,300
36.9722,24.2269,300
36.9742,29.6770,300
36.9744,22.1059,300
36.9796,18.3678,300
36.9896,25.4303,300
36.9912,30.2275,300
36.9965,17.5728,300
36.9980,17.0652,300
37.0064,17.5828,300
37.0124,26.7038,300
37.0138,4.9887,300
37.0175,17.7479,300
37.0197,31.8075,300
37.0230,31.2480,300
37.0249,23.9690,300
37.0260,21.7927,300
37.0298,13.1063,300
37.0299,28.0298,300
37.0300,15.7383,300
37.0300,20.9814,300
37.0417,12.5639,300
37.0492,19.4177,300
37.0575,22.7542,300
37.0579,20.7751,300
37.0584,21.7877,300
37.0616,20.7897,300
37.0713,18.0074,300
37.0782,16.8012,300
37.0792,19.6254,300
37.0855,30.3934,300
37.0864,22.4653,300
37.0926,18.4131,300
37.0933,5.5518,300
37.0952,20.6987,300
37.0978,26.1883,300
37.1032,15.9148,300
37.1033,25.8455,300
37.1078,21.9159,300
37.1102,12.5220,300
37.1103,24.2702,300
37.1129,21.7119,300
37.1228,25.6131,300
37.1228,28.8365,300
37.1266,24.5247,300
37.1298,29.3647,300
37.1356,16.1119,300
37.1357,29.0890,300
37.1467,21.2529,300
37.1511,18.7003,300
37.1556,16.4670,300
37.1564,33.1432,300
37.1576,27.4409,300
37.1606,26.5365,300
37.1636,18.2929,300
37.1679,22.1920,300
37.1703,17.4244,300
37.1757,19.5517,300
37.1802,18.3252,300
37.1804,29.4710,300
37.1839,27.0681,300
37.1839,29.3848,300
37.1856,20.9476,300
37.1928,12.0089,300
37.1928,25.2416,300
37.1928,24.5655,300
37.1945,22.2971,300
37.1983,20.2327,300
37.2043,30.2157,300
37.2098,18.8489,300
37.2118,20.6894,300
37.2168,42.8473,300
37.2197,15.5266,300
37.2249,22.7466,300
37.2292,22.7300,300
37.2293,13.6663,300
37.2297,22.2407,300
37.2304,29.2324,300
37.2344,25.8548,300
37.2458,20.6239,300
37.2474,22.8454,300
37.2475,20.1311,300
37.2546,16.6898,300
37.2562,22.1429,300
37.2563,21.6297,300
37.2614,19.7132,300
37.2648,26.0059,300
37.2669,23.5600,300
37.2695,16.1046,300
37.2696,20.4017,300
37.2727,23.6757,300
37.2746,19.2190,300
37.2776,29.4898,300
37.2778,19.5781,300
37.2798,15.5208,300
37.2813,31.5560,300
37.2936,15.6148,300
37.3036,18.3268,300
37.3058,28.9967,300
37.3079,15.0055,300
37.3138,17.2152,300
37.3157,18.8152,300
37.3158,15.1482,300
37.3177,20.0594,300
37.3206,20.0348,300
37.3255,44.5502,300
37.3265,19.1498,300
37.3305,18.6197,300
37.3326,16.4825,300
37.3441,26.5583,300
37.3455,19.6541,300
37.3516,14.8687,300
37.3608,16.1830,300
37.3609,28.5611,300
37.3643,33.0396,300
37.3652,24.4395,300
37.3718,21.9148,300
37.3719,17.7542,300
37.3748,24.5626,300
37.3748,34.5748,300
37.3760,31.0192,300
37.3788,28.1505,300
37.3881,25.5676,300
37.3887,27.3168,300
37.3910,22.0118,300
37.3959,55.6063,300
37.4018,20.4083,300
37.4018,20.2510,300
37.4040,20.0561,300
37.4084,17.8437,300
37.4214,30.2426,300
37.4230,18.1213,300
37.4250,32.8738,300
37.4251,22.5963,300
37.4338,17.9314,300
37.4398,23.3135,300
37.4426,9.1857,300
37.4457,17.5321,300
37.4466,18.4746,300
37.4527,18.9769,300
37.4567,18.0486,300
37.4627,17.5835,300
37.4674,25.5973,300
37.4700,26.9078,300
37.4702,21.0251,300
37.4713,28.5274,300
37.4764,25.8165,300
37.4819,30.6738,300
37.4837,18.2427,300
37.4857,19.3268,300
37.4907,21.4331,300
37.5051,32.7354,300
37.5072,25.8261,300
37.5104,27.0913,300
37.5114,21.3035,300
37.5135,18.4514,300
37.5147,16.9876,300
37.5205,21.1575,300
37.5273,16.0942,300
37.5275,34.5511,300
37.5292,22.9845,300
37.5300,24.8030,300
37.5301,22.8138,300
37.5362,16.7883,300
37.5393,12.9189,300
37.5440,25.3227,300
37.5446,22.0914,300
37.5468,14.5325,300
37.5510,31.9571,300
37.5523,20.3345,300
37.5656,18.4154,300
37.5691,18.1763,300
37.5714,21.4375,300
37.5715,21.2998,300
37.5715,29.9325,300
37.5715,31.6904,300
37.5715,51.4754,300
37.5734,24.5298,300
37.5816,19.8334,300
37.5817,22.1000,300
37.5824,36.0555,300
37.5829,23.2571,300
37.5858,23.1255,300
37.5887,37.0313,300
37.5907,19.1170,300
37.5929,24.0464,300
37.5976,19.3030,300
37.5976,28.0717,300
37.6051,13.3181,300
37.6060,29.7233,300
37.6093,26.4753,300
37.6221,23.7453,300
37.6272,25.8912,300
37.6314,24.7200,300
37.6344,17.7583,300
37.6372,15.0396,300
37.6413,27.0072,300
37.6414,25.1726,300
37.6545,16.2146,300
37.6550,16.8087,300
37.6589,18.6417,300
37.6617,27.3991,300
37.6618,16.9087,300
37.6628,32.9786,300
37.6657,28.9123,300
37.6699,21.9209,300
37.6701,15.4760,300
37.6701,27.2881,300
37.6705,24.8025,300
37.6706,24.0130,300
37.6714,25.3361,300
37.6737,30.1942,300
37.6772,26.1643,300
37.6784,26.4401,300
37.6905,33.0075,300
37.6940,19.8434,300
37.6965,31.3794,300
37.6965,15.5700,300
37.6971,22.3968,300
37.7103,14.7879,300
37.7103,19.1629,300
37.7194,20.1430,300
37.7233,17.8666,300
37.7234,31.3965,300
37.7336,20.7771,300
37.7337,27.8223,300
37.7352,20.6808,300
37.7388,14.0084,300
37.7390,21.1650,300
37.7411,20.4529,300
37.7421,25.1793,300
37.7444,22.8337,300
37.7522,25.2334,300
37.7535,18.7079,300
37.7535,22.0461,300
37.7559,15.2620,300
37.7565,21.7046,300
37.7572,21.0152,300
37.7591,19.9814,300
37.7609,28.3042,300
37.7665,16.5894,300
37.7701,18.7019,300
37.7743,19.5737,300
37.7754,20.5004,300
37.7823,48.2670,300
37.7857,23.3990,300
37.7929,19.0451,300
37.7937,12.9452,300
37.7995,18.1299,300
37.8015,26.6513,300
37.8020,20.5713,300
37.8079,17.7274,300
37.8138,19.0501,300
37.8152,21.8363,300
37.8161,20.8612,300
37.8244,30.9865,300
37.8317,28.8877,300
37.8355,25.6361,300
37.8374,22.5220,300
37.8376,30.7560,300
37.8467,16.0799,300
37.8482,29.3827,300
37.8487,25.1798,300
37.8503,27.3395,300
37.8564,21.9212,300
37.8565,28.6775,300
37.8579,16.3362,300
37.8588,22.3169,300
37.8597,24.5945,300
37.8598,25.4042,300
37.8610,29.0783,300
37.8626,29.0597,300
37.8652,25.8779,300
37.8654,37.2305,300
37.8664,22.8973,300
37.8665,30.7395,300
37.8720,41.2344,300
37.8722,33.7567,300
37.8805,25.8725,300
37.8841,25.7247,300
37.8842,25.6981,300
37.8886,17.3687,300
37.8887,20.4371,300
37.8960,13.9172,300
37.8970,20.3969,300
37.9013,18.1530,300
37.9167,19.2928,300
37.9168,21.1699,300
37.9178,26.1376,300
37.9201,22.0078,300
37.9215,47.6176,300
37.9272,20.5070,300
37.9291,18.6770,300
37.9321,28.6216,300
37.9372,16.9954,300
37.9422,18.5223,300
37.9426,11.6601,300
37.9452,18.8789,300
37.9453,30.2934,300
37.9501,16.4273,300
37.9534,22.1370,300
37.9546,20.5479,300
37.9693,18.0300,300
37.9705,20.2855,300
37.9706,21.4734,300
37.9825,21.4623,300
37.9894,17.7314,300
37.9896,33.5988,300
37.9946,4.4240,300
37.9991,18.0466,300
37.9999,20.1532,300
38.0055,18.5593,300
38.0085,14.7224,300
38.0232,27.6054,300
38.0233,27.4892,300
38.0300,12.9455,300
38.0337,26.8970,300
38.0376,16.9973,300
38.0406,15.9976,300
38.0491,18.0456,300
38.0493,22.2711,300
38.0576,24.2149,300
38.0591,52.3347,300
38.0635,21.8526,300
38.0636,33.6725,300
38.0668,19.0079,300
38.0680,19.4185,300
38.0782,22.4071,300
38.0822,23.7122,300
38.0852,14.8217,300
38.0859,22.0340,300
38.0868,24.7297,300
38.0880,31.2784,300
38.0954,16.2093,300
38.0998,24.5319,300
38.1045,22.9218,300
38.1053,25.5293,300
38.1070,17.6819,300
38.1104,4.2965,300
38.1132,33.4869,300
38.1177,21.0025,300
38.1214,12.8513,300
38.1252,24.5427,300
38.1301,29.0203,300
38.1301,28.3017,300
38.1323,27.3525,300
38.1338,13.6310,300
38.1389,17.5821,300
38.1389,24.2860,300
38.1398,27.5664,300
38.1461,17.7054,300
38.1565,13.0481,300
38.1571,16.4179,300
38.1594,19.5081,300
38.1602,26.6640,300
38.1602,25.7659,300
38.1666,32.3582,300
38.1667,24.5655,300
38.1705,18.5868,300
38.1823,22.0808,300
38.1860,18.4268,300
38.1900,47.8137,300
38.1930,18.3306,300
38.1944,18.3758,300
38.1979,18.4783,300
38.2008,27.1515,300
38.2044,19.0441,300
38.2053,18.7576,300
38.2110,25.7173,300
38.2117,19.8016,300
38.2144,22.6921,300
38.2269,15.4133,300
38.2328,19.7253,300
38.2362,29.3108,300
38.2372,26.1599,300
38.2395,18.7416,300
38.2414,28.5118,300
38.2432,33.8826,300
38.2456,27.1917,300
38.2535,19.2885,300
38.2536,21.2453,300
38.2593,19.6797,300
38.2623,19.9274,300
38.2624,19.8178,300
38.2624,36.1962,300
38.2633,32.3523,300
38.2657,28.0668,300
38.2681,22.8071,300
38.2712,24.5448,300
38.2713,34.2399,300
38.2813,28.2154,300
38.2840,25.1103,300
38.2887,16.9046,300
38.3018,18.8984,300
38.3025,27.5548,300
38.3045,20.3244,300
38.3129,25.1931,300
38.3280,12.9475,300
38.3282,20.0002,300
38.3289,22.0587,300
38.3319,15.0516,300
38.3320,27.8100,300
38.3329,28.4936,300
38.3337,31.0271,300
38.3348,36.6367,300
38.3367,23.1350,300
38.3397,25.0505,300
38.3408,25.4994,300
38.3436,31.8011,300
38.3451,23.1179,300
38.3459,29.9639,300
38.3498,22.5746,300
38.3638,18.9280,300
38.3738,19.2056,300
38.3757,18.5638,300
38.3848,4.6953,300
38.3849,19.9592,300
38.3877,12.7638,300
38.3928,18.8471,300
38.3992,15.6350,300
38.3993,33.2932,300
38.3993,36.0077,300
38.3993,29.4469,300
38.3994,25.3555,300
38.4004,26.6307,300
38.4031,23.9674,300
38.4070,31.9392,300
38.4179,20.7674,300
38.4228,16.3046,300
38.4237,19.4007,300
38.4238,22.0007,300
38.4257,6.9290,300
38.4268,31.4056,300
38.4278,32.1553,300
38.4288,65.9656,300
38.4319,23.5695,300
38.4351,23.0487,300
38.4378,25.0669,300
38.4444,25.8626,300
38.4571,30.4258,300
38.4593,19.4629,300
38.4610,30.7223,300
38.4611,22.5073,300
38.4649,19.2704,300
38.4651,23.0221,300
38.4679,23.8066,300
38.4691,25.6464,300
38.4774,17.3575,300
38.4775,20.3395,300
38.4775,66.4351,300
38.4775,26.3150,300
38.4837,17.2379,300
38.4902,16.2601,300
38.4929,29.4330,300
38.4932,26.8062,300
38.4940,26.0597,300
38.4958,21.4670,300
38.5020,15.2688,300
38.5050,16.9298,300
38.5091,32.8877,300
38.5092,21.5968,300
38.5092,22.1216,300
38.5131,19.1481,300
38.5132,25.4522,300
38.5162,21.7719,300
38.5163,23.0988,300
38.5171,32.5842,300
38.5196,23.9570,300
38.5204,25.5770,300
38.5220,23.9777,300
38.5250,27.6139,300
38.5312,18.4431,300
38.5315,26.7460,300
38.5321,23.6467,300
38.5368,26.4672,300
38.5368,23.4810,300
38.5375,36.9701,300
38.5406,32.3819,300
38.5452,28.1457,300
38.5472,25.8729,300
38.5514,18.3899,300
38.5519,23.3496,300
38.5591,16.0791,300
38.5599,14.5927,300
38.5620,18.1600,300
38.5622,30.3639,300
38.5685,19.2584,300
38.5728,24.7029,300
38.5756,27.1049,300
38.5761,24.1948,300
38.5789,15.3940,300
38.5798,29.1015,300
38.5818,20.8723,300
38.5869,17.6728,300
38.5971,18.9022,300
38.5972,20.4895,300
38.5972,18.2049,300
38.6013,25.8367,300
38.6029,24.3285,300
38.6037,23.5092,300
38.6047,22.5207,300
38.6072,19.9639,300
38.6086,23.2536,300
38.6113,29.6146,300
38.6153,28.7498,300
38.6172,19.9991,300
38.6211,26.2476,300
38.6232,20.2006,300
38.6312,26.7275,300
38.6313,26.5855,300
38.6314,26.5409,300
38.6347,18.6180,300
38.6388,21.9478,300
38.6400,27.8578,300
38.6535,21.4799,300
38.6536,20.3426,300
38.6590,19.9143,300
38.6690,16.5837,300
38.6698,20.0781,300
38.6706,20.3442,300
38.6729,30.7779,300
38.6730,24.3919,300
38.6731,29.4368,300
38.6829,30.5504,300
38.6846,17.5243,300
38.6851,18.1051,300
38.6859,20.8083,300
38.6863,30.3314,300
38.6887,30.9669,300
38.6890,24.9253,300
38.6897,29.3048,300
38.6908,21.0872,300
38.6937,25.9062,300
38.6959,23.8455,300
38.6990,24.7818,300
38.7069,21.9673,300
38.7151,21.3476,300
38.7152,20.2879,300
38.7158,24.3874,300
38.7262,20.1352,300
38.7263,5.7632,300
38.7281,20.9766,300
38.7333,23.1605,300
38.7391,18.2112,300
38.7430,28.0599,300
38.7443,17.6985,300
38.7448,22.1544,300
38.7473,28.8651,300
38.7492,32.2040,300
38.7499,29.1666,300
38.7507,20.5075,300
38.7554,17.6072,300
38.7565,28.7273,300
38.7640,17.4122,300
38.7722,17.7781,300
38.7774,16.5715,300
38.7775,21.2490,300
38.7803,18.8381,300
38.7842,18.8074,300
38.7894,18.3685,300
38.7981,4.9187,300
38.8028,29.4440,300
38.8037,22.4069,300
38.8215,18.2135,300
38.8217,20.2783,300
38.8230,24.6045,300
38.8273,20.2657,300
38.8274,30.8660,300
38.8314,13.1877,300
38.8329,25.3647,300
38.8330,18.1863,300
38.8361,21.6459,300
38.8375,33.2370,300
38.8388,21.4940,300
38.8432,24.1264,300
38.8441,18.4570,300
38.8463,26.4916,300
38.8523,21.3210,300
38.8663,30.0520,300
38.8683,19.3037,300
38.8690,19.7519,300
38.8710,20.3850,300
38.8720,22.1691,300
38.8806,25.0513,300
38.8811,24.4387,300
38.8845,19.2529,300
38.8846,21.0251,300
38.8861,24.0168,300
38.8905,19.6424,300
38.8906,20.5559,300
38.8954,27.1834,300
38.9001,30.2969,300
38.9038,18.8345,300
38.9038,18.7469,300
38.9054,19.8068,300
38.9054,20.5281,300
38.9054,29.0431,300
38.9096,25.2369,300
38.9143,15.2699,300
38.9145,17.6274,300
38.9234,28.0491,300
38.9301,22.1842,300
38.9306,15.7041,300
38.9448,25.9285,300
38.9484,19.1009,300
38.9558,17.7796,300
38.9610,26.2989,300
38.9624,24.5076,300
38.9631,23.8116,300
38.9643,22.0210,300
38.9643,63.4267,300
38.9687,20.6529,300
38.9768,13.1623,300
38.9779,24.7297,300
38.9810,25.5314,300
38.9824,26.2654,300
38.9878,10.6487,300
38.9897,18.9291,300
38.9960,20.1812,300
38.9999,19.5654,300
39.0001,24.2790,300
39.0015,24.3381,300
39.0024,33.7939,300
39.0056,18.7241,300
39.0154,18.5497,300
39.0191,18.3248,300
39.0203,23.7316,300
39.0233,11.5545,300
39.0241,34.0886,300
39.0248,23.4109,300
39.0254,8.5389,300
39.0307,24.9127,300
39.0349,22.7703,300
39.0395,22.6042,300
39.0405,20.1838,300
39.0468,20.1722,300
39.0469,23.4355,300
39.0537,28.4683,300
39.0617,18.3170,300
39.0644,18.2896,300
39.0652,27.6439,300
39.0653,19.7347,300
39.0683,33.7488,300
39.0701,27.6901,300
39.0782,25.6672,300
39.0796,27.4381,300
39.0799,33.7970,300
39.0859,28.8622,300
39.0860,21.0164,300
39.1030,16.7699,300
39.1061,18.3313,300
39.1071,33.7661,300
39.1129,17.8440,300
39.1139,20.3961,300
39.1156,16.1363,300
39.1157,22.4583,300
39.1165,24.4046,300
39.1253,21.1494,300
39.1303,16.1487,300
39.1304,20.2404,300
39.1337,16.5465,300
39.1366,19.2152,300
39.1368,34.3725,300
39.1461,23.7410,300
39.1483,32.4491,300
39.1620,18.4494,300
39.1685,18.8068,300
39.1695,23.6846,300
39.1724,16.0034,300
39.1763,19.9985,300
39.1795,16.8155,300
39.1873,20.9701,300
39.1887,19.5629,300
39.1951,18.1394,300
39.1955,19.6924,300
39.2022,15.8125,300
39.2023,34.0912,300
39.2032,28.4511,300
39.2033,31.5025,300
39.2070,22.4617,300
39.2119,19.0448,300
39.2168,15.6677,300
39.2187,17.7055,300
39.2201,19.5390,300
39.2236,21.4094,300
39.2326,22.5969,300
39.2438,20.9493,300
39.2451,18.0248,300
39.2578,18.2935,300
39.2625,29.5732,300
39.2645,13.7209,300
39.2756,27.3401,300
39.2766,21.5454,300
39.2813,16.7096,300
39.2881,14.2897,300
39.2911,20.3191,300
39.2974,25.0139,300
39.2984,17.0369,300
39.3086,13.8143,300
39.3106,18.3041,300
39.3120,21.5748,300
39.3133,30.4787,300
39.3164,23.9038,300
39.3252,21.9407,300
39.3252,20.3581,300
39.3286,17.6843,300
39.3320,18.2105,300
39.3380,18.8487,300
39.3392,23.1963,300
39.3440,18.3985,300
39.3456,20.8368,300
39.3471,28.4129,300
39.3486,20.6206,300
39.3516,31.9270,300
39.3535,21.9654,300
39.3555,19.3871,300
39.3585,27.7023,300
39.3646,21.8767,300
39.3647,18.2577,300
39.3675,20.0039,300
39.3690,26.9497,300
39.3699,46.5121,300
39.3732,18.6307,300
39.3819,19.1150,300
39.3854,29.1877,300
39.3928,18.7200,300
39.3948,17.3853,300
39.3949,29.5369,300
39.3968,31.7652,300
39.3968,34.2314,300
39.3997,31.3761,300
39.4026,25.8779,300
39.4043,20.0613,300
39.4053,16.2361,300
39.4058,25.2387,300
39.4075,24.1359,300
39.4095,9.9806,300
39.4111,28.3193,300
39.4138,23.6613,300
39.4151,31.3407,300
39.4151,30.2752,300
39.4158,28.7061,300
39.4164,32.6100,300
39.4167,42.2939,300
39.4253,33.3457,300
39.4332,18.5910,300
39.4333,19.9675,300
39.4408,13.2453,300
39.4437,51.3998,300
39.4438,30.5433,300
39.4445,22.0159,300
39.4508,16.6344,300
39.4566,21.0427,300
39.4566,20.9961,300
39.4574,30.0446,300
39.4624,18.5976,300
39.4658,27.0071,300
39.4667,26.1017,300
39.4732,22.6924,300
39.4742,20.8909,300
39.4848,115.8767,300
39.4858,25.0488,300
39.4949,23.6910,300
39.4977,32.9080,300
39.4986,20.4402,300
39.5099,13.0037,300
39.5099,28.7414,300
39.5099,17.4315,300
39.5225,16.1653,300
39.5226,33.3070,300
39.5253,19.6420,300
39.5254,19.5655,300
39.5302,30.3356,300
39.5465,28.1490,300
39.5495,14.5955,300
39.5527,31.5123,300
39.5528,21.3320,300
39.5579,21.4744,300
39.5600,30.2169,300
39.5605,23.6838,300
39.5627,20.2355,300
39.5728,17.3758,300
39.5780,22.1012,300
39.5781,16.9654,300
39.5781,22.5501,300
39.5781,25.0873,300
39.5833,28.5138,300
39.5857,46.4744,300
39.5940,18.8590,300
39.5947,23.9925,300
39.6032,29.0191,300
39.6039,54.4775,300
39.6039,16.7461,300
39.6039,26.3654,300
39.6150,33.7372,300
39.6152,21.3458,300
39.6153,24.8502,300
39.6182,21.9356,300
39.6183,18.2720,300
39.6196,26.8950,300
39.6261,19.8961,300
39.6263,19.0124,300
39.6263,23.5307,300
39.6293,20.5164,300
39.6320,35.6055,300
39.6352,21.1617,300
39.6440,28.9869,300
39.6440,32.5281,300
39.6488,27.7628,300
39.6526,19.1407,300
39.6527,30.5485,300
39.6606,26.6781,300
39.6657,29.4070,300
39.6709,17.9769,300
39.6709,25.0415,300
39.6842,21.3450,300
39.6942,26.7101,300
39.6954,20.7201,300
39.6969,24.0676,300
39.7059,17.8051,300
39.7082,18.3011,300
39.7111,22.5952,300
39.7112,20.0976,300
39.7124,21.2932,300
39.7160,29.9563,300
39.7168,13.7688,300
39.7240,25.4652,300
39.7264,19.5367,300
39.7287,25.2319,300
39.7298,18.9653,300
39.7365,17.8807,300
39.7365,21.8982,300
39.7426,21.2587,300
39.7426,18.8171,300
39.7472,19.8801,300
39.7486,15.2402,300
39.7499,30.3785,300
39.7499,30.3530,300
39.7504,22.5027,300
39.7550,20.9293,300
39.7617,18.5217,300
39.7617,26.5910,300
39.7691,14.9477,300
39.7711,16.4878,300
39.7749,16.0585,300
39.7750,29.2023,300
39.7839,25.6601,300
39.7848,10.8622,300
39.7857,17.4240,300
39.7909,17.8657,300
39.7954,18.8406,300
39.7959,22.3199,300
39.7979,20.3593,300
39.7983,19.2573,300
39.7984,22.5569,300
39.8000,18.1162,300
39.8024,30.8467,300
39.8036,26.6619,300
39.8069,30.8562,300
39.8069,27.1346,300
39.8073,25.8931,300
39.8080,26.9024,300
39.8085,28.4083,300
39.8108,36.1898,300
39.8125,26.3527,300
39.8171,19.7479,300
39.8186,27.3039,300
39.8191,32.0813,300
39.8232,23.5462,300
39.8252,34.8809,300
39.8341,21.7234,300
39.8372,15.7839,300
39.8373,24.9579,300
39.8389,21.2256,300
39.8396,22.6825,300
39.8420,18.1595,300
39.8458,27.9284,300
39.8618,18.2406,300
39.8630,19.9716,300
39.8724,33.7212,300
39.8725,24.3410,300
39.8811,25.7149,300
39.8823,15.0135,300
39.8870,12.7712,300
39.8961,24.8617,300
39.8962,24.6560,300
39.8969,23.3723,300
39.9012,19.7480,300
39.9059,23.6106,300
39.9083,21.1197,300
39.9085,15.1261,300
39.9125,28.6379,300
39.9156,19.8190,300
39.9191,19.4222,300
39.9203,29.5079,300
39.9233,17.8337,300
39.9233,35.5883,300
39.9251,25.1318,300
39.9265,69.0595,300
39.9403,16.9298,300
39.9440,25.8668,300
39.9441,19.9192,300
39.9518,16.0724,300
39.9537,12.4299,300
39.9547,18.1823,300
39.9571,15.3514,300
39.9572,20.4844,300
39.9660,28.0918,300
39.9666,19.1628,300
39.9679,27.1791,300
39.9731,21.8670,300
39.9803,33.7222,300
39.9822,22.0810,300
39.9880,10.8281,300
39.9882,16.1774,300
39.9882,29.5811,300
39.9932,19.7766,300
39.9932,23.4805,300
39.9938,28.2341,300
39.9953,34.2317,300
39.9985,14.5247,300
39.9986,25.5180,300
40.0028,21.2646,300
40.0075,18.1482,300
40.0086,15.4723,450
40.0097,30.3174,450
40.0116,30.4669,450
40.0117,7.7342,450
40.0156,33.6715,450
40.0165,21.0547,450
40.0211,20.8274,450
40.0244,17.6491,450
40.0245,19.7937,450
40.0296,23.7890,450
40.0301,19.6383,450
40.0335,27.3570,450
40.0336,20.5931,450
40.0356,19.1559,450
40.0357,33.1737,450
40.0373,24.2642,450
40.0393,21.5835,450
40.0413,30.9432,450
40.0456,23.5310,450
40.0492,23.2821,450
40.0493,25.2784,450
40.0532,19.0098,450
40.0533,20.5249,450
40.0578,20.1293,450
40.0618,27.2025,450
40.0651,19.1049,450
40.0652,26.4721,450
40.0662,18.8913,450
40.0680,21.2113,450
40.0687,16.4041,450
40.0708,21.2071,450
40.0732,33.0889,450
40.0746,22.0412,450
40.0816,17.7866,450
40.0837,15.3649,450
40.0914,17.8593,450
40.0960,18.1032,450
40.0981,19.9228,450
40.1019,31.5564,450
40.1019,18.8842,450
40.1049,21.5396,450
40.1050,17.2424,450
40.1154,24.0853,450
40.1155,18.5593,450
40.1213,17.5476,450
40.1214,23.1189,450
40.1228,33.8354,450
40.1252,16.5793,450
40.1290,19.2254,450
40.1291,23.2332,450
40.1324,19.3130,450
40.1356,20.3621,450
40.1358,17.8854,450
40.1358,28.2537,450
40.1358,20.8893,450
40.1384,22.7150,450
40.1384,29.4842,450
40.1390,32.2584,450
40.1419,51.3611,450
40.1434,38.3775,450
40.1439,37.3028,450
40.1496,24.5336,450
40.1503,27.0981,450
40.1504,24.9591,450
40.1509,31.5123,450
40.1546,23.8169,450
40.1605,36.1399,450
40.1613,27.7462,450
40.1677,13.5423,450
40.1698,28.1273,450
40.1754,15.7799,450
40.1775,24.3945,450
40.1796,17.9645,450
40.1816,16.4087,450
40.1825,19.8490,450
40.1879,27.4070,450
40.1909,20.7319,450
40.1913,20.2324,450
40.1925,21.6804,450
40.1956,19.7693,450
40.2004,14.5592,450
40.2012,30.5084,450
40.2033,20.0419,450
40.2053,20.8803,450
40.2102,18.4775,450
40.2128,15.8756,450
40.2130,65.5135,450
40.2130,26.9779,450
40.2168,20.3603,450
40.2169,30.4830,450
40.2169,25.0987,450
40.2218,29.5294,450
40.2304,20.4926,450
40.2319,21.4016,450
40.2370,15.2107,450
40.2419,21.3504,450
40.2451,18.4106,450
40.2457,20.7279,450
40.2524,26.1458,450
40.2563,3.3918,450
40.2582,14.5529,450
40.2625,18.5578,450
40.2654,29.7988,450
40.2655,20.3961,450
40.2668,33.5822,450
40.2677,23.1960,450
40.2690,21.0387,450
40.2719,20.6165,450
40.2740,17.6794,450
40.2742,26.2686,450
40.2742,26.2495,450
40.2751,25.3206,450
40.2771,27.7926,450
40.2899,17.8348,450
40.2900,23.5162,450
40.2925,20.0667,450
40.2943,19.6826,450
40.2963,17.8175,450
40.2991,19.1294,450
40.2991,31.5156,450
40.3003,21.8605,450
40.3003,21.8267,450
40.3003,29.4675,450
40.3009,30.9841,450
40.3032,28.6735,450
40.3033,27.8837,450
40.3068,38.1146,450
40.3069,36.8251,450
40.3088,28.5128,450
40.3097,30.2829,450
40.3127,30.7543,450
40.3127,26.4871,450
40.3139,30.3411,450
40.3143,36.2724,450
40.3155,41.8014,450
40.3184,41.6113,450
40.3185,35.2108,450
40.3205,29.5466,450
40.3222,37.8592,450
40.3234,34.4250,450
40.3234,39.6976,450
40.3361,38.2580,450
40.3374,29.6230,450
40.3399,27.8469,450
40.3421,37.0664,450
40.3422,31.6653,450
40.3442,30.1083,450
40.3497,29.9727,450
40.3519,27.2873,450
40.3535,25.6597,450
40.3559,29.0384,450
40.3590,28.1566,450
40.3619,19.6221,450
40.3621,32.2631,450
40.3634,32.3011,450
40.3635,58.2544,450
40.3658,37.2484,450
40.3674,32.0685,450
40.3697,44.0210,450
40.3717,28.2198,450
40.3785,17.1960,450
40.3813,26.7087,450
40.3834,34.4749,450
40.3868,29.1297,450
40.3904,25.4960,450
40.3905,33.8780,450
40.3936,20.3859,450
40.3937,30.6836,450
40.3944,19.6458,450
40.3952,37.9634,450
40.4017,23.3483,450
40.4018,23.2239,450
40.4026,23.5623,450
40.4033,35.6275,450
40.4046,31.4195,450
40.4065,30.1852,450
40.4095,25.9514,450
40.4096,32.8952,450
40.4139,25.1681,450
40.4161,30.9118,450
40.4192,35.2284,450
40.4194,28.1212,450
40.4194,29.5345,450
40.4211,23.5645,450
40.4211,36.6816,450
40.4235,20.7882,450
40.4236,34.0974,450
40.4302,26.5994,450
40.4303,22.8129,450
40.4346,10.6411,450
40.4375,30.1174,450
40.4385,29.0310,450
40.4405,25.4035,450
40.4406,23.0555,450
40.4419,24.1503,450
40.4443,21.7057,450
40.4523,20.6797,450
40.4524,32.8397,450
40.4539,27.3326,450
40.4569,37.3054,450
40.4610,21.0857,450
40.4688,16.4138,450
40.4689,20.1176,450
40.4734,21.8893,450
40.4744,19.7274,450
40.4816,20.1198,450
40.4824,19.3452,450
40.4844,25.9186,450
40.4853,19.0583,450
40.4881,26.9412,450
40.4898,31.5342,450
40.4928,23.1784,450
40.4930,17.3388,450
40.4944,20.6589,450
40.4944,31.7403,450
40.4968,21.8286,450
40.4975,48.6547,450
40.4978,24.8829,450
40.5082,17.9691,450
40.5092,31.5839,450
40.5093,21.4209,450
40.5134,18.0821,450
40.5135,20.3859,450
40.5173,23.5685,450
40.5202,19.5050,450
40.5218,18.1720,450
40.5251,33.2126,450
40.5260,18.4609,450
40.5267,18.6818,450
40.5299,20.5545,450
40.5368,16.0307,450
40.5374,22.6834,450
40.5390,25.3592,450
40.5402,21.1888,450
40.5404,23.9266,450
40.5414,27.4313,450
40.5439,22.1395,450
40.5440,27.3345,450
40.5457,39.9501,450
40.5497,28.6435,450
40.5507,29.6695,450
40.5594,18.8665,450
40.5602,25.4417,450
40.5644,18.8848,450
40.5655,27.5590,450
40.5673,18.8526,450
40.5674,24.3257,450
40.5713,16.7691,450
40.5713,31.3017,450
40.5714,35.4617,450
40.5734,29.5778,450
40.5742,28.7709,450
40.5794,28.6690,450
40.5794,23.5399,450
40.5843,41.0975,450
40.5843,22.4983,450
40.5853,23.2645,450
40.5854,34.4619,450
40.5860,27.2152,450
40.5870,27.5864,450
40.5903,27.5710,450
40.5910,58.8363,450
40.5924,28.1103,450
40.5994,34.8914,450
40.5995,25.8784,450
40.6016,25.8746,450
40.6054,23.3727,450
40.6055,22.3524,450
40.6073,33.4675,450
40.6084,25.8812,450
40.6088,28.5292,450
40.6089,39.9672,450
40.6091,39.2289,450
40.6098,46.3249,450
40.6099,35.2727,450
40.6122,39.2013,450
40.6167,34.7157,450
40.6167,39.8935,450
40.6229,67.9542,450
40.6280,32.1320,450
40.6313,26.2679,450
40.6344,26.0736,450
40.6345,26.0234,450
40.6354,27.0961,450
40.6354,26.2029,450
40.6365,34.6177,450
40.6433,38.9849,450
40.6434,27.7630,450
40.6453,41.2577,450
40.6474,39.5857,450
40.6475,34.6043,450
40.6475,43.3096,450
40.6495,27.9055,450
40.6534,25.9007,450
40.6535,31.5366,450
40.6551,43.5310,450
40.6552,32.2713,450
40.6552,39.8028,450
40.6591,43.0916,450
40.6613,18.0227,450
40.6648,46.4360,450
40.6665,31.9279,450
40.6764,23.2658,450
40.6766,30.1484,450
40.6782,33.0989,450
40.6789,59.1190,450
40.6790,32.2889,450
40.6813,34.6165,450
40.6843,27.7651,450
40.6855,29.8697,450
40.6893,39.5561,450
40.6963,31.8794,450
40.6990,33.0043,450
40.7142,26.1660,450
40.7143,22.3288,450
40.7144,30.1970,450
40.7209,17.0841,450
40.7211,31.7480,450
40.7212,26.3179,450
40.7212,26.1789,450
40.7242,25.6801,450
40.7243,22.3879,450
40.7249,34.5641,450
40.7272,27.3040,450
40.7302,25.3347,450
40.7354,22.2456,450
40.7362,26.1782,450
40.7363,26.0929,450
40.7376,34.5431,450
40.7403,25.8395,450
40.7436,31.9869,450
40.7491,22.8930,450
40.7511,25.3322,450
40.7569,19.3283,450
40.7611,18.0341,450
40.7654,26.9155,450
40.7680,24.2994,450
40.7680,21.2479,450
40.7680,15.3755,450
40.7681,26.2342,450
40.7732,25.0670,450
40.7732,24.9775,450
40.7760,18.7894,450
40.7761,22.1535,450
40.7781,9.8258,450
40.7782,66.6093,450
40.7797,22.7776,450
40.7825,33.4150,450
40.7865,27.2186,450
40.7866,65.9371,450
40.7877,31.5474,450
40.8014,17.8557,450
40.8017,19.4011,450
40.8051,29.8004,450
40.8063,20.7607,450
40.8104,17.2169,450
40.8105,16.6096,450
40.8128,19.4731,450
40.8143,20.5445,450
40.8234,14.3954,450
40.8235,25.5762,450
40.8307,13.2345,450
40.8341,28.7010,450
40.8359,10.6987,450
40.8360,28.9982,450
40.8430,13.9546,450
40.8431,31.3983,450
40.8431,25.0433,450
40.8461,23.4686,450
40.8517,16.8016,450
40.8527,17.8564,450
40.8528,22.6635,450
40.8548,20.6345,450
40.8557,18.9171,450
40.8579,64.1426,450
40.8643,18.1675,450
40.8643,18.9924,450
40.8650,28.9207,450
40.8675,28.2959,450
40.8690,20.1676,450
40.8698,20.2330,450
40.8707,17.3962,450
40.8734,31.8545,450
40.8771,21.1331,450
40.8772,22.5523,450
40.8800,24.7449,450
40.8806,23.5280,450
40.8807,29.5275,450
40.8807,38.2395,450
40.8880,23.4871,450
40.8890,22.4749,450
40.8918,23.3478,450
40.8929,22.5838,450
40.8936,34.9841,450
40.8947,35.0626,450
40.8957,26.6962,450
40.8963,29.7434,450
40.8981,27.5999,450
40.9000,33.3234,450
40.9071,21.4712,450
40.9093,19.2727,450
40.9102,21.7801,450
40.9102,23.0839,450
40.9142,24.2982,450
40.9240,18.2256,450
40.9275,14.2305,450
40.9277,33.2774,450
40.9314,21.1719,450
40.9315,21.1298,450
40.9350,15.1516,450
40.9351,24.5820,450
40.9351,36.2891,450
40.9367,20.3941,450
40.9398,19.3204,450
40.9438,12.6681,450
40.9451,21.2393,450
40.9462,20.1844,450
40.9472,29.9183,450
40.9494,36.8447,450
40.9518,34.0554,450
40.9554,15.9866,450
40.9602,24.9671,450
40.9623,27.1920,450
40.9657,21.6167,450
40.9672,22.1405,450
40.9686,18.7683,450
40.9697,32.0550,450
40.9717,15.6510,450
40.9763,13.0239,450
40.9763,20.3097,450
40.9810,15.0470,450
40.9811,26.9249,450
40.9820,21.6133,450
40.9843,19.8822,450
40.9843,21.1831,450
40.9843,25.0312,450
40.9875,25.3457,450
40.9888,24.0678,450
40.9922,21.8245,450
40.9923,28.6086,450
40.9924,32.2649,450
40.9930,24.2556,450
40.9943,44.6812,450
40.9981,25.9315,450
40.9982,25.1596,450
41.0019,27.8443,450
41.0035,28.8296,450
41.0047,34.2347,450
41.0070,38.9041,450
41.0092,35.7267,450
41.0118,33.0128,450
41.0119,27.8331,450
41.0119,40.0911,450
41.0119,37.5653,450
41.0128,48.0573,450
41.0157,33.8206,450
41.0158,36.1270,450
41.0208,33.4214,450
41.0219,33.4531,450
41.0220,33.3761,450
41.0273,30.2714,450
41.0312,33.9563,450
41.0322,31.4236,450
41.0343,28.5114,450
41.0344,40.8947,450
41.0385,32.5343,450
41.0395,28.1477,450
41.0404,38.1316,450
41.0433,30.0453,450
41.0457,32.9425,450
41.0457,45.7061,450
41.0499,31.2441,450
41.0531,28.1361,450
41.0537,36.0007,450
41.0555,33.6698,450
41.0558,31.7752,450
41.0563,35.4930,450
41.0574,38.6124,450
41.0619,33.6337,450
41.0621,43.4958,450
41.0635,65.3487,450
41.0697,32.3123,450
41.0716,37.9771,450
41.0732,28.8683,450
41.0742,35.5477,450
41.0742,45.9225,450
41.0742,45.5944,450
41.0795,32.7841,450
41.0826,37.1789,450
41.0910,40.6925,450
41.0943,34.5636,450
41.0952,27.8538,450
41.1021,20.9309,450
41.1053,22.6207,450
41.1059,29.8271,450
41.1084,27.2951,450
41.1115,31.8343,450
41.1129,22.8494,450
41.1153,27.9684,450
41.1182,17.5393,450
41.1193,20.4391,450
41.1222,19.9206,450
41.1270,29.0221,450
41.1271,20.2827,450
41.1310,23.8158,450
41.1310,23.8057,450
41.1341,25.0204,450
41.1342,22.1145,450
41.1342,37.3903,450
41.1390,25.3996,450
41.1461,16.4251,450
41.1470,16.4075,450
41.1502,26.1203,450
41.1538,18.4345,450
41.1549,24.7266,450
41.1550,21.3602,450
41.1560,59.6987,450
41.1583,25.8733,450
41.1596,24.2811,450
41.1597,24.5165,450
41.1607,26.5009,450
41.1643,30.6907,450
41.1670,23.3690,450
41.1671,30.2913,450
41.1699,45.7721,450
41.1723,38.3553,450
41.1726,33.2093,450
41.1748,30.4925,450
41.1757,26.4287,450
41.1789,21.0562,450
41.1806,32.6241,450
41.1808,32.1213,450
41.1830,35.0780,450
41.1831,34.7908,450
41.1863,26.8398,450
41.1865,31.4925,450
41.1963,16.6094,450
41.1972,23.4250,450
41.2012,22.5191,450
41.2043,30.2721,450
41.2128,17.2744,450
41.2267,54.4056,450
41.2268,19.4605,450
41.2285,23.2130,450
41.2339,17.9157,450
41.2339,19.6991,450
41.2394,20.0266,450
41.2434,20.1324,450
41.2460,17.5792,450
41.2531,24.1281,450
41.2567,26.9312,450
41.2567,31.7648,450
41.2647,31.8032,450
41.2697,30.6981,450
41.2697,28.2323,450
41.2697,30.6382,450
41.2697,33.0989,450
41.2713,25.2391,450
41.2765,21.4312,450
41.2828,21.1468,450
41.2828,28.0220,450
41.2861,18.9736,450
41.2918,22.4875,450
41.2919,22.3639,450
41.2920,25.6821,450
41.2954,18.0143,450
41.2963,36.4267,450
41.2986,15.3857,450
41.3002,26.2065,450
41.3031,28.7171,450
41.3072,27.1668,450
41.3102,19.8218,450
41.3111,25.5886,450
41.3137,18.1560,450
41.3164,12.1700,450
41.3192,17.4405,450
41.3287,19.6697,450
41.3292,19.5927,450
41.3293,20.2788,450
41.3293,32.1775,450
41.3332,21.9793,450
41.3392,18.7634,450
41.3433,18.2405,450
41.3440,20.4602,450
41.3459,19.8020,450
41.3467,24.6507,450
41.3607,3.7499,450
41.3634,18.9167,450
41.3634,21.2254,450
41.3644,24.5604,450
41.3683,23.1246,450
41.3699,19.0327,450
41.3732,18.2134,450
41.3733,20.8228,450
41.3748,26.5318,450
41.3780,19.7014,450
41.3832,22.2129,450
41.3861,14.8832,450
41.3871,25.8555,450
41.3872,33.4758,450
41.3916,26.6814,450
41.3923,14.2292,450
41.3932,16.4872,450
41.3969,17.2729,450
41.4001,40.0102,450
41.4040,25.6966,450
41.4080,17.7760,450
41.4120,18.0087,450
41.4128,16.0332,450
41.4139,19.1091,450
41.4171,20.4485,450
41.4171,23.0056,450
41.4237,19.7226,450
41.4280,31.6692,450
41.4291,16.5651,450
41.4361,18.6673,450
41.4362,15.7645,450
41.4370,22.6971,450
41.4388,21.0516,450
41.4399,30.9547,450
41.4420,20.9698,450
41.4436,23.2228,450
41.4436,27.3449,450
41.4441,23.6029,450
41.4469,29.7839,450
41.4470,33.1904,450
41.4498,27.6941,450
41.4499,30.2416,450
41.4499,30.9907,450
41.4499,48.0190,450
41.4499,44.6842,450
41.4515,32.6419,450
41.4522,41.1365,450
41.4530,37.3582,450
41.4792,14.0930,450
41.4798,18.1510,450
41.4798,18.7372,450
41.4842,20.7823,450
41.4856,33.6885,450
41.4879,27.9742,450
41.4920,20.8228,450
41.4924,19.1207,450
41.4942,21.6659,450
41.4985,29.3382,450
41.5037,31.7762,450
41.5074,18.4515,450
41.5107,32.3146,450
41.5120,26.3756,450
41.5155,18.3878,450
41.5180,21.1520,450
41.5209,21.2509,450
41.5268,18.5351,450
41.5269,29.7978,450
41.5275,28.4588,450
41.5286,27.3670,450
41.5345,23.5342,450
41.5352,17.6161,450
41.5353,24.5760,450
41.5408,17.7236,450
41.5429,19.3364,450
41.5430,24.8741,450
41.5476,20.2652,450
41.5515,19.6687,450
41.5516,14.2009,450
41.5561,18.3404,450
41.5561,6.1349,450
41.5574,17.5736,450
41.5610,23.9913,450
41.5619,20.3668,450
41.5626,35.4636,450
41.5649,29.0222,450
41.5713,21.2390,450
41.5722,19.3647,450
41.5820,18.3182,450
41.5821,28.6041,450
41.5825,21.4056,450
41.5834,57.5419,450
41.5862,21.5945,450
41.5878,28.9122,450
41.5886,26.9200,450
41.5891,25.2433,450
41.5900,26.0308,450
41.5928,26.2408,450
41.5979,21.2004,450
41.5997,27.7777,450
41.6019,22.3518,450
41.6029,30.0743,450
41.6033,39.8242,450
41.6051,24.7559,450
41.6058,26.4081,450
41.6089,23.3208,450
41.6091,35.2268,450
41.6097,27.4985,450
41.6098,30.3570,450
41.6128,25.4917,450
41.6138,29.8441,450
41.6147,39.4058,450
41.6186,43.8031,450
41.6238,27.2448,450
41.6267,22.6551,450
41.6275,26.5954,450
41.6328,24.6604,450
41.6337,25.6818,450
41.6367,23.5967,450
41.6430,12.6190,450
41.6444,20.3106,450
41.6453,20.5647,450
41.6485,30.6837,450
41.6574,16.7425,450
41.6577,21.4930,450
41.6577,32.0254,450
41.6634,20.9450,450
41.6635,31.0219,450
41.6644,29.9758,450
41.6675,22.1960,450
41.6725,52.5335,450
41.6754,23.1106,450
41.6776,17.2274,450
41.6817,13.0869,450
41.6837,17.4872,450
41.6942,24.5376,450
41.6978,17.1283,450
41.6990,34.0683,450
41.7001,26.9612,450
41.7004,20.7196,450
41.7004,28.5942,450
41.7006,26.3851,450
41.7032,30.1698,450
41.7033,26.1539,450
41.7071,28.5574,450
41.7072,36.4369,450
41.7072,39.8288,450
41.7084,32.4419,450
41.7101,27.1579,450
41.7101,36.5383,450
41.7102,36.8769,450
41.7111,39.1930,450
41.7113,51.2624,450
41.7114,44.4690,450
41.7152,34.2104,450
41.7189,46.7062,450
41.7190,36.8963,450
41.7237,34.9428,450
41.7300,24.8270,450
41.7319,27.7750,450
41.7359,22.7752,450
41.7360,29.6044,450
41.7377,37.5967,450
41.7378,32.6070,450
41.7398,32.3141,450
41.7428,32.8435,450
41.7429,33.1253,450
41.7436,35.7359,450
41.7505,38.0158,450
41.7508,39.2589,450
41.7535,36.5296,450
41.7548,32.3551,450
41.7576,30.4571,450
41.7613,35.9391,450
41.7615,29.3832,450
41.7626,39.7793,450
41.7660,31.0068,450
41.7663,30.2724,450
41.7664,35.8676,450
41.7743,27.9384,450
41.7753,44.0123,450
41.7779,39.5609,450
41.7872,22.4548,450
41.7909,18.8066,450
41.7953,30.7328,450
41.7954,24.0436,450
41.7958,30.0973,450
41.7982,19.0662,450
41.8044,17.5269,450
41.8080,18.2035,450
41.8083,17.6970,450
41.8083,22.4981,450
41.8097,23.2559,450
41.8128,15.8236,450
41.8129,24.0245,450
41.8129,23.9895,450
41.8129,27.4937,450
41.8135,26.8993,450
41.8209,9.8360,450
41.8419,29.9317,450
41.8518,17.5547,450
41.8537,25.3655,450
41.8549,18.2284,450
41.8558,67.2069,450
41.8576,18.6950,450
41.8582,8.1167,450
41.8625,19.8110,450
41.8627,24.3609,450
41.8684,22.2267,450
41.8705,27.9623,450
41.8706,27.6873,450
41.8739,12.2341,450
41.8753,20.3789,450
41.8753,30.4963,450
41.8756,20.3967,450
41.8817,19.4950,450
41.8818,21.2104,450
41.8873,10.9472,450
41.8896,15.8679,450
41.8925,18.8916,450
41.8926,17.2683,450
41.8947,23.1118,450
41.8950,21.7113,450
41.8974,21.3825,450
41.8978,37.2752,450
41.8978,40.1066,450
41.8991,30.4118,450
41.9001,26.7510,450
41.9025,23.9982,450
41.9070,36.6852,450
41.9073,33.0869,450
41.9253,17.5751,450
41.9256,20.0345,450
41.9286,22.0583,450
41.9287,22.8496,450
41.9291,19.7484,450
41.9341,25.5610,450
41.9360,30.3262,450
41.9364,54.1208,450
41.9368,21.8965,450
41.9373,29.0526,450
41.9373,29.9483,450
41.9397,21.9544,450
41.9431,24.1345,450
41.9431,27.8504,450
41.9431,57.9856,450
41.9458,28.3205,450
41.9478,26.2826,450
41.9479,28.0327,450
41.9492,30.3109,450
41.9499,31.7510,450
41.9536,31.1484,450
41.9553,42.1138,450
41.9554,31.3494,450
41.9575,32.9797,450
41.9577,43.4816,450
41.9583,32.1866,450
41.9604,39.9778,450
41.9661,18.3367,450
41.9670,33.4120,450
41.9773,9.4759,450
41.9775,25.7144,450
41.9775,29.0217,450
41.9775,35.4282,450
41.9775,31.9597,450
41.9781,40.1854,450
41.9804,42.6552,450
41.9834,39.6172,450
41.9835,34.7515,450
41.9851,49.7359,450
41.9865,38.1172,450
41.9922,40.4436,450
41.9935,34.6161,450
41.9938,41.0562,450
41.9938,38.8276,450
41.9940,36.4573,450
41.9961,44.5963,450
41.9991,39.4300,450
41.9992,42.8537,450
42.0017,44.7107,450
42.0078,33.6482,450
42.0079,50.1175,450
42.0082,40.3379,450
42.0098,43.7030,450
42.0140,40.2952,450
42.0171,20.7125,450
42.0176,21.3799,450
42.0225,35.2716,450
42.0235,34.2526,450
42.0257,27.7625,450
42.0264,35.3660,450
42.0336,29.9473,450
42.0343,31.1066,450
42.0367,30.3864,450
42.0394,33.7551,450
42.0394,33.4198,450
42.0397,32.9222,450
42.0398,32.5014,450
42.0422,35.8954,450
42.0430,38.0409,450
42.0433,63.5097,450
42.0433,48.3426,450
42.0475,40.6084,450
42.0496,44.4444,450
42.0497,49.9770,450
42.0509,41.7828,450
42.0568,37.1750,450
42.0579,37.9645,450
42.0616,41.5142,450
42.0624,31.7831,450
42.0646,37.9319,450
42.0647,38.2355,450
42.0695,36.3262,450
42.0726,50.4767,450
42.0773,57.2610,450
42.0776,32.6944,450
42.0806,33.7427,450
42.0807,36.0860,450
42.0843,35.8728,450
42.0851,34.8373,450
42.0878,46.8070,450
42.0904,29.8597,450
42.0906,28.8187,450
42.0913,61.0879,450
42.0926,33.7680,450
42.0955,44.2105,450
42.0990,35.7517,450
42.0997,36.5925,450
42.1022,32.2588,450
42.1031,49.8812,450
42.1051,40.6920,450
42.1090,39.3315,450
42.1095,36.1784,450
42.1119,46.2728,450
42.1121,44.0446,450
42.1191,32.5306,450
42.1224,25.7274,450
42.1327,31.0483,450
42.1328,23.1516,450
42.1350,22.9043,450
42.1425,26.6049,450
42.1426,34.4405,450
42.1443,14.6607,450
42.1463,21.1297,450
42.1509,17.4686,450
42.1513,32.7811,450
42.1519,31.9621,450
42.1577,18.3474,450
42.1577,22.2592,450
42.1577,29.4910,450
42.1626,29.6773,450
42.1645,30.1523,450
42.1665,18.2037,450
42.1678,26.2694,450
42.1686,26.1365,450
42.1732,18.5658,450
42.1733,28.0604,450
42.1758,16.1781,450
42.1759,29.9321,450
42.1784,23.1825,450
42.1787,22.7819,450
42.1824,16.0901,450
42.1828,24.9354,450
42.1841,24.4806,450
42.1863,30.5516,450
42.1875,21.1236,450
42.1883,30.6774,450
42.1977,28.9141,450
42.2018,17.8745,450
42.2044,19.2609,450
42.2132,18.0661,450
42.2133,18.2970,450
42.2133,19.9507,450
42.2183,14.8911,450
42.2194,34.0366,450
42.2251,11.7784,450
42.2252,19.4165,450
42.2255,19.0339,450
42.2276,20.8536,450
42.2330,17.7593,450
42.2367,27.2063,450
42.2375,26.1790,450
42.2429,29.7338,450
42.2457,18.1121,450
42.2498,18.3754,450
42.2536,21.7432,450
42.2567,52.9588,450
42.2575,23.1956,450
42.2576,21.0552,450
42.2596,25.8984,450
42.2629,31.6043,450
42.2706,19.5412,450
42.2745,25.9950,450
42.2777,26.5493,450
42.2796,17.7877,450
42.2849,29.3059,450
42.2888,21.7736,450
42.2889,20.9474,450
42.2986,13.6172,450
42.2987,21.4773,450
42.2990,77.5994,450
42.2998,23.1709,450
42.2998,28.1568,450
42.3063,24.5788,450
42.3083,29.6377,450
42.3113,24.7206,450
42.3138,18.8981,450
42.3147,21.2324,450
42.3164,22.3348,450
42.3176,20.2096,450
42.3195,21.2486,450
42.3196,30.2716,450
42.3230,15.1440,450
42.3252,20.7256,450
42.3266,32.7806,450
42.3327,22.8471,450
42.3411,15.0859,450
42.3412,25.1823,450
42.3450,28.5347,450
42.3483,17.9956,450
42.3513,4.7556,450
42.3545,18.0021,450
42.3546,17.7163,450
42.3547,29.7789,450
42.3550,35.0318,450
42.3562,24.8401,450
42.3584,21.4119,450
42.3613,23.4634,450
42.3643,25.8422,450
42.3671,25.1128,450
42.3684,8.3616,450
42.3711,14.2503,450
42.3725,29.8732,450
42.3762,22.7936,450
42.3762,8.4792,450
42.3762,24.4747,450
42.3774,35.6982,450
42.3794,63.9315,450
42.3808,22.6396,450
42.3837,32.2757,450
42.3865,35.6065,450
42.3867,34.7888,450
42.3915,30.6565,450
42.3915,29.2409,450
42.3951,26.3330,450
42.3958,22.9228,450
42.4001,38.9585,450
42.4049,35.4189,450
42.4050,25.4216,450
42.4095,30.8473,450
42.4096,31.1715,450
42.4096,36.3686,450
42.4116,32.4736,450
42.4164,23.8882,450
42.4282,21.3677,450
42.4283,21.3298,450
42.4283,22.6035,450
42.4283,25.6377,450
42.4344,32.3140,450
42.4345,32.1959,450
42.4357,31.0330,450
42.4362,22.5721,450
42.4384,27.2045,450
42.4408,27.7808,450
42.4420,24.8883,450
42.4421,24.8259,450
42.4440,54.8644,450
42.4503,23.4116,450
42.4577,5.2195,450
42.4577,23.4122,450
42.4577,24.7915,450
42.4577,25.6128,450
42.4629,29.9482,450
42.4648,22.9550,450
42.4674,24.5626,450
42.4675,47.8295,450
42.4675,21.6892,450
42.4689,19.1295,450
42.4690,39.4523,450
42.4799,22.8901,450
42.4799,16.2546,450
42.4809,23.1313,450
42.4885,51.0555,450
42.4886,20.7104,450
42.4886,20.6551,450
42.4898,25.5395,450
42.4908,27.9018,450
42.4975,17.5608,450
42.4976,21.0958,450
42.5034,14.8642,450
42.5082,32.7718,450
42.5110,20.9388,450
42.5176,18.6918,450
42.5192,20.3323,450
42.5226,22.6424,450
42.5228,22.5135,450
42.5296,28.3199,450
42.5335,27.7130,450
42.5400,18.4986,450
42.5410,18.6415,450
42.5412,24.8985,450
42.5442,29.1283,450
42.5475,20.7700,450
42.5504,18.4138,450
42.5543,18.9872,450
42.5544,30.9895,450
42.5600,32.5561,450
42.5607,31.7948,450
42.5639,20.7308,450
42.5648,19.8485,450
42.5657,28.9065,450
42.5664,56.9098,450
42.5665,23.5552,450
42.5679,26.6705,450
42.5710,31.6607,450
42.5711,36.2693,450
42.5725,32.2402,450
42.5749,24.5321,450
42.5751,36.2788,450
42.5763,29.3229,450
42.5795,23.1921,450
42.5803,38.7779,450
42.5892,29.7902,450
42.5949,20.3683,450
42.5954,19.8911,450
42.5982,22.8094,450
42.5983,26.8693,450
42.6018,17.1643,450
42.6029,31.4106,450
42.6057,21.2940,450
42.6063,19.8255,450
42.6100,26.7524,450
42.6102,19.6501,450
42.6139,20.4068,450
42.6208,18.8016,450
42.6227,20.2410,450
42.6267,33.2809,450
42.6268,23.8689,450
42.6287,24.3223,450
42.6295,24.7286,450
42.6327,30.8561,450
42.6421,15.0463,450
42.6431,16.9472,450
42.6444,19.1446,450
42.6484,22.9072,450
42.6515,11.9893,450
42.6556,19.0718,450
42.6588,18.2077,450
42.6644,25.6318,450
42.6653,20.4323,450
42.6654,21.3702,450
42.6698,17.4517,450
42.6699,22.8974,450
42.6710,19.0637,450
42.6712,27.6376,450
42.6712,55.3372,450
42.6727,26.0603,450
42.6740,24.7529,450
42.6752,30.7627,450
42.6753,38.8028,450
42.6806,26.3136,450
42.6835,32.7341,450
42.6837,38.5743,450
42.6913,29.3106,450
42.6922,22.4767,450
42.6923,24.3174,450
42.6976,21.8471,450
42.6977,25.7308,450
42.6984,24.3036,450
42.7036,18.3845,450
42.7053,24.7515,450
42.7061,24.7281,450
42.7073,23.4791,450
42.7080,39.6185,450
42.7127,18.9589,450
42.7128,23.8262,450
42.7135,32.9923,450
42.7138,26.7685,450
42.7151,22.8461,450
42.7183,27.5693,450
42.7184,37.3656,450
42.7199,75.9532,450
42.7200,31.3090,450
42.7227,28.6194,450
42.7237,35.2152,450
42.7237,32.0380,450
42.7249,34.2806,450
42.7253,34.3840,450
42.7262,42.9083,450
42.7347,30.9304,450
42.7349,43.6503,450
42.7354,39.7155,450
42.7362,39.3075,450
42.7394,32.7426,450
42.7395,38.4195,450
42.7444,48.4546,450
42.7445,37.7723,450
42.7450,34.0939,450
42.7454,37.5283,450
42.7464,38.2398,450
42.7468,40.5193,450
42.7469,36.8529,450
42.7553,36.9356,450
42.7587,39.9077,450
42.7597,36.1772,450
42.7619,35.2702,450
42.7642,43.9982,450
42.7658,45.9540,450
42.7688,31.7709,450
42.7714,39.9861,450
42.7716,45.3067,450
42.7790,40.8179,450
42.7791,42.0750,450
42.7861,25.6671,450
42.7874,31.1956,450
42.7886,30.8348,450
42.7915,25.5102,450
42.7926,24.4049,450
42.7969,32.2105,450
42.7970,37.4732,450
42.8008,29.6504,450
42.8028,26.6743,450
42.8129,16.1997,450
42.8149,15.7539,450
42.8149,20.3690,450
42.8154,22.3107,450
42.8169,19.1128,450
42.8170,24.7748,450
42.8184,23.6746,450
42.8237,7.2451,450
42.8249,26.5901,450
42.8281,33.1743,450
42.8287,32.1107,450
42.8301,21.4422,450
42.8325,24.5374,450
42.8326,10.4545,450
42.8359,36.5025,450
42.8369,23.9311,450
42.8416,31.8682,450
42.8455,21.3526,450
42.8477,19.1231,450
42.8478,33.9307,450
42.8548,18.4688,450
42.8549,20.1400,450
42.8561,21.2318,450
42.8626,18.6292,450
42.8627,7.0240,450
42.8647,22.3738,450
42.8723,15.0563,450
42.8732,20.5723,450
42.8742,20.8931,450
42.8763,19.2836,450
42.8831,19.7026,450
42.8832,28.6121,450
42.8865,19.8157,450
42.8923,28.3160,450
42.8924,20.0871,450
42.8924,20.7738,450
42.8936,22.2805,450
42.8937,27.8709,450
42.8937,26.9399,450
42.8943,26.7510,450
42.8943,41.6018,450
42.9014,22.0881,450
42.9015,26.2550,450
42.9029,36.5732,450
42.9061,26.4080,450
42.9079,27.1745,450
42.9080,34.3478,450
42.9081,27.8728,450
42.9101,31.7013,450
42.9120,62.9836,450
42.9152,38.7946,450
42.9189,27.9945,450
42.9197,35.4519,450
42.9236,38.9664,450
42.9248,29.2345,450
42.9275,21.8329,450
42.9319,38.8999,450
42.9329,29.6824,450
42.9352,28.7484,450
42.9353,30.6061,450
42.9376,27.4469,450
42.9385,27.8630,450
42.9388,36.2273,450
42.9457,25.0281,450
42.9484,33.8879,450
42.9492,27.8758,450
42.9500,28.0791,450
42.9536,40.2413,450
42.9537,24.3308,450
42.9623,30.2585,450
42.9699,34.2709,450
42.9711,26.2745,450
42.9729,19.5790,450
42.9749,14.8471,450
42.9781,27.0873,450
42.9782,19.9351,450
42.9784,22.5183,450
42.9804,23.7293,450
42.9805,23.6618,450
42.9805,26.5053,450
42.9810,25.2567,450
42.9823,29.0947,450
42.9853,27.2215,450
42.9854,42.7861,450
42.9875,29.2088,450
42.9883,27.2375,450
42.9914,29.7528,450
42.9926,38.7411,450
42.9963,42.1375,450
42.9965,31.6912,450
42.9992,32.3674,450
42.9993,32.6019,450
43.0027,15.0838,450
43.0035,42.2721,450
43.0050,31.1682,450
43.0071,35.7825,450
43.0093,39.6073,450
43.0095,41.8600,450
43.0146,27.3657,450
43.0163,25.6243,450
43.0212,37.7988,450
43.0308,19.8754,450
43.0339,25.9732,450
43.0340,12.9741,450
43.0409,27.2132,450
43.0409,22.3635,450
43.0455,22.5816,450
43.0458,64.1282,450
43.0470,24.0495,450
43.0478,22.9000,450
43.0490,22.7055,450
43.0534,18.2973,450
43.0536,22.7744,450
43.0546,29.4528,450
43.0547,25.4659,450
43.0548,37.9090,450
43.0583,38.2306,450
43.0652,20.8327,450
43.0672,31.4589,450
43.0717,26.9084,450
43.0793,21.5554,450
43.0839,24.4288,450
43.0855,13.1300,450
43.0890,23.8882,450
43.0893,14.8116,450
43.0948,31.6710,450
43.0957,26.9808,450
43.0982,19.5942,450
43.0993,19.3092,450
43.1012,30.5004,450
43.1021,32.7690,450
43.1023,20.3874,450
43.1031,32.7210,450
43.1083,23.4696,450
43.1084,38.1938,450
43.1095,31.0719,450
43.1142,20.0315,450
43.1178,33.1402,450
43.1185,24.8026,450
43.1211,27.5390,450
43.1225,20.4238,450
43.1233,30.1689,450
43.1242,22.4405,450
43.1299,5.3765,450
43.1335,18.4372,450
43.1351,26.7886,450
43.1352,16.7205,450
43.1382,19.0071,450
43.1383,18.8686,450
43.1408,20.4777,450
43.1450,19.6423,450
43.1451,24.3962,450
43.1451,22.2082,450
43.1451,38.2226,450
43.1463,31.6574,450
43.1481,25.8500,450
43.1501,27.7996,450
43.1520,58.8521,450
43.1584,19.8475,450
43.1585,21.4507,450
43.1606,23.4500,450
43.1613,28.9887,450
43.1614,32.4559,450
43.1618,34.7324,450
43.1633,37.6855,450
43.1713,28.5066,450
43.1715,23.9109,450
43.1736,22.1254,450
43.1770,30.1504,450
43.1822,19.6335,450
43.1823,36.0379,450
43.1823,24.8775,450
43.1850,22.1700,450
43.1870,26.9123,450
43.1903,25.4394,450
43.1936,20.2669,450
43.1948,26.3478,450
43.1989,22.9986,450
43.1990,20.7699,450
43.2062,11.6492,450
43.2062,29.2627,450
43.2091,21.5892,450
43.2174,15.3283,450
43.2181,17.1048,450
43.2186,14.0921,450
43.2199,21.9802,450
43.2218,26.2906,450
43.2222,23.1478,450
43.2289,29.4883,450
43.2290,34.7215,450
43.2290,28.9315,450
43.2290,29.3355,450
43.2317,22.3059,450
43.2337,24.6165,450
43.2382,24.7441,450
43.2415,21.5346,450
43.2427,20.2629,450
43.2491,20.8928,450
43.2600,21.0112,450
43.2601,20.8727,450
43.2649,22.8541,450
43.2665,16.9556,450
43.2705,19.8452,450
43.2727,19.7517,450
43.2728,18.6095,450
43.2738,23.7100,450
43.2739,28.4546,450
43.2747,25.8830,450
43.2764,25.9052,450
43.2814,27.9590,450
43.2825,26.8765,450
43.2825,22.2319,450
43.2901,19.5937,450
43.2903,30.1886,450
43.2913,29.1118,450
43.2965,22.0090,450
43.2966,23.8959,450
43.2998,20.2683,450
43.3016,33.6833,450
43.3038,22.9101,450
43.3040,30.8048,450
43.3073,23.7841,450
43.3078,18.9015,450
43.3096,31.1254,450
43.3132,28.6345,450
43.3134,29.5689,450
43.3148,32.0041,450
43.3180,21.4391,450
43.3220,19.8587,450
43.3249,33.4934,450
43.3251,22.7267,450
43.3305,27.8822,450
43.3313,19.7366,450
43.3370,18.2976,450
43.3376,21.2769,450
43.3395,15.2979,450
43.3405,33.5657,450
43.3418,21.0215,450
43.3418,24.6130,450
43.3423,24.5618,450
43.3451,39.9581,450
43.3453,27.4208,450
43.3498,28.3890,450
43.3530,21.9630,450
43.3543,57.6624,450
43.3569,21.2738,450
43.3571,21.7797,450
43.3608,29.5778,450
43.3609,29.4415,450
43.3609,27.6735,450
43.3624,34.7207,450
43.3649,23.7197,450
43.3660,40.0322,450
43.3724,24.1150,450
43.3732,35.0654,450
43.3745,27.1640,450
43.3752,34.9947,450
43.3762,30.9856,450
43.3803,25.7607,450
43.3832,23.9374,450
43.3849,22.2562,450
43.3850,26.8767,450
43.3915,29.5235,450
43.3928,27.6328,450
43.3956,20.7812,450
43.3962,28.5238,450
43.4007,22.0536,450
43.4015,29.8851,450
43.4021,16.9218,450
43.4046,26.3976,450
43.4097,32.5808,450
43.4098,21.2434,450
43.4111,29.3956,450
43.4185,31.2522,450
43.4185,21.9684,450
43.4197,34.9804,450
43.4246,19.7442,450
43.4270,12.4849,450
43.4383,18.9827,450
43.4441,25.0691,450
43.4477,15.7049,450
43.4477,27.2308,450
43.4477,21.8676,450
43.4486,26.0837,450
43.4508,38.2579,450
43.4516,23.0968,450
43.4517,61.2349,450
43.4537,29.9909,450
43.4575,26.6971,450
43.4606,28.5860,450
43.4606,28.3700,450
43.4620,22.2851,450
43.4655,20.9550,450
43.4663,22.6852,450
43.4664,28.2572,450
43.4713,26.1590,450
43.4736,25.7136,450
43.4787,33.5379,450
43.4800,22.2355,450
43.4877,27.6906,450
43.4908,21.1260,450
43.4915,20.4498,450
43.4916,21.3568,450
43.4916,32.0114,450
43.4935,23.2042,450
43.4958,38.2373,450
43.4959,35.9997,450
43.4959,27.6756,450
43.4989,35.5594,450
43.5074,26.5648,450
43.5079,26.5975,450
43.5094,26.2842,450
43.5118,28.9701,450
43.5156,17.3711,450
43.5185,19.5943,450
43.5186,28.6679,450
43.5238,19.5653,450
43.5243,21.9654,450
43.5247,21.5379,450
43.5292,26.7756,450
43.5313,18.8826,450
43.5323,21.6308,450
43.5331,22.8958,450
43.5395,45.0228,450
43.5451,21.2110,450
43.5466,17.2334,450
43.5523,17.1598,450
43.5540,27.5384,450
43.5540,20.2843,450
43.5621,25.3177,450
43.5622,25.5357,450
43.5628,44.0051,450
43.5650,22.7533,450
43.5651,21.5362,450
43.5665,23.1384,450
43.5666,29.1903,450
43.5734,26.3710,450
43.5775,19.6955,450
43.5776,21.9922,450
43.5776,19.5503,450
43.5807,22.8445,450
43.5829,23.5867,450
43.5830,64.1179,450
43.5830,38.3064,450
43.5867,23.7097,450
43.5890,18.0942,450
43.5915,30.3345,450
43.5923,51.7847,450
43.5929,23.8006,450
43.5954,38.3876,450
43.5963,34.9859,450
43.5983,19.6289,450
43.5998,45.4604,450
43.6060,19.4164,450
43.6071,38.2086,450
43.6088,24.9683,450
43.6118,23.8653,450
43.6119,32.9019,450
43.6161,23.6335,450
43.6162,29.0969,450
43.6227,22.8390,450
43.6375,17.6073,450
43.6376,29.7414,450
43.6376,24.6129,450
43.6376,21.8613,450
43.6376,33.1555,450
43.6376,25.1046,450
43.6398,38.5304,450
43.6441,29.6228,450
43.6441,26.2609,450
43.6548,15.9451,450
43.6580,52.6358,450
43.6589,19.4342,450
43.6589,6.2748,450
43.6611,25.2634,450
43.6613,23.1824,450
43.6613,26.8965,450
43.6699,21.7087,450
43.6704,29.2765,450
43.6724,23.8777,450
43.6743,19.7747,450
43.6845,19.1682,450
43.6850,27.1915,450
43.6894,18.2757,450
43.6898,28.6419,450
43.6985,20.8980,450
43.7025,21.9316,450
43.7056,20.7522,450
43.7069,33.2429,450
43.7097,20.6462,450
43.7102,20.0333,450
43.7103,19.9375,450
43.7112,28.7916,450
43.7185,14.0985,450
43.7186,21.6397,450
43.7198,20.1258,450
43.7262,22.3057,450
43.7264,26.8660,450
43.7264,26.3622,450
43.7264,23.4187,450
43.7313,25.8661,450
43.7344,6.1325,450
43.7367,17.1617,450
43.7406,24.2552,450
43.7414,19.5047,450
43.7423,15.1193,450
43.7467,18.2133,450
43.7482,30.8604,450
43.7492,20.7743,450
43.7511,43.9257,450
43.7535,21.4781,450
43.7562,19.1107,450
43.7564,19.7968,450
43.7574,51.2444,450
43.7597,26.2451,450
43.7618,24.2201,450
43.7619,27.8665,450
43.7670,23.4871,450
43.7671,23.0865,450
43.7689,25.3097,450
43.7739,16.6783,450
43.7748,23.2110,450
43.7756,22.2637,450
43.7765,28.2429,450
43.7782,23.5889,450
43.7819,30.6440,450
43.7892,21.2235,450
43.7893,19.5488,450
43.7893,19.6267,450
43.7930,32.8520,450
43.7932,20.9555,450
43.7969,29.0419,450
43.7970,22.3003,450
43.7988,24.2028,450
43.8031,28.5057,450
43.8041,23.4689,450
43.8051,33.0977,450
43.8051,28.2043,450
43.8169,19.5292,450
43.8169,19.3755,450
43.8188,34.7449,450
43.8192,22.0333,450
43.8198,30.2957,450
43.8198,21.3354,450
43.8219,31.9495,450
43.8219,21.4341,450
43.8252,34.4906,450
43.8271,33.2957,450
43.8273,28.5503,450
43.8309,26.7806,450
43.8309,30.3638,450
43.8405,20.9847,450
43.8425,19.0709,450
43.8426,20.9036,450
43.8434,25.1721,450
43.8454,27.2346,450
43.8454,29.2810,450
43.8476,29.3920,450
43.8515,40.7779,450
43.8529,32.6355,450
43.8529,32.3889,450
43.8546,31.1112,450
43.8547,37.2548,450
43.8563,16.1548,450
43.8564,49.8277,450
43.8587,39.9306,450
43.8588,39.3315,450
43.8589,26.2407,450
43.8599,46.5021,450
43.8603,37.9986,450
43.8610,37.1040,450
43.8626,52.3178,450
43.8677,44.2027,450
43.8678,41.6360,450
43.8736,32.8474,450
43.8742,41.4933,450
43.8744,35.4589,450
43.8844,35.4103,450
43.8844,27.6493,450
43.8844,37.7172,450
43.8844,31.1871,450
43.8913,29.2531,450
43.8913,33.4515,450
43.8913,33.4537,450
43.8975,30.0009,450
43.9005,27.0707,450
43.9006,30.9278,450
43.9021,25.4407,450
43.9070,27.4669,450
43.9071,37.2514,450
43.9071,24.3991,450
43.9072,33.5649,450
43.9072,33.2337,450
43.9081,47.0732,450
43.9176,37.6360,450
43.9238,28.4193,450
43.9239,31.3406,450
43.9239,31.7576,450
43.9286,34.2869,450
43.9287,30.8389,450
43.9287,30.2701,450
43.9305,27.8643,450
43.9306,36.3149,450
43.9340,32.3077,450
43.9362,30.6927,450
43.9363,35.8261,450
43.9382,42.3452,450
43.9398,34.3864,450
43.9412,30.9469,450
43.9412,42.1863,450
43.9436,36.5286,450
43.9446,35.8533,450
43.9456,37.5646,450
43.9513,32.1393,450
43.9514,36.0149,450
43.9514,36.0039,450
43.9514,43.4453,450
43.9541,41.6997,450
43.9665,29.3594,450
43.9728,22.0375,450
43.9730,22.8399,450
43.9730,28.5773,450
43.9752,28.4500,450
43.9768,39.9761,450
43.9769,33.0375,450
43.9770,30.8887,450
43.9788,31.7479,450
43.9789,39.8885,450
43.9789,33.6750,450
43.9821,34.1358,450
43.9861,31.9283,450
43.9868,30.3426,450
43.9897,31.7225,450
43.9899,37.6164,450
43.9900,42.4629,450
43.9909,49.7332,450
43.9940,33.7153,450
43.9954,39.2266,450
43.9954,39.2101,450
43.9960,45.1807,450
43.9972,48.5550,450
44.0026,35.3784,450
44.0028,35.1334,450
44.0028,45.6654,450
44.0034,42.4746,450
44.0034,51.2032,450
44.0045,45.6541,450
44.0046,44.7732,450
44.0046,55.3960,450
44.0075,45.1518,450
44.0099,52.4370,450
44.0114,52.9715,450
44.0115,37.1117,450
44.0136,48.8557,450
44.0137,56.3177,450
44.0151,54.9404,450
44.0173,52.8628,450
44.0229,58.6063,450
44.0231,60.9616,450
44.0231,67.5185,450
44.0270,58.7377,450
44.0337,47.5136,450
44.0353,50.4558,450
44.0399,45.8140,450
44.0400,46.3160,450
44.0414,47.3163,450
44.0417,48.9628,450
44.0436,51.9047,450
44.0445,61.3334,450
44.0484,49.6628,450
44.0485,49.6037,450
44.0485,52.3689,450
44.0496,48.5120,450
44.0539,52.2677,450
44.0540,59.2237,450
44.0576,50.4728,450
44.0655,47.2783,450
44.0684,50.2807,450
44.0694,43.8276,450
44.0699,53.1898,450
44.0700,56.7129,450
44.0706,53.1370,450
44.0717,51.3570,450
44.0725,54.1905,450
44.0740,60.6185,450
44.0782,52.8019,450
44.0802,54.4021,450
44.0831,49.3908,450
44.0838,62.1993,450
44.0856,51.9218,450
44.0918,46.5093,450
44.0973,43.6170,450
44.0999,43.6943,450
44.0999,45.6296,450
44.1013,44.7765,450
44.1013,60.4435,450
44.1023,49.2094,450
44.1059,58.6938,450
44.1060,58.5978,450
44.1110,52.1175,450
44.1122,40.1121,450
44.1157,50.1145,450
44.1158,62.5188,450
44.1256,39.4347,450
44.1293,46.3063,450
44.1294,51.0820,450
44.1296,41.4728,450
44.1354,45.0612,450
44.1356,39.3210,450
44.1356,42.2487,450
44.1356,45.3063,450
44.1397,55.4848,450
44.1474,43.4392,450
44.1475,39.0350,450
44.1475,33.3973,450
44.1546,34.2378,450
44.1559,34.8867,450
44.1604,31.9696,450
44.1634,31.7248,450
44.1651,37.2491,450
44.1652,38.9297,450
44.1687,30.0715,450
44.1700,32.1019,450
44.1736,33.8386,450
44.1737,33.1472,450
44.1737,39.1241,450
44.1765,44.5749,450
44.1766,43.8046,450
44.1846,28.4250,450
44.1847,31.4807,450
44.1878,33.3055,450
44.1901,34.0071,450
44.1909,36.1018,450
44.1943,38.5779,450
44.1952,43.8993,450
44.1980,35.6598,450
44.2007,25.2460,450
44.2061,40.6132,450
44.2061,27.1222,450
44.2076,29.0878,450
44.2123,26.8319,450
44.2146,31.4425,450
44.2156,28.8607,450
44.2165,22.6303,450
44.2196,26.4794,450
44.2262,19.4080,450
44.2314,19.4743,450
44.2326,19.1458,450
44.2448,30.7262,450
44.2448,21.1190,450
44.2461,20.6461,450
44.2501,18.6487,450
44.2518,23.1779,450
44.2538,18.5915,450
44.2576,11.2503,450
44.2598,21.7566,450
44.2608,26.4193,450
44.2627,31.5908,450
44.2650,16.5550,450
44.2679,18.7138,450
44.2699,19.9414,450
44.2708,19.0614,450
44.2715,22.3329,450
44.2749,19.3783,450
44.2757,21.2544,450
44.2758,23.2226,450
44.2828,19.4948,450
44.2858,25.3661,450
44.2859,17.4209,450
44.2869,33.6759,450
44.2886,21.6165,450
44.2895,22.3868,450
44.2896,25.1483,450
44.2897,25.6334,450
44.2935,33.0746,450
44.3013,25.6330,450
44.3086,30.8515,450
44.3108,15.7800,450
44.3118,34.0425,450
44.3139,25.2762,450
44.3167,14.1910,450
44.3228,18.6895,450
44.3256,24.3973,450
44.3294,27.2527,450
44.3307,24.3309,450
44.3342,26.7297,450
44.3356,19.4458,450
44.3374,20.9459,450
44.3375,24.1087,450
44.3375,27.3449,450
44.3405,34.7679,450
44.3406,25.0518,450
44.3440,22.6521,450
44.3450,21.6389,450
44.3459,32.7253,450
44.3459,26.7426,450
44.3508,27.7714,450
44.3550,27.6172,450
44.3558,22.7429,450
44.3576,25.0526,450
44.3605,26.0820,450
44.3611,24.3091,450
44.3703,17.9309,450
44.3709,15.1586,450
44.3743,20.7334,450
44.3750,28.5141,450
44.3750,22.6024,450
44.3811,18.1100,450
44.3812,19.7515,450
44.3840,25.2279,450
44.3850,19.3465,450
44.3867,21.4238,450
44.3868,27.3721,450
44.3881,32.4361,450
44.3897,24.0238,450
44.3909,24.7278,450
44.3918,35.2853,450
44.3977,22.8723,450
44.3990,32.3313,450
44.3997,31.5604,450
44.3998,27.3262,450
44.4036,23.4792,450
44.4055,35.4167,450
44.4082,30.6464,450
44.4094,24.7129,450
44.4126,33.3536,450
44.4126,29.0055,450
44.4140,20.0963,450
44.4150,40.6504,450
44.4151,29.2687,450
44.4183,28.7506,450
44.4184,28.5786,450
44.4193,30.6801,450
44.4301,30.2332,450
44.4338,20.7870,450
44.4339,24.9650,450
44.4358,22.0727,450
44.4359,27.3934,450
44.4381,29.0344,450
44.4404,22.3016,450
44.4411,25.4669,450
44.4411,35.6687,450
44.4425,27.7280,450
44.4517,24.3696,450
44.4524,22.8831,450
44.4538,25.2401,450
44.4550,27.7254,450
44.4555,23.6179,450
44.4560,34.4558,450
44.4585,31.9527,450
44.4616,24.8359,450
44.4629,26.4788,450
44.4663,24.0892,450
44.4664,34.2824,450
44.4780,19.2171,450
44.4781,31.2783,450
44.4794,20.5213,450
44.4849,22.2936,450
44.4850,24.3779,450
44.4850,34.5635,450
44.4850,28.5313,450
44.4901,26.7910,450
44.4961,20.4154,450
44.5065,26.7443,450
44.5085,3.6560,450
44.5119,18.5126,450
44.5119,21.2869,450
44.5120,22.4965,450
44.5164,18.8954,450
44.5189,22.0259,450
44.5252,10.1408,450
44.5291,26.5419,450
44.5320,24.7015,450
44.5324,23.2596,450
44.5324,23.0909,450
44.5336,21.7883,450
44.5348,28.6506,450
44.5399,15.7579,450
44.5412,20.3326,450
44.5476,18.9778,450
44.5536,23.3561,450
44.5542,21.4161,450
44.5552,29.8453,450
44.5555,26.1042,450
44.5556,29.5188,450
44.5613,21.1118,450
44.5644,24.8415,450
44.5653,25.2759,450
44.5684,7.1920,450
44.5698,24.2221,450
44.5699,23.5055,450
44.5742,20.6808,450
44.5758,22.3839,450
44.5763,26.6420,450
44.5781,24.8263,450
44.5789,26.5242,450
44.5802,19.3608,450
44.5811,29.6624,450
44.5811,40.7638,450
44.5842,26.5497,450
44.5869,26.3890,450
44.5870,21.1330,450
44.5920,25.3976,450
44.5957,22.8834,450
44.5983,8.5659,450
44.6031,21.8272,450
44.6032,19.0775,450
44.6095,21.7581,450
44.6097,34.0826,450
44.6122,26.1309,450
44.6129,25.4302,450
44.6200,25.0894,450
44.6208,17.5613,450
44.6220,25.3944,450
44.6221,37.1226,450
44.6239,27.0443,450
44.6240,24.6926,450
44.6264,32.8678,450
44.6284,36.3128,450
44.6289,25.7536,450
44.6438,18.7088,450
44.6438,20.2728,450
44.6455,18.0229,450
44.6465,31.5920,450
44.6471,26.8261,450
44.6472,34.8644,450
44.6537,34.1987,450
44.6574,30.5355,450
44.6581,26.1525,450
44.6626,18.6959,450
44.6663,23.8711,450
44.6664,22.2602,450
44.6664,33.1852,450
44.6664,35.7874,450
44.6684,30.7316,450
44.6685,26.3192,450
44.6695,27.9232,450
44.6711,27.9993,450
44.6740,58.8096,450
44.6789,25.0362,450
44.6828,21.1016,450
44.6841,22.0882,450
44.6842,36.5678,450
44.6862,29.7260,450
44.6877,23.2555,450
44.6902,27.7106,450
44.6933,27.0288,450
44.6971,23.6262,450
44.6996,44.2238,450
44.7032,20.2265,450
44.7034,23.1655,450
44.7080,21.3355,450
44.7193,18.2529,450
44.7193,21.4811,450
44.7193,21.4831,450
44.7194,23.9298,450
44.7202,30.6054,450
44.7393,32.9603,450
44.7405,23.1637,450
44.7423,20.6527,450
44.7486,32.1625,450
44.7487,31.0808,450
44.7527,18.1881,450
44.7529,20.3247,450
44.7608,18.3375,450
44.7609,6.1260,450
44.7618,58.7013,450
44.7635,30.7752,450
44.7689,14.6243,450
44.7707,29.0460,450
44.7708,15.9569,450
44.7715,20.2561,450
44.7769,22.0056,450
44.7790,20.6937,450
44.7802,18.7008,450
44.7802,6.5155,450
44.7836,48.0082,450
44.7863,33.6524,450
44.7943,18.0716,450
44.7943,25.1039,450
44.7951,26.5389,450
44.7951,58.5690,450
44.7975,33.0944,450
44.7990,20.5117,450
44.8051,18.6709,450
44.8090,21.5193,450
44.8109,31.1675,450
44.8110,22.5341,450
44.8231,20.4875,450
44.8356,7.9763,450
44.8370,23.4106,450
44.8391,27.3329,450
44.8454,27.6264,450
44.8459,24.8905,450
44.8460,30.1033,450
44.8482,32.0698,450
44.8491,23.8858,450
44.8511,28.3730,450
44.8529,57.9769,450
44.8578,17.4339,450
44.8579,23.3727,450
44.8579,24.8073,450
44.8597,31.5597,450
44.8611,26.7892,450
44.8620,36.6203,450
44.8648,29.3484,450
44.8650,29.1808,450
44.8650,33.0530,450
44.8650,33.0199,450
44.8739,37.4728,450
44.8741,32.8068,450
44.8757,32.9010,450
44.8792,25.5760,450
44.8803,26.5984,450
44.8807,32.5817,450
44.8827,28.6867,450
44.8867,27.6233,450
44.8868,27.9582,450
44.8897,24.9932,450
44.8927,23.5181,450
44.8927,42.6150,450
44.9029,28.6624,450
44.9038,23.9835,450
44.9108,17.5660,450
44.9109,20.5956,450
44.9110,22.8911,450
44.9138,25.4826,450
44.9245,15.5128,450
44.9246,19.7420,450
44.9261,48.1705,450
44.9273,17.0301,450
44.9284,23.2119,450
44.9324,24.6439,450
44.9326,30.2042,450
44.9364,13.9305,450
44.9424,29.6157,450
44.9511,21.2493,450
44.9533,18.7813,450
44.9551,27.8814,450
44.9562,20.8047,450
44.9615,25.3903,450
44.9615,17.5655,450
44.9615,34.1693,450
44.9632,37.4292,450
44.9651,21.7693,450
44.9663,24.7769,450
44.9683,28.3756,450
44.9694,19.2256,450
44.9707,36.1567,450
44.9714,24.6016,450
44.9827,16.0945,450
44.9840,17.7410,450
44.9841,21.1565,450
44.9856,27.7033,450
44.9866,22.3163,450
44.9875,25.1062,450
44.9885,27.4771,450
44.9885,26.7979,450
44.9896,28.5486,450
44.9896,37.5336,450
44.9896,40.0807,450
44.9937,29.1541,450
44.9939,31.8123,450
44.9976,35.9946,450
44.9995,33.6986,450
45.0016,31.2012,450
45.0017,38.5944,450
45.0027,46.6277,450
45.0047,33.0774,450
45.0054,31.2768,450
45.0063,33.8685,450
45.0083,34.0925,450
45.0103,37.0949,450
45.0172,30.1391,450
45.0172,32.0186,450
45.0257,33.4210,450
45.0265,29.1593,450
45.0295,29.5958,450
45.0327,27.5590,450
45.0327,27.4944,450
45.0345,24.6910,450
45.0355,27.5211,450
45.0358,38.0870,450
45.0389,25.8778,450
45.0399,27.9750,450
45.0417,40.2867,450
45.0455,26.2354,450
45.0514,23.5922,450
45.0521,21.7493,450
45.0580,21.4749,450
45.0587,23.2904,450
45.0619,26.1293,450
45.0619,32.2769,450
45.0630,24.9406,450
45.0669,27.7643,450
45.0713,24.2925,450
45.0715,20.0542,450
45.0731,21.3489,450
45.0736,36.5629,450
45.0759,19.6760,450
45.0765,23.1748,450
45.0766,23.0618,450
45.0806,29.3614,450
45.0855,22.5846,450
45.0871,20.3069,450
45.0902,18.4369,450
45.0910,21.8089,450
45.0942,26.7822,450
45.0972,33.4178,450
45.0986,20.2112,450
45.1024,20.6391,450
45.1033,17.7713,450
45.1033,20.9873,450
45.1099,19.3685,450
45.1110,19.3911,450
45.1163,31.6810,450
45.1179,15.7382,450
45.1180,32.3366,450
45.1208,23.0082,450
45.1218,25.8379,450
45.1243,16.7902,450
45.1250,28.5868,450
45.1294,18.2411,450
45.1296,18.3991,450
45.1317,26.7898,450
45.1323,23.7931,450
45.1346,30.7586,450
45.1378,20.0689,450
45.1384,24.3007,450
45.1427,31.9784,450
45.1467,17.8953,450
45.1497,14.6218,450
45.1526,17.7065,450
45.1574,17.2437,450
45.1575,6.0338,450
45.1578,22.0502,450
45.1590,28.0906,450
45.1620,21.5902,450
45.1642,22.0466,450
45.1696,16.5885,450
45.1697,17.3475,450
45.1736,27.0733,450
45.1762,21.4868,450
45.1763,29.3574,450
45.1773,27.1178,450
45.1825,20.1313,450
45.1827,19.9908,450
45.1873,17.9358,450
45.1881,16.2766,450
45.1902,19.9057,450
45.1933,26.9956,450
45.2017,15.4223,450
45.2041,19.9578,450
45.2042,19.8051,450
45.2049,30.7916,450
45.2052,21.6873,450
45.2074,31.3749,450
45.2114,26.5894,450
45.2123,21.9229,450
45.2233,33.2124,450
45.2235,14.3850,450
45.2259,18.8938,450
45.2314,20.3157,450
45.2324,19.2851,450
45.2325,41.9424,450
45.2342,23.1292,450
45.2357,21.8874,450
45.2365,20.8674,450
45.2365,37.9682,450
45.2424,16.0477,450
45.2428,34.7996,450
45.2476,24.0010,450
45.2482,30.2674,450
45.2511,15.7330,450
45.2538,23.1310,450
45.2576,27.7357,450
45.2577,19.2329,450
45.2606,18.9177,450
45.2728,9.8611,450
45.2777,51.1116,450
45.2785,27.7066,450
45.2807,20.5275,450
45.2818,18.0333,450
45.2875,18.0110,450
45.2926,18.4617,450
45.2965,18.4878,450
45.2989,27.0898,450
45.2999,33.6185,450
45.3010,21.5919,450
45.3039,32.0399,450
45.3058,19.9943,450
45.3087,16.7072,450
45.3089,17.1479,450
45.3136,29.2512,450
45.3195,30.0453,450
45.3226,73.9478,450
45.3256,3.6440,450
45.3284,21.2220,450
45.3297,13.3456,450
45.3319,28.1942,450
45.3368,18.8994,450
45.3385,19.8017,450
45.3392,19.8618,450
45.3418,26.1370,450
45.3419,23.6883,450
45.3447,29.6124,450
45.3496,24.6707,450
45.3549,20.2418,450
45.3591,51.0898,450
45.3602,21.8135,450
45.3625,29.6729,450
45.3657,18.0616,450
45.3665,20.3763,450
45.3730,17.6124,450
45.3738,19.7313,450
45.3739,18.8513,450
45.3821,17.5231,450
45.3822,25.9553,450
45.3838,26.3164,450
45.3858,21.7317,450
45.3926,18.4941,450
45.3927,17.5232,450
45.3955,33.3098,450
45.3956,25.2516,450
45.3986,30.8117,450
45.3991,26.5652,450
45.4014,21.1374,450
45.4064,16.1404,450
45.4141,21.0641,450
45.4142,60.5604,450
45.4150,25.0192,450
45.4151,22.7915,450
45.4158,10.1057,450
45.4209,21.1198,450
45.4257,18.6913,450
45.4291,9.9665,450
45.4348,24.6217,450
45.4386,21.6205,450
45.4397,24.0755,450
45.4454,24.0471,450
45.4483,15.4342,450
45.4532,29.7410,450
45.4561,30.7166,450
45.4567,18.7059,450
45.4578,25.1657,450
45.4582,22.1805,450
45.4583,28.5151,450
45.4674,17.5540,450
45.4682,18.6309,450
45.4713,29.0207,450
45.4733,18.5942,450
45.4791,23.3019,450
45.4846,26.0173,450
45.4847,17.7107,450
45.4848,22.1397,450
45.4947,19.7284,450
45.4949,20.6428,450
45.4976,23.3814,450
45.4994,27.6578,450
45.5025,32.3578,450
45.5059,12.6387,450
45.5060,20.3316,450
45.5060,8.1389,450
45.5132,18.5970,450
45.5170,17.8024,450
45.5178,19.6252,450
45.5183,21.9003,450
45.5237,23.9869,450
45.5238,27.4098,450
45.5269,19.7347,450
45.5316,19.0176,450
45.5338,17.3947,450
45.5368,22.3514,450
45.5393,16.9294,450
45.5402,32.9338,450
45.5433,18.2882,450
45.5435,33.3124,450
45.5448,25.2459,450
45.5461,21.5761,450
45.5494,23.4329,450
45.5580,19.2458,450
45.5580,29.8509,450
45.5590,29.7994,450
45.5618,20.5359,450
45.5624,22.4340,450
45.5658,27.0029,450
45.5680,20.8746,450
45.5721,16.8050,450
45.5721,20.7585,450
45.5721,23.5221,450
45.5729,26.6929,450
45.5786,24.0125,450
45.5787,26.5307,450
45.5798,15.8955,450
45.5838,33.8049,450
45.5879,16.8115,450
45.5880,23.0946,450
45.5923,18.7892,450
45.5948,22.8893,450
45.6035,13.1970,450
45.6043,18.3059,450
45.6075,11.9981,450
45.6131,17.9908,450
45.6150,16.6454,450
45.6189,18.0980,450
45.6256,19.4545,450
45.6308,25.2574,450
45.6323,23.7584,450
45.6336,26.6330,450
45.6365,22.9106,450
45.6391,19.2383,450
45.6404,19.0564,450
45.6433,34.4780,450
45.6434,23.0108,450
45.6442,20.9271,450
45.6507,16.3584,450
45.6508,20.0548,450
45.6516,28.7220,450
45.6586,21.6728,450
45.6627,23.6354,450
45.6628,22.0617,450
45.6647,22.1170,450
45.6711,27.0700,450
45.6736,19.1166,450
45.6745,27.2315,450
45.6779,19.0083,450
45.6803,27.6238,450
45.6843,23.3607,450
45.6851,19.1755,450
45.6871,19.6485,450
45.6920,16.4093,450
45.6927,30.1381,450
45.6935,24.7544,450
45.6968,28.6830,450
45.7015,3.6993,450
45.7016,24.8886,450
45.7020,20.8315,450
45.7024,37.7378,450
45.7030,33.7482,450
45.7055,37.5454,450
45.7066,36.4725,450
45.7116,21.2753,450
45.7158,20.9743,450
45.7159,29.9432,450
45.7160,30.4923,450
45.7173,34.0733,450
45.7182,24.9013,450
45.7220,24.4524,450
45.7278,28.7819,450
45.7307,18.0840,450
45.7320,19.4291,450
45.7388,17.9793,450
45.7389,30.0015,450
45.7420,32.9482,450
45.7448,17.8611,450
45.7558,35.0343,450
45.7564,20.2109,450
45.7606,17.9711,450
45.7630,19.9544,450
45.7631,16.1960,450
45.7660,35.3286,450
45.7683,25.0432,450
45.7687,24.5753,450
45.7696,28.7121,450
45.7719,22.5670,450
45.7731,30.7503,450
45.7749,35.5688,450
45.7750,24.6573,450
45.7832,43.2612,450
45.7913,26.2814,450
45.7922,26.7337,450
45.7925,24.5869,450
45.7925,25.5853,450
45.7926,30.3721,450
45.7950,26.9695,450
45.7967,25.2361,450
45.7980,27.7055,450
45.8012,25.2030,450
45.8026,40.0816,450
45.8026,25.8875,450
45.8039,34.2214,450
45.8053,32.8661,450
45.8086,29.5037,450
45.8088,35.8529,450
45.8089,31.6318,450
45.8095,34.7589,450
45.8108,34.1629,450
45.8137,35.7174,450
45.8166,26.0531,450
45.8167,32.1951,450
45.8213,29.8870,450
45.8257,42.9953,450
45.8337,24.5822,450
45.8338,24.4633,450
45.8339,32.6710,450
45.8339,28.9657,450
45.8339,34.7960,450
45.8403,26.2623,450
45.8404,26.1706,450
45.8424,29.0111,450
45.8436,27.7839,450
45.8437,33.0594,450
45.8452,29.6496,450
45.8452,29.5695,450
45.8474,37.4864,450
45.8572,29.1323,450
45.8572,29.1769,450
45.8617,24.7290,450
45.8624,30.8468,450
45.8631,27.1369,450
45.8646,35.7043,450
45.8654,37.8219,450
45.8678,29.6487,450
45.8678,32.0905,450
45.8707,32.5552,450
45.8708,35.5654,450
45.8785,24.7090,450
45.8815,24.9653,450
45.8816,28.2364,450
45.8834,33.6956,450
45.8841,29.1445,450
45.8850,46.7221,450
45.8851,31.9852,450
45.8856,36.2022,450
45.8857,40.1900,450
45.8942,28.3001,450
45.8956,29.8145,450
45.8958,43.7088,450
45.8963,43.2133,450
45.8964,38.4087,450
45.8964,43.1028,450
45.8983,36.4587,450
45.8985,46.5364,450
45.9013,38.1648,450
45.9084,36.3093,450
45.9194,32.4105,450
45.9204,35.7691,450
45.9210,26.5821,450
45.9217,26.8570,450
45.9217,34.5069,450
45.9241,32.6402,450
45.9244,23.2909,450
45.9249,31.2459,450
45.9307,28.7981,450
45.9311,29.5470,450
45.9434,50.2505,450
45.9441,21.0554,450
45.9463,22.1962,450
45.9464,22.3876,450
45.9510,20.3087,450
45.9580,15.8871,450
45.9596,18.3864,450
45.9620,17.9652,450
45.9646,18.1014,450
45.9647,17.0085,450
45.9672,19.8035,450
45.9673,20.8912,450
45.9678,25.9912,450
45.9722,16.3471,450
45.9754,17.0080,450
45.9821,33.6678,450
45.9839,14.7025,450
45.9870,28.7639,450
45.9880,18.1884,450
45.9911,21.8104,450
45.9986,13.2515,450
46.0007,17.7136,450
46.0018,19.0304,450
46.0018,29.6065,450
46.0024,25.0608,450
46.0031,27.8081,450
46.0046,23.4950,450
46.0047,23.4339,450
46.0051,29.4645,450
46.0053,41.0125,450
46.0095,22.6045,450
46.0111,27.7786,450
46.0121,27.6808,450
46.0147,37.7330,450
46.0169,21.9824,450
46.0177,26.4133,450
46.0177,25.6545,450
46.0177,42.8513,450
46.0230,25.8635,450
46.0231,31.8034,450
46.0259,30.7656,450
46.0261,31.1846,450
46.0298,28.0260,450
46.0299,25.9115,450
46.0315,33.1088,450
46.0347,37.4684,450
46.0393,29.5936,450
46.0397,32.4162,450
46.0415,34.6657,450
46.0478,29.2647,450
46.0488,28.2279,450
46.0539,23.7559,450
46.0559,28.3597,450
46.0592,23.3815,450
46.0593,24.9640,450
46.0597,31.7362,450
46.0605,22.9461,450
46.0606,34.1871,450
46.0616,37.0558,450
46.0617,34.9027,450
46.0657,33.8130,450
46.0720,26.6175,450
46.0786,21.5952,450
46.0787,20.2423,450
46.0825,27.7327,450
46.0867,28.3674,450
46.0868,16.8208,450
46.0933,3.9843,450
46.0972,17.8502,450
46.1001,11.9306,450
46.1021,16.6750,450
46.1022,19.8802,450
46.1035,22.9261,450
46.1038,23.1745,450
46.1071,19.8388,450
46.1094,34.2672,450
46.1094,31.0368,450
46.1141,20.4273,450
46.1161,21.5329,450
46.1191,20.3263,450
46.1210,25.7818,450
46.1264,20.3558,450
46.1265,17.7233,450
46.1265,21.8095,450
46.1296,33.6715,450
46.1296,19.9302,450
46.1324,33.7248,450
46.1334,23.1400,450
46.1336,25.0677,450
46.1338,26.5949,450
46.1393,30.0807,450
46.1394,30.8335,450
46.1400,26.1197,450
46.1454,23.0842,450
46.1468,28.7788,450
46.1475,19.1433,450
46.1479,26.9661,450
46.1486,27.2928,450
46.1496,34.8838,450
46.1497,33.7952,450
46.1502,41.4180,450
46.1509,32.8349,450
46.1521,36.9633,450
46.1543,46.4962,450
46.1556,46.8572,450
46.1561,36.8439,450
46.1569,34.7553,450
46.1578,47.2142,450
46.1593,37.8505,450
46.1594,42.6234,450
46.1621,40.1649,450
46.1658,38.2937,450
46.1667,39.0523,450
46.1688,47.0088,450
46.1702,40.4279,450
46.1727,47.9005,450
46.1728,40.7500,450
46.1734,47.4753,450
46.1741,52.2897,450
46.1751,45.5202,450
46.1815,48.1203,450
46.1819,44.1231,450
46.1820,39.4536,450
46.1828,43.5270,450
46.1854,44.7162,450
46.1903,49.4937,450
46.1917,48.0910,450
46.1917,44.2322,450
46.1952,45.2039,450
46.1964,37.7543,450
46.1981,45.0102,450
46.2026,43.4355,450
46.2039,46.3365,450
46.2041,50.9171,450
46.2056,44.3160,450
46.2067,47.6102,450
46.2075,47.7576,450
46.2076,48.9297,450
46.2104,69.5123,450
46.2109,53.4282,450
46.2150,49.4596,450
46.2176,46.7900,450
46.2178,57.1536,450
46.2245,42.8047,450
46.2246,45.8996,450
46.2265,49.7322,450
46.2287,46.0854,450
46.2302,44.7468,450
46.2302,49.4976,450
46.2319,51.9941,450
46.2320,51.9700,450
46.2342,49.8482,450
46.2389,47.9867,450
46.2428,52.1273,450
46.2457,58.1014,450
46.2467,53.1351,450
46.2468,46.1831,450
46.2475,46.8170,450
46.2475,49.8422,450
46.2543,49.2362,450
46.2543,51.3432,450
46.2543,58.1012,450
46.2601,52.5452,450
46.2602,59.9714,450
46.2639,54.5089,450
46.2643,48.0191,450
46.2663,61.4399,450
46.2693,55.0731,450
46.2694,42.7576,450
46.2707,57.7540,450
46.2734,49.2279,450
46.2748,55.4901,450
46.2749,52.7112,450
46.2811,41.7460,450
46.2859,49.5596,450
46.2860,42.4121,450
46.2871,45.9608,450
46.2935,42.9038,450
46.2936,52.1462,450
46.2965,43.6671,450
46.2984,48.3760,450
46.2992,46.6854,450
46.2993,47.3885,450
46.3025,54.2743,450
46.3026,54.0269,450
46.3114,35.5931,450
46.3120,42.6061,450
46.3121,44.6107,450
46.3171,42.3731,450
46.3181,43.6807,450
46.3190,42.9426,450
46.3191,46.0265,450
46.3198,49.0076,450
46.3280,37.8429,450
46.3347,34.3064,450
46.3358,36.8054,450
46.3393,42.2515,450
46.3422,39.2904,450
46.3423,45.2789,450
46.3424,45.6391,450
46.3461,23.0083,450
46.3480,35.7500,450
46.3499,32.3236,450
46.3501,37.9350,450
46.3517,39.3146,450
46.3609,29.4705,450
46.3643,39.2166,450
46.3644,33.2290,450
46.3689,25.4133,450
46.3757,22.1980,450
46.3816,16.2195,450
46.3817,22.7359,450
46.3825,17.9617,450
46.3870,35.9834,450
46.3880,21.9008,450
46.3946,18.4396,450
46.3974,26.0967,450
46.4069,18.3054,450
46.4083,29.1698,450
46.4084,21.6826,450
46.4100,33.8117,450
46.4120,21.0704,450
46.4139,26.0767,450
46.4169,28.8245,450
46.4170,22.7707,450
46.4179,27.1174,450
46.4193,26.3903,450
46.4218,23.2027,450
46.4294,17.4970,450
46.4366,17.8108,450
46.4367,24.5801,450
46.4379,23.3557,450
46.4392,79.1054,450
46.4412,35.0027,450
46.4418,22.2969,450
46.4447,27.6213,450
46.4463,26.0469,450
46.4470,28.8998,450
46.4476,24.7022,450
46.4501,25.7271,450
46.4509,25.3458,450
46.4535,51.0833,450
46.4604,19.5384,450
46.4651,30.1474,450
46.4652,21.4766,450
46.4680,27.9836,450
46.4681,20.9652,450
46.4713,21.1993,450
46.4714,30.5350,450
46.4743,20.8381,450
46.4745,20.8745,450
46.4791,20.6363,450
46.4809,17.8686,450
46.4856,17.4479,450
46.4915,16.4114,450
46.4989,26.7205,450
46.4990,22.1154,450
46.5016,23.7913,450
46.5016,23.9082,450
46.5019,23.5333,450
46.5063,28.1947,450
46.5064,22.3270,450
46.5126,21.9807,450
46.5177,19.7344,450
46.5177,25.2192,450
46.5184,25.5430,450
46.5188,23.1346,450
46.5204,23.5463,450
46.5214,26.3157,450
46.5233,21.3904,450
46.5241,27.7294,450
46.5247,21.1143,450
46.5260,24.8656,450
46.5338,28.0850,450
46.5367,27.4798,450
46.5424,31.6059,450
46.5424,26.8236,450
46.5459,22.3018,450
46.5460,15.8425,450
46.5513,28.8841,450
46.5532,26.4035,450
46.5572,26.9476,450
46.5573,26.8420,450
46.5583,21.3374,450
46.5605,23.7173,450
46.5612,22.9607,450
46.5613,26.1806,450
46.5636,26.7215,450
46.5685,21.8013,450
46.5685,66.7220,450
46.5703,23.3390,450
46.5751,5.3879,450
46.5772,22.5339,450
46.5801,16.9726,450
46.5802,33.0467,450
46.5833,13.7698,450
46.5861,26.5511,450
46.5862,25.7358,450
46.5892,22.5839,450
46.5970,21.7548,450
46.5988,14.8809,450
46.6007,24.5065,450
46.6026,18.7915,450
46.6066,18.6651,450
46.6083,17.4031,450
46.6103,21.5064,450
46.6103,35.4513,450
46.6103,31.8087,450
46.6132,35.4163,450
46.6174,19.0717,450
46.6204,16.0878,450
46.6206,19.7200,450
46.6262,16.8147,450
46.6274,19.0601,450
46.6309,18.2937,450
46.6316,19.6395,450
46.6338,28.1709,450
46.6363,15.3007,450
46.6373,19.5928,450
46.6374,27.9121,450
46.6382,23.0835,450
46.6399,28.5518,450
46.6430,32.2063,450
46.6483,16.4544,450
46.6489,28.6158,450
46.6496,22.2405,450
46.6503,27.6341,450
46.6526,34.8374,450
46.6527,22.7885,450
46.6556,24.2794,450
46.6557,38.6241,450
46.6685,18.9724,450
46.6711,18.8818,450
46.6746,26.6492,450
46.6787,22.1171,450
46.6858,12.8203,450
46.6917,17.6714,450
46.6918,21.7079,450
46.6924,8.4568,450
46.7002,20.9116,450
46.7036,29.6433,450
46.7051,22.3819,450
46.7064,15.5394,450
46.7083,21.9392,450
46.7128,17.3866,450
46.7173,17.8152,450
46.7174,20.7523,450
46.7182,22.7660,450
46.7212,17.1089,450
46.7292,18.6576,450
46.7333,4.8841,450
46.7369,26.0163,450
46.7497,27.2305,450
46.7506,32.7713,450
46.7529,12.0190,450
46.7541,29.5920,450
46.7568,22.7618,450
46.7630,19.2284,450
46.7666,21.5633,450
46.7667,20.8481,450
46.7695,31.4512,450
46.7712,12.5455,450
46.7747,20.4831,450
46.7752,51.6611,450
46.7822,19.5725,450
46.7826,25.1139,450
46.7864,29.9575,450
46.7872,32.2687,450
46.7890,32.6624,450
46.7987,15.5299,450
46.8021,25.4241,450
46.8054,16.8666,450
46.8055,21.9704,450
46.8057,44.9397,450
46.8065,20.4376,450
46.8066,20.2904,450
46.8070,27.1641,450
46.8093,31.7693,450
46.8094,29.4698,450
46.8096,30.6893,450
46.8132,25.6819,450
46.8161,31.6321,450
46.8184,26.7156,450
46.8267,22.8969,450
46.8350,21.5408,450
46.8397,25.0971,450
46.8428,21.8977,450
46.8444,26.2110,450
46.8444,20.4553,450
46.8497,18.7471,450
46.8587,18.0667,450
46.8588,21.0381,450
46.8620,19.7927,450
46.8709,18.2238,450
46.8718,21.1314,450
46.8730,18.3832,450
46.8847,19.5491,450
46.8848,21.6744,450
46.8876,21.3453,450
46.8877,21.1223,450
46.8877,36.6692,450
46.8886,22.3328,450
46.8894,28.5385,450
46.8906,26.2836,450
46.8936,26.4683,450
46.8956,24.1160,450
46.8996,23.7439,450
46.9058,28.4938,450
46.9059,21.0165,450
46.9059,33.9102,450
46.9069,30.4053,450
46.9077,27.1172,450
46.9077,31.7698,450
46.9104,26.8999,450
46.9105,40.3493,450
46.9126,36.0921,450
46.9155,27.6057,450
46.9163,26.8268,450
46.9163,29.6042,450
46.9163,34.5469,450
46.9173,40.8098,450
46.9173,33.7614,450
46.9202,36.5144,450
46.9210,44.6743,450
46.9219,39.9613,450
46.9235,34.8836,450
46.9250,46.1119,450
46.9260,38.6094,450
46.9273,26.1555,450
46.9303,49.3604,450
46.9311,39.3553,450
46.9335,53.1229,450
46.9364,72.1361,450
46.9365,53.1241,450
46.9373,39.8016,450
46.9381,50.2467,450
46.9389,47.7995,450
46.9410,42.8016,450
46.9412,50.8715,450
46.9426,41.2054,450
46.9434,45.3119,450
46.9434,56.7720,450
46.9443,50.8629,450
46.9453,52.6274,450
46.9499,48.6885,450
46.9530,55.5295,450
46.9558,47.4518,450
46.9559,50.1170,450
46.9559,54.8357,450
46.9572,51.2986,450
46.9576,67.5696,450
46.9583,56.0257,450
46.9611,65.6328,450
46.9648,49.0830,450
46.9649,54.8761,450
46.9680,58.1327,450
46.9681,52.1164,450
46.9693,59.5674,450
46.9719,62.6373,450
46.9720,62.0327,450
46.9734,57.5311,450
46.9760,59.4102,450
46.9768,66.5418,450
46.9769,69.2307,450
46.9809,58.3879,450
46.9848,53.4126,450
46.9885,66.2187,450
46.9916,54.9704,450
46.9916,58.8457,450
46.9923,64.8458,450
46.9924,58.1415,450
46.9948,55.7897,450
46.9957,58.8625,450
46.9996,58.9374,450
46.9997,57.5539,450
47.0035,59.9623,450
47.0075,50.3363,450
47.0086,55.3534,450
47.0186,46.1928,450
47.0192,60.6506,450
47.0247,44.9451,450
47.0310,51.7612,450
47.0310,49.3248,450
47.0370,43.3823,450
47.0371,45.8153,450
47.0419,33.3362,450
47.0434,48.5657,450
47.0453,40.6816,450
47.0453,41.2857,450
47.0468,47.6561,450
47.0488,43.1035,450
47.0490,57.0509,450
47.0529,39.4368,450
47.0538,48.1522,450
47.0544,55.5623,450
47.0544,46.7733,450
47.0559,46.6906,450
47.0583,49.2814,450
47.0584,57.9981,450
47.0630,43.4225,450
47.0648,56.5043,450
47.0655,58.8251,450
47.0706,47.7889,450
47.0714,50.4108,450
47.0750,43.4328,450
47.0751,54.7832,450
47.0774,52.8569,450
47.0776,54.0614,450
47.0788,51.2698,450
47.0789,50.9689,450
47.0822,35.0753,450
47.0828,47.3296,450
47.0972,42.8738,450
47.0972,38.4028,450
47.0976,37.9947,450
47.1004,39.6731,450
47.1042,39.1824,450
47.1044,43.8405,450
47.1102,37.8569,450
47.1123,35.1722,450
47.1156,36.5562,450
47.1173,34.9988,450
47.1204,44.2664,450
47.1205,36.2308,450
47.1233,35.3258,450
47.1259,35.3041,450
47.1260,38.6731,450
47.1296,37.6144,450
47.1297,31.7490,450
47.1309,39.3003,450
47.1314,39.6359,450
47.1335,33.7343,450
47.1346,36.4863,450
47.1346,35.5387,450
47.1389,41.4025,450
47.1392,41.7636,450
47.1401,44.8601,450
47.1433,42.2384,450
47.1455,42.0365,450
47.1465,45.0015,450
47.1553,36.2587,450
47.1580,28.5453,450
47.1580,38.3998,450
47.1630,37.7876,450
47.1631,38.8621,450
47.1638,38.4470,450
47.1666,40.8216,450
47.1667,35.0132,450
47.1697,37.1943,450
47.1718,43.3632,450
47.1719,39.3715,450
47.1731,41.7433,450
47.1791,48.5726,450
47.1810,44.1381,450
47.1810,40.9785,450
47.1852,39.9241,450
47.1865,38.1291,450
47.1872,47.0956,450
47.1967,34.1498,450
47.1989,31.9219,450
47.2003,31.0124,450
47.2025,34.7379,450
47.2072,35.0745,450
47.2097,28.0292,450
47.2106,30.7233,450
47.2106,32.3259,450
47.2106,32.3161,450
47.2180,24.9754,450
47.2181,29.3232,450
47.2184,44.2087,450
47.2230,42.0410,450
47.2231,40.1772,450
47.2233,32.2555,450
47.2274,30.9707,450
47.2300,31.4198,450
47.2327,29.9094,450
47.2328,30.4400,450
47.2336,30.7138,450
47.2337,29.5168,450
47.2337,32.2667,450
47.2345,38.5365,450
47.2364,45.4273,450
47.2391,47.3008,450
47.2431,33.4682,450
47.2460,40.2005,450
47.2489,29.4333,450
47.2547,26.5857,450
47.2552,22.6152,450
47.2552,36.5232,450
47.2556,74.9448,450
47.2577,30.1326,450
47.2581,40.0851,450
47.2634,36.5670,450
47.2639,34.1907,450
47.2643,35.8710,450
47.2652,33.0382,450
47.2690,34.4733,450
47.2719,46.6898,450
47.2721,38.3184,450
47.2721,42.6700,450
47.2762,41.7937,450
47.2763,42.4050,450
47.2764,36.1545,450
47.2815,36.1913,450
47.2821,40.5200,450
47.2845,45.9117,450
47.2847,51.7649,450
47.2847,40.6937,450
47.2855,37.6233,450
47.2863,54.2577,450
47.2872,40.6506,450
47.2895,43.1727,450
47.2907,48.3805,450
47.2918,52.7343,450
47.2921,51.5920,450
47.2945,50.9500,450
47.2994,53.5486,450
47.3025,42.4638,450
47.3047,56.4747,450
47.3057,43.7579,450
47.3058,47.2698,450
47.3157,37.4753,450
47.3247,36.5074,450
47.3256,29.6010,450
47.3257,38.7835,450
47.3308,37.6295,450
47.3309,45.9892,450
47.3317,37.7520,450
47.3323,37.0236,450
47.3345,34.4554,450
47.3394,35.6681,450
47.3397,34.6787,450
47.3405,34.5462,450
47.3420,34.9356,450
47.3453,38.0380,450
47.3453,38.5304,450
47.3481,35.1758,450
47.3483,41.5907,450
47.3498,34.9657,450
47.3540,42.8540,450
47.3541,48.0848,450
47.3556,42.6053,450
47.3568,37.3288,450
47.3599,34.2022,450
47.3605,44.9924,450
47.3658,44.7203,450
47.3680,34.9673,450
47.3680,35.1510,450
47.3727,29.5017,450
47.3742,36.3524,450
47.3751,43.0518,450
47.3826,16.2733,450
47.3826,30.5824,450
47.3859,45.2256,450
47.3888,27.4458,450
47.3927,26.4265,450
47.3928,38.3495,450
47.3935,36.4456,450
47.3957,31.5644,450
47.3974,32.6124,450
47.4005,41.6548,450
47.4016,29.5109,450
47.4017,40.7894,450
47.4045,32.8599,450
47.4095,54.5455,450
47.4127,31.9564,450
47.4176,25.4743,450
47.4200,28.6419,450
47.4209,23.7519,450
47.4221,32.7339,450
47.4249,29.3962,450
47.4251,21.9413,450
47.4304,23.0638,450
47.4316,31.6626,450
47.4337,26.5774,450
47.4361,23.3984,450
47.4363,27.0289,450
47.4404,24.9298,450
47.4431,24.5046,450
47.4441,29.0807,450
47.4470,26.2236,450
47.4489,24.3125,450
47.4519,22.3028,450
47.4542,22.9387,450
47.4542,22.8934,450
47.4555,25.6509,450
47.4619,23.9746,450
47.4634,32.4279,450
47.4645,20.3571,450
47.4645,37.7967,450
47.4673,22.3432,450
47.4675,25.9613,450
47.4678,26.9074,450
47.4718,26.8140,450
47.4720,26.7167,450
47.4797,22.2206,450
47.4799,22.4611,450
47.4836,21.4681,450
47.4887,18.9869,450
47.4925,23.3182,450
47.4925,15.1706,450
47.4975,24.6463,450
47.5002,22.4176,450
47.5004,22.2832,450
47.5004,26.3750,450
47.5034,22.5606,450
47.5035,25.9388,450
47.5068,25.4471,450
47.5094,22.8559,450
47.5095,29.7034,450
47.5114,23.0498,450
47.5115,26.0307,450
47.5149,70.0421,450
47.5209,20.8955,450
47.5209,21.5466,450
47.5215,29.4169,450
47.5286,14.4980,450
47.5364,19.9049,450
47.5380,20.4448,450
47.5464,16.8970,450
47.5536,25.0247,450
47.5536,19.7071,450
47.5536,26.5209,450
47.5596,16.6610,450
47.5629,31.4209,450
47.5630,23.7901,450
47.5655,19.5094,450
47.5657,23.4834,450
47.5657,30.6757,450
47.5685,25.5790,450
47.5696,21.4877,450
47.5701,19.9922,450
47.5725,32.3131,450
47.5726,27.7439,450
47.5759,26.9102,450
47.5772,26.7632,450
47.5884,20.7559,450
47.5885,20.5957,450
47.5885,28.5565,450
47.5885,23.4995,450
47.5903,21.7849,450
47.5943,26.1842,450
47.5960,27.6453,450
47.5960,21.2535,450
47.5964,25.7358,450
47.5996,27.5643,450
47.5996,20.7757,450
47.5996,30.2867,450
47.6033,19.7595,450
47.6035,29.0803,450
47.6044,37.7823,450
47.6113,30.7827,450
47.6143,26.0915,450
47.6163,19.1582,450
47.6164,34.4568,450
47.6170,27.9041,450
47.6193,32.0755,450
47.6199,22.0748,450
47.6248,32.7560,450
47.6249,26.9964,450
47.6274,30.5175,450
47.6283,36.3358,450
47.6293,37.1506,450
47.6301,34.5183,450
47.6347,27.8276,450
47.6356,35.2867,450
47.6359,30.5787,450
47.6406,31.3875,450
47.6475,32.2048,450
47.6520,18.8726,450
47.6554,18.8894,450
47.6555,19.1670,450
47.6640,13.9395,450
47.6649,18.2391,450
47.6698,21.0598,450
47.6699,30.2672,450
47.6708,20.2289,450
47.6740,19.5700,450
47.6740,15.7796,450
47.6779,23.0513,450
47.6779,21.6354,450
47.6788,22.1710,450
47.6788,22.0077,450
47.6810,21.8418,450
47.6817,26.3893,450
47.6869,21.1949,450
47.6895,21.3885,450
47.6897,20.6231,450
47.6897,25.5605,450
47.6910,24.8998,450
47.6928,24.1907,450
47.6953,29.3153,450
47.6954,35.3275,450
47.6955,25.0019,450
47.6955,27.4693,450
47.6955,38.1544,450
47.6967,37.3805,450
47.6986,29.9493,450
47.6986,40.8860,450
47.7003,50.0512,450
47.7018,42.6639,450
47.7019,48.5153,450
47.7046,42.4270,450
47.7065,43.9850,450
47.7110,44.9723,450
47.7137,44.0726,450
47.7153,36.0801,450
47.7159,37.0998,450
47.7170,38.8723,450
47.7179,42.5440,450
47.7215,37.5563,450
47.7216,36.2694,450
47.7233,44.4088,450
47.7277,32.6080,450
47.7299,34.7393,450
47.7300,42.6956,450
47.7329,39.8547,450
47.7334,34.1227,450
47.7356,40.5526,450
47.7364,55.7391,450
47.7386,44.4399,450
47.7387,44.0601,450
47.7400,42.3449,450
47.7400,45.3853,450
47.7400,55.0229,450
47.7401,58.4377,450
47.7411,44.3506,450
47.7422,56.0596,450
47.7423,68.2483,450
47.7432,58.7584,450
47.7438,54.7316,450
47.7500,57.4449,450
47.7501,57.2647,450
47.7585,48.5372,450
47.7594,74.9058,450
47.7613,58.1482,450
47.7636,51.2442,450
47.7637,57.8872,450
47.7638,51.0826,450
47.7649,55.9377,450
47.7672,53.2630,450
47.7747,46.0990,450
47.7749,48.3720,450
47.7753,45.8185,450
47.7775,60.8692,450
47.7821,52.6596,450
47.7851,46.1461,450
47.7852,49.2692,450
47.7859,50.9713,450
47.7883,48.9843,450
47.7886,62.4010,450
47.7887,59.1425,450
47.7918,50.5930,450
47.7949,51.0219,450
47.7974,50.3860,450
47.8060,45.0525,450
47.8060,48.7838,450
47.8065,56.2478,450
47.8105,30.6554,450
47.8143,41.3277,450
47.8144,44.2934,450
47.8144,48.9108,450
47.8144,60.6016,450
47.8147,52.7737,450
47.8197,49.0786,450
47.8200,48.7626,450
47.8234,44.3777,450
47.8235,54.5803,450
47.8263,51.7268,450
47.8302,51.6265,450
47.8332,50.8131,450
47.8341,44.1862,450
47.8368,47.1880,450
47.8370,49.4979,450
47.8382,62.7883,450
47.8400,50.3443,450
47.8404,52.1993,450
47.8414,57.3524,450
47.8454,51.3097,450
47.8473,49.0429,450
47.8499,60.8344,450
47.8596,48.2156,450
47.8626,40.8622,450
47.8627,41.8094,450
47.8647,41.0959,450
47.8669,43.8086,450
47.8680,59.6156,450
47.8698,46.2825,450
47.8704,52.6604,450
47.8720,44.3641,450
47.8776,42.2869,450
47.8828,37.0750,450
47.8926,38.1716,450
47.8958,39.6841,450
47.8958,34.4741,450
47.8978,45.4734,450
47.8979,32.8519,450
47.8999,38.0914,450
47.9019,31.7080,450
47.9020,45.6580,450
47.9040,38.2184,450
47.9048,41.3469,450
47.9071,36.1385,450
47.9151,41.5512,450
47.9151,36.6970,450
47.9151,33.0475,450
47.9168,39.8670,450
47.9220,28.8879,450
47.9221,43.7307,450
47.9221,68.6837,450
47.9247,34.7301,450
47.9249,40.8532,450
47.9287,31.5941,450
47.9289,37.0409,450
47.9289,46.5369,450
47.9303,48.9363,450
47.9316,38.5913,450
47.9318,69.2600,450
47.9369,42.0614,450
47.9370,45.3479,450
47.9375,44.2297,450
47.9385,46.6309,450
47.9391,47.7818,450
47.9391,55.6943,450
47.9407,53.9851,450
47.9418,50.1767,450
47.9448,46.0519,450
47.9463,47.5520,450
47.9502,44.7367,450
47.9536,43.9929,450
47.9563,45.7442,450
47.9586,43.4054,450
47.9587,52.9920,450
47.9590,49.8140,450
47.9617,44.3484,450
47.9618,54.1507,450
47.9648,58.0005,450
47.9653,57.3743,450
47.9690,46.8203,450
47.9730,44.9152,450
47.9790,39.3145,450
47.9842,39.4557,450
47.9891,34.6619,450
47.9901,36.0275,450
47.9913,40.6375,450
47.9917,32.1296,450
47.9941,40.1741,450
47.9949,42.4475,450
47.9949,26.4638,450
48.0003,41.8051,450
48.0003,136.7857,450
48.0021,42.9956,450
48.0047,45.4790,450
48.0048,53.5396,450
48.0114,35.6877,450
48.0140,48.4640,450
48.0219,36.4978,450
48.0228,39.6497,450
48.0277,27.5255,450
48.0310,27.1364,450
48.0330,12.2896,450
48.0332,32.5441,450
48.0392,34.9794,450
48.0409,32.8603,450
48.0440,24.2273,450
48.0443,25.7445,450
48.0478,22.3047,450
48.0479,24.8874,450
48.0479,24.8652,450
48.0500,42.4596,450
48.0546,25.1896,450
48.0566,34.4677,450
48.0576,26.2623,450
48.0592,37.8647,450
48.0634,32.7492,450
48.0648,26.2919,450
48.0683,24.1092,450
48.0718,29.3705,450
48.0730,20.5366,450
48.0731,35.4853,450
48.0797,16.4509,450
48.0797,22.0681,450
48.0797,33.0166,450
48.0840,30.6178,450
48.0841,26.4104,450
48.0868,25.3001,450
48.0870,32.8704,450
48.0923,29.5096,450
48.0947,29.5908,450
48.0954,22.8731,450
48.0963,23.5045,450
48.0966,22.3598,450
48.0986,28.2011,450
48.0987,27.7020,450
48.1003,20.8474,450
48.1007,31.7709,450
48.1010,30.4384,450
48.1017,29.0472,450
48.1027,27.9003,450
48.1034,36.9466,450
48.1035,35.7723,450
48.1041,35.1886,450
48.1052,48.0563,450
48.1077,35.8488,450
48.1087,40.5158,450
48.1120,38.2171,450
48.1132,33.2620,450
48.1145,43.6248,450
48.1207,45.9443,450
48.1235,46.7835,450
48.1252,34.0084,450
48.1290,43.7531,450
48.1295,35.0984,450
48.1296,36.4111,450
48.1357,34.5652,450
48.1382,35.6277,450
48.1388,40.9539,450
48.1389,47.2824,450
48.1423,29.4908,450
48.1450,34.6842,450
48.1636,16.0824,450
48.1641,13.6118,450
48.1646,21.8839,450
48.1655,33.4735,450
48.1690,25.7865,450
48.1691,25.6504,450
48.1693,32.3557,450
48.1704,36.9489,450
48.1720,26.9610,450
48.1730,35.9537,450
48.1741,27.5899,450
48.1852,22.0714,450
48.1882,11.3060,450
48.1897,21.4485,450
48.1906,21.0864,450
48.1968,21.5560,450
48.1978,21.3365,450
48.1983,29.7758,450
48.2132,17.2003,450
48.2134,20.6230,450
48.2134,23.4940,450
48.2161,28.2196,450
48.2177,16.1414,450
48.2299,20.6578,450
48.2331,22.8652,450
48.2355,20.9182,450
48.2366,20.4423,450
48.2387,12.0334,450
48.2399,20.3932,450
48.2416,23.4244,450
48.2418,22.7206,450
48.2418,30.1206,450
48.2427,34.8268,450
48.2435,27.6541,450
48.2443,27.6737,450
48.2443,29.6270,450
48.2453,30.6239,450
48.2496,28.1242,450
48.2497,30.5353,450
48.2546,26.6320,450
48.2550,34.9354,450
48.2666,19.4331,450
48.2717,18.1912,450
48.2731,19.0888,450
48.2757,30.5013,450
48.2767,19.2972,450
48.2842,30.8912,450
48.2880,18.2282,450
48.2911,4.8835,450
48.2912,20.3604,450
48.3008,17.9504,450
48.3009,29.5027,450
48.3075,25.4230,450
48.3104,28.5705,450
48.3148,3.9421,450
48.3149,21.3657,450
48.3172,15.6792,450
48.3173,21.2809,450
48.3180,35.1236,450
48.3211,67.6482,450
48.3261,19.1932,450
48.3267,20.7385,450
48.3291,23.3856,450
48.3332,22.9563,450
48.3374,18.7917,450
48.3383,22.1861,450
48.3412,64.9374,450
48.3446,17.6852,450
48.3447,22.5135,450
48.3453,27.0524,450
48.3459,27.1035,450
48.3459,22.6481,450
48.3459,39.0427,450
48.3490,30.6767,450
48.3534,23.5601,450
48.3552,32.0556,450
48.3552,21.7195,450
48.3562,31.2549,450
48.3572,37.9223,450
48.3657,21.4853,450
48.3664,31.5342,450
48.3665,26.4267,450
48.3672,25.7059,450
48.3699,25.2592,450
48.3700,34.8690,450
48.3707,34.2840,450
48.3707,30.5769,450
48.3707,41.1598,450
48.3739,31.0730,450
48.3754,25.8297,450
48.3766,42.7746,450
48.3826,22.5213,450
48.3833,29.5026,450
48.3850,37.5661,450
48.3876,31.5488,450
48.3877,34.8787,450
48.3915,27.6790,450
48.3924,30.3385,450
48.4001,22.5252,450
48.4002,38.4333,450
48.4032,23.6514,450
48.4042,26.2565,450
48.4090,23.9419,450
48.4112,23.9015,450
48.4214,17.0855,450
48.4215,27.9068,450
48.4261,24.7802,450
48.4271,21.1584,450
48.4278,23.6340,450
48.4344,22.4020,450
48.4344,20.6507,450
48.4373,17.8478,450
48.4375,21.4951,450
48.4377,23.6675,450
48.4464,17.7980,450
48.4465,20.8555,450
48.4480,17.0255,450
48.4507,14.3914,450
48.4668,20.9822,450
48.4668,21.3623,450
48.4668,21.5173,450
48.4673,35.1642,450
48.4710,31.3076,450
48.4711,26.2696,450
48.4732,21.7931,450
48.4733,40.3385,450
48.4764,37.9673,450
48.4870,22.0735,450
48.4870,23.4954,450
48.4871,22.1060,450
48.4935,21.0409,450
48.4936,27.3592,450
48.4964,20.7495,450
48.4976,19.8648,450
48.5003,32.9310,450
48.5023,5.0113,450
48.5064,17.6042,450
48.5087,22.0778,450
48.5134,27.1936,450
48.5169,25.5175,450
48.5170,16.8962,450
48.5202,19.3591,450
48.5230,19.3241,450
48.5231,28.0564,450
48.5257,33.4694,450
48.5266,16.0269,450
48.5267,21.3955,450
48.5298,20.7095,450
48.5328,18.1385,450
48.5356,27.6825,450
48.5386,18.8876,450
48.5496,14.2285,450
48.5498,30.3419,450
48.5510,25.3831,450
48.5535,26.8960,450
48.5536,26.5786,450
48.5552,23.8890,450
48.5560,24.3225,450
48.5586,25.6435,450
48.5586,22.4671,450
48.5617,21.4429,450
48.5666,23.9597,450
48.5667,32.8787,450
48.5725,17.9868,450
48.5726,20.7454,450
48.5738,38.0201,450
48.5776,32.1509,450
48.5806,18.8897,450
48.5815,20.6399,450
48.5827,32.9949,450
48.5827,15.7021,450
48.5857,28.6883,450
48.5858,28.5314,450
48.5858,21.6058,450
48.5886,25.2082,450
48.5893,26.5142,450
48.5916,28.2312,450
48.5955,23.9862,450
48.5957,27.8412,450
48.5969,29.5027,450
48.5969,24.0508,450
48.5977,35.2292,450
48.5980,40.8446,450
48.5980,34.8392,450
48.6090,29.8746,450
48.6149,26.5407,450
48.6160,21.9075,450
48.6169,31.7707,450
48.6174,21.6177,450
48.6196,37.1581,450
48.6225,23.3502,450
48.6257,22.4139,450
48.6275,20.9777,450
48.6373,16.4821,450
48.6373,13.3923,450
48.6429,21.1158,450
48.6479,23.6861,450
48.6508,18.7675,450
48.6531,27.5461,450
48.6558,18.1826,450
48.6586,18.4105,450
48.6588,18.0922,450
48.6625,20.7527,450
48.6675,15.5369,450
48.6676,17.4520,450
48.6676,21.3580,450
48.6718,19.5273,450
48.6719,19.5473,450
48.6724,22.5739,450
48.6770,22.4392,450
48.6791,27.3863,450
48.6820,24.2707,450
48.6843,22.1495,450
48.6903,11.3576,450
48.6933,18.1257,450
48.6934,61.6817,450
48.6981,15.2638,450
48.6983,27.5012,450
48.6983,23.2665,450
48.7050,17.5450,450
48.7067,15.4318,450
48.7073,25.2871,450
48.7079,18.1294,450
48.7079,20.3296,450
48.7136,33.9297,450
48.7167,16.0813,450
48.7208,18.8993,450
48.7208,22.5800,450
48.7249,27.7357,450
48.7250,30.2856,450
48.7276,19.3599,450
48.7276,25.9566,450
48.7322,16.8539,450
48.7326,20.3883,450
48.7332,29.7467,450
48.7351,20.1081,450
48.7360,22.6203,450
48.7393,28.0721,450
48.7394,18.0725,450
48.7408,24.5072,450
48.7428,32.0456,450
48.7437,26.3811,450
48.7460,24.4499,450
48.7479,25.0632,450
48.7525,34.2484,450
48.7583,48.2037,450
48.7593,16.8324,450
48.7619,22.5313,450
48.7622,22.3811,450
48.7749,19.2680,450
48.7751,19.7143,450
48.7754,7.4534,450
48.7780,21.4073,450
48.7799,30.9664,450
48.7818,24.5132,450
48.7861,20.1319,450
48.7864,24.6191,450
48.7865,23.1558,450
48.7875,22.8408,450
48.7932,32.2801,450
48.7970,17.7297,450
48.7977,26.1868,450
48.7988,26.2081,450
48.7990,32.8144,450
48.7997,27.6074,450
48.8028,21.1522,450
48.8047,20.6263,450
48.8049,24.9429,450
48.8085,27.0281,450
48.8092,22.9620,450
48.8093,27.6179,450
48.8126,24.2366,450
48.8127,26.6325,450
48.8127,27.9815,450
48.8127,26.7393,450
48.8127,36.4935,450
48.8165,39.4954,450
48.8226,29.4930,450
48.8227,38.3232,450
48.8263,27.0275,450
48.8293,22.6656,450
48.8312,22.1647,450
48.8315,27.6170,450
48.8370,24.0789,450
48.8386,10.3149,450
48.8390,35.0231,450
48.8464,27.7417,450
48.8476,38.0650,450
48.8481,21.6094,450
48.8487,21.1266,450
48.8517,22.6164,450
48.8522,24.6942,450
48.8572,19.6112,450
48.8602,13.8923,450
48.8618,35.4798,450
48.8650,21.3240,450
48.8699,16.9733,450
48.8700,20.2749,450
48.8706,27.4748,450
48.8728,25.3005,450
48.8759,24.6103,450
48.8760,17.7904,450
48.8797,23.4731,450
48.8798,15.1017,450
48.8802,27.6176,450
48.8847,26.6835,450
48.8847,23.0344,450
48.8847,32.0534,450
48.8862,27.0805,450
48.8898,32.3917,450
48.8898,29.9890,450
48.8901,26.4694,450
48.8906,29.5766,450
48.8929,27.0711,450
48.8930,38.0376,450
48.8936,31.6825,450
48.8942,89.0554,450
48.8943,36.1164,450
48.8972,33.9337,450
48.8998,33.7170,450
48.8999,30.7841,450
48.9068,39.6191,450
48.9105,27.7044,450
48.9129,33.2733,450
48.9158,38.8109,450
48.9186,27.8978,450
48.9187,32.2856,450
48.9187,64.4843,450
48.9217,33.2289,450
48.9256,39.5968,450
48.9263,24.8374,450
48.9297,27.2680,450
48.9312,28.1748,450
48.9312,30.6781,450
48.9323,26.8815,450
48.9338,44.9479,450
48.9373,36.8907,450
48.9379,27.0877,450
48.9380,42.6072,450
48.9380,35.5466,450
48.9403,42.2401,450
48.9457,31.2644,450
48.9511,31.5617,450
48.9532,30.6930,450
48.9533,44.5279,450
48.9588,37.7648,450
48.9664,20.5630,450
48.9723,26.2711,450
48.9763,21.1595,450
48.9781,19.5669,450
48.9803,15.9637,450
48.9803,17.5812,450
48.9958,17.1532,450
48.9975,15.4640,450
49.0053,17.7224,450
49.0057,20.6434,450
49.0060,24.5733,450
49.0082,22.3549,450
49.0084,22.7405,450
49.0172,17.7500,450
49.0185,22.3573,450
49.0194,19.5496,450
49.0211,62.2276,450
49.0212,35.9632,450
49.0212,24.4918,450
49.0221,32.2898,450
49.0252,121.2990,450
49.0297,27.6505,450
49.0299,9.0698,450
49.0306,30.7347,450
49.0311,26.1777,450
49.0317,30.5585,450
49.0317,30.3127,450
49.0321,22.4339,450
49.0356,37.4596,450
49.0397,33.4676,450
49.0448,20.4022,450
49.0456,28.1440,450
49.0486,30.7527,450
49.0524,31.6415,450
49.0603,32.5172,450
49.0604,18.9705,450
49.0605,8.3581,450
49.0616,28.1941,450
49.0616,66.5034,450
49.0616,31.0780,450
49.0625,27.8449,450
49.0714,28.8928,450
49.0716,21.3354,450
49.0721,28.1591,450
49.0737,36.7264,450
49.0741,26.0668,450
49.0784,21.6786,450
49.0798,24.6888,450
49.0799,31.5574,450
49.0822,22.5239,450
49.0839,28.3394,450
49.0861,36.8160,450
49.0977,24.4182,450
49.0978,29.8051,450
49.0978,26.3721,450
49.0982,35.1786,450
49.0989,23.8150,450
49.1005,27.2999,450
49.1006,29.7177,450
49.1056,27.6917,450
49.1086,25.9336,450
49.1096,23.8851,450
49.1097,25.7967,450
49.1109,41.6840,450
49.1112,41.4752,450
49.1115,31.0382,450
49.1165,21.4200,450
49.1208,67.7634,450
49.1209,24.4040,450
49.1216,29.2519,450
49.1224,31.6724,450
49.1228,31.2549,450
49.1229,30.7881,450
49.1270,33.4279,450
49.1322,28.1910,450
49.1342,30.6689,450
49.1352,33.5983,450
49.1352,45.0885,450
49.1406,31.2019,450
49.1418,30.0471,450
49.1423,29.4872,450
49.1448,30.6181,450
49.1448,30.7266,450
49.1456,30.7459,450
49.1497,26.6653,450
49.1498,30.5327,450
49.1498,60.6642,450
49.1504,33.2059,450
49.1539,43.6827,450
49.1539,21.5827,450
49.1586,31.1463,450
49.1605,37.0078,450
49.1646,31.7034,450
49.1683,29.2351,450
49.1711,29.1493,450
49.1735,23.5112,450
49.1748,29.7100,450
49.1762,37.6984,450
49.1823,26.2420,450
49.1825,35.4374,450
49.1895,25.1813,450
49.1959,18.7623,450
49.1960,19.4802,450
49.1962,21.7387,450
49.1990,21.9928,450
49.2019,19.7669,450
49.2034,19.6364,450
49.2044,24.8350,450
49.2086,17.0888,450
49.2190,14.6258,450
49.2203,18.7423,450
49.2204,22.8452,450
49.2213,21.8848,450
49.2253,30.3266,450
49.2295,15.8540,450
49.2317,18.5643,450
49.2327,14.7640,450
49.2366,18.5303,450
49.2372,18.4412,450
49.2444,18.4820,450
49.2458,13.5193,450
49.2459,21.9915,450
49.2501,17.7654,450
49.2534,21.8252,450
49.2547,57.5034,450
49.2581,22.7305,450
49.2639,24.4113,450
49.2641,20.1031,450
49.2641,28.6386,450
49.2641,22.1381,450
49.2646,34.6543,450
49.2708,29.0741,450
49.2709,24.6207,450
49.2714,33.9045,450
49.2737,23.7734,450
49.2745,31.6499,450
49.2776,25.7476,450
49.2897,31.3718,450
49.2909,18.6879,450
49.2920,20.1901,450
49.2965,32.3134,450
49.2999,21.2012,450
49.3044,21.7879,450
49.3073,18.9085,450
49.3111,17.6727,450
49.3161,18.3791,450
49.3202,17.7091,450
49.3218,22.2598,450
49.3227,21.0227,450
49.3262,18.0063,450
49.3272,19.4662,450
49.3298,18.6471,450
49.3309,18.0066,450
49.3394,18.9364,450
49.3417,16.6089,450
49.3439,19.3407,450
49.3439,29.1802,450
49.3460,26.6269,450
49.3460,24.0826,450
49.3467,32.5868,450
49.3531,18.4422,450
49.3532,34.9598,450
49.3577,27.0321,450
49.3599,19.9186,450
49.3615,20.4335,450
49.3628,19.7447,450
49.3659,21.5770,450
49.3660,22.1361,450
49.3660,35.3794,450
49.3661,22.1028,450
49.3688,29.5323,450
49.3695,33.6606,450
49.3706,11.9269,450
49.3810,33.7963,450
49.3897,17.9729,450
49.3898,24.6526,450
49.3927,17.3607,450
49.3929,21.6264,450
49.3929,67.5719,450
49.3938,24.6087,450
49.3947,36.7753,450
49.4004,31.0617,450
49.4021,16.8015,450
49.4022,27.1208,450
49.4043,32.0401,450
49.4044,23.6676,450
49.4060,40.2074,450
49.4069,27.4837,450
49.4078,35.3453,450
49.4086,37.5810,450
49.4112,15.0797,450
49.4121,41.1939,450
49.4122,42.5766,450
49.4131,41.3471,450
49.4146,34.5006,450
49.4205,29.4959,450
49.4212,33.7674,450
49.4244,29.9068,450
49.4246,31.4233,450
49.4285,30.7040,450
49.4365,27.3114,450
49.4393,33.9388,450
49.4421,23.6735,450
49.4452,25.3165,450
49.4457,21.9041,450
49.4532,24.9713,450
49.4545,29.6303,450
49.4581,16.9251,450
49.4598,18.3791,450
49.4649,22.6918,450
49.4705,12.5956,450
49.4712,18.6723,450
49.4723,17.5875,450
49.4744,23.3847,450
49.4764,21.4240,450
49.4765,23.5952,450
49.4817,21.2329,450
49.4818,18.8164,450
49.4818,23.7527,450
49.4818,28.5651,450
49.4818,34.9354,450
49.4830,27.3483,450
49.4835,34.4295,450
49.4835,34.7703,450
49.4857,35.1957,450
49.4889,32.9010,450
49.4892,31.7101,450
49.4901,32.1482,450
49.4904,41.2770,450
49.4929,34.9463,450
49.4945,42.1875,450
49.4975,42.8386,450
49.4983,40.1499,450
49.5018,31.8442,450
49.5075,29.2229,450
49.5091,34.8200,450
49.5106,43.4599,450
49.5106,33.2463,450
49.5161,27.7559,450
49.5177,26.7340,450
49.5201,30.0806,450
49.5224,36.8572,450
49.5224,30.6319,450
49.5235,35.8335,450
49.5260,31.9446,450
49.5276,30.8987,450
49.5308,30.9668,450
49.5312,42.2831,450
49.5333,28.5113,450
49.5361,39.2287,450
49.5387,35.2561,450
49.5430,30.2859,450
49.5440,29.2915,450
49.5537,27.8718,450
49.5576,4.5200,450
49.5578,28.6196,450
49.5663,20.9072,450
49.5718,27.4208,450
49.5728,20.3118,450
49.5737,16.7820,450
49.5746,21.8082,450
49.5846,29.2265,450
49.5857,17.8715,450
49.5894,25.7304,450
49.5921,26.0971,450
49.5930,16.1641,450
49.5931,20.7913,450
49.5951,22.3211,450
49.6013,21.8390,450
49.6014,20.9252,450
49.6027,29.2208,450
49.6056,19.3790,450
49.6133,18.0417,450
49.6183,17.3961,450
49.6218,29.1488,450
49.6219,21.9809,450
49.6253,44.1047,450
49.6283,18.8777,450
49.6295,24.9873,450
49.6324,19.4177,450
49.6354,17.3518,450
49.6408,18.8108,450
49.6409,21.1852,450
49.6454,14.6120,450
49.6465,24.7722,450
49.6498,19.6047,450
49.6510,28.1178,450
49.6517,24.6104,450
49.6585,20.6022,450
49.6589,20.4671,450
49.6594,26.1258,450
49.6613,18.0021,450
49.6624,19.5629,450
49.6642,34.9223,450
49.6642,26.6500,450
49.6689,17.1351,450
49.6689,34.6547,450
49.6699,24.2807,450
49.6748,21.7019,450
49.6750,24.8430,450
49.6756,23.2202,450
49.6777,62.3865,450
49.6813,26.1510,450
49.6815,18.3338,450
49.6850,22.9282,450
49.6898,21.1173,450
49.6919,16.6074,450
49.6927,27.1096,450
49.6979,19.5913,450
49.6979,17.3460,450
49.6995,29.2467,450
49.7002,21.6650,450
49.7162,17.7368,450
49.7199,18.2525,450
49.7214,31.2560,450
49.7220,24.0963,450
49.7243,19.2782,450
49.7244,21.5794,450
49.7256,32.6264,450
49.7304,19.3734,450
49.7323,19.5510,450
49.7324,28.5451,450
49.7324,34.7606,450
49.7362,21.8719,450
49.7373,21.7879,450
49.7392,22.1436,450
49.7393,27.9885,450
49.7393,24.5764,450
49.7427,22.0411,450
49.7428,37.0677,450
49.7451,26.4659,450
49.7518,21.9361,450
49.7541,19.8059,450
49.7577,18.1690,450
49.7579,24.9508,450
49.7588,20.1492,450
49.7601,25.2926,450
49.7603,25.2598,450
49.7635,27.0071,450
49.7636,26.8437,450
49.7636,30.3335,450
49.7646,31.7392,450
49.7661,25.6775,450
49.7661,31.0271,450
49.7675,29.5575,450
49.7699,46.3570,450
49.7700,42.5249,450
49.7756,34.6345,450
49.7777,30.1060,450
49.7792,33.4683,450
49.7801,33.2897,450
49.7816,34.9509,450
49.7858,32.4836,450
49.7866,37.3814,450
49.7933,51.6439,450
49.7954,26.4709,450
49.7965,40.4865,450
49.7993,32.2997,450
49.8002,27.9087,450
49.8041,22.1799,450
49.8076,21.2639,450
49.8083,24.4515,450
49.8153,21.8192,450
49.8160,34.4386,450
49.8186,21.4535,450
49.8208,20.3424,450
49.8209,20.3063,450
49.8260,21.0160,450
49.8306,16.4888,450
49.8307,26.7471,450
49.8309,23.6615,450
49.8319,32.1028,450
49.8344,25.2645,450
49.8405,14.2277,450
49.8422,17.6100,450
49.8461,21.3076,450
49.8481,16.5422,450
49.8493,15.4150,450
49.8494,29.1236,450
49.8605,15.5848,450
49.8686,18.4985,450
49.8696,18.0592,450
49.8715,19.7849,450
49.8744,21.6960,450
49.8753,27.5360,450
49.8776,18.5008,450
49.8777,32.0915,450
49.8823,18.6961,450
49.8824,24.7290,450
49.8864,14.8896,450
49.8868,23.1661,450
49.8903,19.2675,450
49.8904,19.5817,450
49.8915,21.5075,450
49.9004,16.1200,450
49.9005,15.9892,450
49.9016,28.5900,450
49.9017,34.0654,450
49.9061,18.1356,450
49.9062,20.4321,450
49.9082,22.3412,450
49.9097,21.5884,450
49.9131,21.0519,450
49.9202,18.0505,450
49.9206,33.7141,450
49.9210,19.9125,450
49.9233,19.7033,450
49.9250,19.1840,450
49.9252,34.9577,450
49.9280,26.3826,450
49.9281,28.1077,450
49.9298,22.3712,450
49.9305,26.6534,450
49.9330,25.1036,450
49.9331,37.0307,450
49.9358,27.5958,450
49.9359,28.5411,450
49.9359,41.3535,450
49.9366,43.5854,450
49.9400,30.1453,450
49.9430,33.6693,450
49.9432,28.9857,450
49.9432,36.9850,450
49.9458,26.8956,450
49.9459,30.7191,450
49.9466,35.9097,450
49.9469,35.5671,450
49.9634,31.3941,450
49.9635,27.7423,450
49.9664,24.4369,450
49.9683,26.2391,450
49.9684,26.3434,450
49.9756,49.9462,450
49.9761,27.1306,450
49.9784,24.8317,450
49.9794,29.3068,450
49.9799,24.2235,450
49.9854,35.0776,450
49.9902,21.4846,450
49.9937,17.1193,450
49.9967,14.9710,450
49.9986,17.8452,450
50.0015,25.2057,450
50.0032,28.0271,450
50.0074,23.8387,450
50.0076,33.9017,450
50.0076,21.3487,450
50.0102,18.7647,450
50.0114,19.8991,450
50.0155,34.8388,450
50.0187,19.7124,450
50.0201,17.4803,450
50.0235,20.8899,450
50.0272,20.5657,450
50.0366,19.7479,450
50.0405,18.2801,450
50.0424,25.2736,450
50.0433,16.2487,450
50.0455,18.8768,450
50.0456,18.0809,450
50.0466,21.1659,450
50.0526,17.7975,450
50.0538,18.6663,450
50.0538,20.5978,450
50.0547,22.7866,450
50.0563,21.9477,450
50.0630,20.7150,450
50.0662,23.7248,450
50.0693,16.9215,450
50.0712,18.7449,450
50.0713,21.4776,450
50.0729,20.3514,450
50.0730,22.1972,450
50.0762,29.5583,450
50.0770,21.1042,450
50.0770,48.9876,450
50.0776,26.0541,450
50.0801,25.6860,450
50.0810,27.9295,450
50.0817,29.1560,450
50.0827,28.6853,450
50.0827,44.4788,450
50.0832,32.4163,450
50.0850,35.3932,450
50.0851,33.9818,450
50.0878,38.1759,450
50.0917,32.0787,450
50.0918,33.0929,450
50.0933,45.8859,450
50.0966,43.2463,450
50.0968,42.4092,450
50.1005,37.6277,450
50.1078,34.8299,450
50.1079,40.5712,450
50.1079,31.3040,450
50.1096,35.7639,450
50.1102,32.4406,450
50.1102,35.1914,450
50.1178,31.9586,450
50.1179,40.2571,450
50.1180,34.2215,450
50.1188,46.7666,450
50.1195,35.9737,450
50.1202,50.2982,450
50.1230,32.5337,450
50.1230,39.4556,450
50.1257,44.7295,450
50.1266,43.8060,450
50.1286,39.0091,450
50.1287,41.7185,450
50.1318,51.0822,450
50.1319,43.0728,450
50.1324,49.6210,450
50.1352,35.9489,450
50.1352,44.4738,450
50.1377,44.3948,450
50.1377,46.1762,450
50.1377,48.8280,450
50.1389,48.1249,450
50.1442,53.4645,450
50.1471,48.0634,450
50.1487,54.1117,450
50.1510,46.4840,450
50.1540,43.5532,450
50.1541,45.3665,450
50.1569,49.4481,450
50.1570,46.1967,450
50.1581,51.9450,450
50.1581,51.9173,450
50.1581,51.7321,450
50.1586,63.1210,450
50.1617,52.6455,450
50.1617,53.6824,450
50.1625,59.7717,450
50.1740,46.4505,450
50.1740,46.9175,450
50.1815,41.4909,450
50.1831,40.7497,450
50.1862,49.9884,450
50.1863,50.9652,450
50.1864,55.8714,450
50.1885,50.7164,450
50.1886,53.1358,450
50.1899,61.0399,450
50.1927,52.1880,450
50.1928,56.8578,450
50.1945,57.1548,450
50.2017,37.5133,450
50.2023,52.9190,450
50.2076,41.4953,450
50.2087,38.0898,450
50.2088,40.0844,450
50.2094,45.8524,450
50.2144,49.1092,450
50.2166,45.9373,450
50.2230,43.5658,450
50.2231,42.1778,450
50.2238,74.1141,450
50.2247,56.3982,450
50.2261,49.7650,450
50.2293,45.7970,450
50.2343,39.6023,450
50.2364,47.9346,450
50.2424,34.4873,450
50.2452,34.8048,450
50.2456,34.3254,450
50.2503,39.9335,450
50.2508,33.5655,450
50.2545,19.3932,450
50.2545,38.8160,450
50.2564,35.8841,450
50.2594,43.4421,450
50.2623,18.8297,450
50.2634,33.6658,450
50.2650,29.2813,450
50.2684,43.8609,450
50.2703,37.9143,450
50.2704,42.6093,450
50.2704,37.8630,450
50.2724,34.7294,450
50.2787,88.5235,450
50.2788,39.2094,450
50.2788,45.7264,450
50.2800,34.9349,450
50.2853,42.3984,450
50.2854,44.8763,450
50.2863,37.2992,450
50.2934,44.4977,450
50.2945,33.1833,450
50.3063,36.8681,450
50.3112,20.1789,450
50.3115,32.3987,450
50.3115,24.8438,450
50.3131,18.9855,450
50.3171,26.0440,450
50.3182,23.8042,450
50.3187,35.4152,450
50.3222,20.9433,450
50.3260,22.6393,450
50.3262,23.5533,450
50.3303,18.9174,450
50.3351,22.4373,450
50.3365,21.8948,450
50.3398,19.0305,450
50.3399,20.2284,450
50.3400,22.7373,450
50.3400,29.2989,450
50.3482,25.5566,450
50.3483,19.8213,450
50.3492,21.0480,450
50.3497,24.0771,450
50.3533,26.2991,450
50.3580,19.0580,450
50.3583,26.7051,450
50.3593,47.0567,450
50.3594,38.3255,450
50.3617,30.1430,450
50.3637,37.1883,450
50.3649,25.0634,450
50.3656,25.2037,450
50.3688,29.2656,450
50.3757,16.1131,450
50.3788,15.3365,450
50.3840,21.9285,450
50.3858,15.1210,450
50.3903,15.2402,450
50.3903,20.4533,450
50.3903,21.6325,450
50.3931,21.2222,450
50.3975,19.2506,450
50.3985,6.6114,450
50.3994,20.2109,450
50.4036,26.7345,450
50.4038,25.6764,450
50.4058,27.6079,450
50.4065,29.9235,450
50.4154,21.6894,450
50.4198,21.4851,450
50.4260,14.4037,450
50.4289,26.1922,450
50.4291,31.1590,450
50.4322,17.4016,450
50.4382,19.0220,450
50.4451,39.4308,450
50.4452,28.0027,450
50.4464,29.2614,450
50.4465,29.6838,450
50.4466,33.1926,450
50.4476,33.9315,450
50.4486,25.4094,450
50.4539,34.7072,450
50.4561,34.9516,450
50.4562,25.1833,450
50.4566,35.3688,450
50.4592,25.3226,450
50.4607,29.6941,450
50.4608,37.3321,450
50.4641,26.3219,450
50.4642,29.4683,450
50.4670,24.9402,450
50.4720,40.1631,450
50.4721,26.0208,450
50.4721,37.1480,450
50.4721,25.9954,450
50.4736,24.7467,450
50.4744,31.2541,450
50.4745,34.7244,450
50.4748,49.9967,450
50.4788,39.4292,450
50.4812,31.7762,450
50.4856,27.4568,450
50.4857,31.6642,450
50.4857,35.3974,450
50.4919,42.0082,450
50.5001,33.8767,450
50.5001,38.7987,450
50.5007,33.4567,450
50.5010,30.0702,450
50.5049,33.4315,450
50.5058,33.0877,450
50.5118,26.2419,450
50.5150,26.1312,450
50.5151,26.1133,450
50.5160,22.4845,450
50.5180,24.6545,450
50.5185,36.9960,450
50.5193,40.6193,450
50.5194,29.3671,450
50.5202,33.4584,450
50.5239,31.5990,450
50.5257,43.4324,450
50.5257,46.5950,450
50.5258,29.7490,450
50.5270,48.8722,450
50.5340,28.5216,450
50.5353,41.6253,450
50.5353,42.5318,450
50.5380,40.4079,450
50.5405,32.3714,450
50.5460,28.9835,450
50.5480,36.9985,450
50.5529,35.8327,450
50.5590,22.7508,450
50.5626,20.6727,450
50.5636,26.8628,450
50.5695,17.5908,450
50.5719,18.5494,450
50.5768,16.0205,450
50.5793,26.6755,450
50.5793,19.9044,450
50.5816,19.7818,450
50.5817,20.3702,450
50.5841,17.1957,450
50.5861,22.8524,450
50.5881,20.9958,450
50.5904,20.2191,450
50.5904,15.4173,450
50.5910,24.1758,450
50.5919,30.2060,450
50.5950,16.6261,450
50.5959,29.0344,450
50.5960,30.9571,450
50.5960,29.1088,450
50.5978,40.6197,450
50.5978,39.4891,450
50.5988,39.5347,450
50.5990,28.8345,450
50.6039,43.1291,450
50.6040,46.8329,450
50.6040,44.3007,450
50.6080,33.5634,450
50.6104,33.7854,450
50.6164,28.1294,450
50.6166,27.8845,450
50.6171,29.6697,450
50.6179,36.9213,450
50.6242,26.5217,450
50.6263,28.8619,450
50.6272,33.8073,450
50.6300,26.4687,450
50.6303,31.4637,450
50.6340,21.5935,450
50.6379,25.0005,450
50.6442,21.4950,450
50.6443,24.3126,450
50.6464,23.5168,450
50.6499,8.7286,450
50.6509,28.9460,450
50.6510,22.6215,450
50.6539,32.4897,450
50.6543,35.0482,450
50.6553,30.5467,450
50.6553,25.8506,450
50.6604,28.8247,450
50.6612,35.7890,450
50.6645,34.6243,450
50.6655,24.3931,450
50.6656,29.1830,450
50.6696,36.3634,450
50.6722,29.8973,450
50.6761,25.2246,450
50.6790,22.1778,450
50.6799,21.9842,450
50.6842,21.9593,450
50.6844,23.8729,450
50.6857,25.4316,450
50.6860,29.6460,450
50.6881,29.9962,450
50.6982,18.6478,450
50.6983,22.3662,450
50.7012,31.5245,450
50.7018,29.3198,450
50.7018,22.9246,450
50.7072,29.4246,450
50.7108,17.8129,450
50.7152,17.6258,450
50.7158,27.1623,450
50.7159,21.6445,450
50.7167,22.8810,450
50.7228,24.3884,450
50.7236,20.5647,450
50.7277,22.0187,450
50.7305,17.1939,450
50.7361,17.2495,450
50.7410,20.3551,450
50.7411,18.1492,450
50.7424,19.8790,450
50.7461,25.1258,450
50.7499,17.9547,450
50.7500,31.6421,450
50.7508,20.9090,450
50.7509,30.0216,450
50.7551,29.0066,450
50.7559,20.9637,450
50.7581,23.0651,450
50.7583,23.9628,450
50.7597,22.7829,450
50.7606,24.7151,450
50.7640,20.6208,450
50.7641,33.1142,450
50.7702,21.2675,450
50.7703,37.7325,450
50.7703,35.7437,450
50.7708,40.4913,450
50.7749,35.5302,450
50.7805,25.6575,450
50.7820,24.1426,450
50.7827,28.0923,450
50.7846,23.2312,450
50.7869,26.0676,450
50.7873,24.0881,450
50.7926,33.3636,450
50.7999,16.9352,450
50.7999,24.0318,450
50.8018,29.7105,450
50.8027,29.5957,450
50.8052,21.0622,450
50.8102,18.6148,450
50.8163,22.8892,450
50.8164,23.7306,450
50.8164,23.8254,450
50.8164,23.7119,450
50.8184,25.0771,450
50.8203,35.6747,450
50.8234,30.8703,450
50.8234,24.6442,450
50.8254,24.6925,450
50.8280,55.5082,450
50.8281,27.8306,450
50.8340,27.1707,450
50.8352,26.1717,450
50.8352,35.0841,450
50.8381,30.5605,450
50.8383,26.2698,450
50.8395,34.5419,450
50.8425,26.0739,450
50.8427,27.7839,450
50.8427,39.0563,450
50.8427,35.6314,450
50.8427,27.8257,450
50.8427,69.9659,450
50.8431,48.8847,450
50.8463,38.6780,450
50.8495,35.3448,450
50.8512,30.6662,450
50.8532,34.6542,450
50.8640,23.5668,450
50.8644,30.9699,450
50.8680,25.2287,450
50.8727,19.8374,450
50.8728,25.2360,450
50.8728,26.9901,450
50.8736,28.3075,450
50.8756,27.9583,450
50.8757,30.8624,450
50.8794,24.6464,450
50.8797,30.3822,450
50.8813,33.9295,450
50.8861,34.9477,450
50.8869,29.1633,450
50.8879,41.9370,450
50.8880,34.9420,450
50.8972,34.9948,450
50.9010,18.1484,450
50.9013,25.1400,450
50.9037,24.0018,450
50.9078,19.6653,450
50.9080,35.7285,450
50.9080,26.2136,450
50.9092,26.7792,450
50.9095,29.4175,450
50.9118,40.4735,450
50.9123,36.3527,450
50.9150,30.2567,450
50.9151,32.1713,450
50.9154,33.3531,450
50.9166,40.5932,450
50.9209,38.8491,450
50.9222,34.6279,450
50.9222,32.3737,450
50.9225,48.3819,450
50.9257,19.2340,450
50.9269,35.3333,450
50.9277,40.0474,450
50.9278,51.9437,450
50.9291,46.2463,450
50.9313,39.8067,450
50.9353,44.8535,450
50.9382,39.0616,450
50.9430,37.3977,450
50.9446,35.3390,450
50.9453,34.5243,450
50.9464,33.0010,450
50.9501,33.0191,450
50.9540,30.0320,450
50.9541,25.8877,450
50.9561,45.6747,450
50.9561,41.1194,450
50.9590,35.1608,450
50.9609,42.5673,450
50.9615,47.5812,450
50.9641,39.2479,450
50.9642,37.4334,450
50.9647,38.8714,450
50.9690,40.1368,450
50.9693,36.7283,450
50.9717,37.5568,450
50.9747,37.0097,450
50.9747,39.6269,450
50.9765,50.4087,450
50.9767,50.3795,450
50.9767,50.4483,450
50.9767,45.3904,450
50.9825,44.1573,450
50.9826,53.5676,450
50.9856,41.7106,450
50.9857,41.4895,450
50.9971,38.8915,450
51.0048,27.5456,450
51.0049,31.1811,450
51.0076,30.0560,450
51.0081,31.4018,450
51.0108,36.0324,450
51.0127,30.7484,450
51.0137,32.4470,450
51.0144,42.4910,450
51.0196,35.0526,450
51.0197,32.5464,450
51.0222,31.0729,450
51.0223,32.7969,450
51.0256,63.1574,450
51.0260,28.5391,450
51.0304,31.2093,450
51.0305,35.6354,450
51.0305,35.5187,450
51.0315,47.1460,450
51.0332,40.3225,450
51.0411,27.7282,450
51.0422,31.6423,450
51.0450,35.1615,450
51.0525,35.5573,450
51.0535,37.9476,450
51.0561,20.2808,450
51.0598,37.6910,450
51.0599,23.4814,450
51.0600,28.2189,450
51.0609,34.2981,450
51.0610,30.5190,450
51.0651,28.6978,450
51.0681,39.4779,450
51.0701,23.7242,450
51.0723,31.9851,450
51.0734,70.5854,450
51.0759,26.0205,450
51.0764,59.5665,450
51.0764,38.0144,450
51.0767,33.7141,450
51.0790,37.5137,450
51.0825,34.9008,450
51.0880,25.7475,450
51.0950,28.2881,450
51.0969,36.8895,450
51.0998,21.8584,450
51.1000,30.7404,450
51.1027,36.4173,450
51.1037,30.1021,450
51.1038,57.3663,450
51.1040,27.7051,450
51.1070,37.0061,450
51.1088,27.1359,450
51.1098,34.5330,450
51.1133,40.5184,450
51.1133,30.2950,450
51.1141,29.6266,450
51.1157,30.6371,450
51.1199,39.0516,450
51.1266,23.0789,450
51.1267,20.8345,450
51.1271,24.3034,450
51.1301,25.8553,450
51.1301,26.8151,450
51.1350,26.1732,450
51.1354,31.0051,450
51.1354,23.0267,450
51.1388,23.1260,450
51.1424,23.2590,450
51.1443,24.7118,450
51.1508,20.2995,450
51.1563,18.1418,450
51.1574,17.0273,450
51.1644,20.0236,450
51.1653,34.0980,450
51.1674,24.4407,450
51.1768,20.0744,450
51.1788,18.0086,450
51.1801,28.7373,450
51.1829,25.8799,450
51.1831,25.2526,450
51.1847,24.1593,450
51.1950,17.7059,450
51.1952,20.1827,450
51.1952,22.6772,450
51.1980,19.8505,450
51.2009,27.2493,450
51.2068,16.3194,450
51.2070,23.8268,450
51.2106,29.3103,450
51.2141,18.8265,450
51.2197,25.3791,450
51.2230,26.3740,450
51.2249,14.5189,450
51.2269,17.7603,450
51.2269,18.1181,450
51.2269,26.4797,450
51.2327,50.8332,450
51.2328,34.5500,450
51.2335,28.2769,450
51.2364,31.0340,450
51.2366,54.4834,450
51.2418,22.1131,450
51.2427,20.0805,450
51.2443,58.0333,450
51.2471,17.3747,450
51.2509,28.9225,450
51.2571,16.8661,450
51.2571,19.7379,450
51.2571,27.6745,450
51.2575,37.3271,450
51.2576,37.3488,450
51.2611,28.9929,450
51.2611,25.6860,450
51.2615,30.1279,450
51.2630,27.6821,450
51.2783,17.9689,450
51.2798,18.8852,450
51.2806,27.9834,450
51.2806,30.7321,450
51.2840,20.0128,450
51.2871,11.6322,450
51.2890,19.3985,450
51.2897,22.6526,450
51.2939,17.9952,450
51.3026,18.0636,450
51.3027,26.7087,450
51.3032,26.9469,450
51.3056,28.6740,450
51.3075,20.6513,450
51.3075,20.9288,450
51.3116,20.6904,450
51.3117,22.5232,450
51.3131,26.9301,450
51.3135,26.1655,450
51.3176,22.4283,450
51.3240,27.1206,450
51.3265,24.5681,450
51.3326,20.6743,450
51.3355,21.5321,450
51.3356,20.8225,450
51.3388,29.5232,450
51.3414,18.0010,450
51.3415,23.7262,450
51.3453,15.7674,450
51.3456,32.5596,450
51.3465,21.8932,450
51.3504,25.5315,450
51.3522,51.9793,450
51.3580,16.6219,450
51.3587,16.5475,450
51.3588,21.1355,450
51.3598,27.7264,450
51.3608,22.5058,450
51.3695,19.1023,450
51.3732,30.6297,450
51.3780,17.3690,450
51.3781,28.4573,450
51.3791,28.1127,450
51.3791,37.0105,450
51.3823,15.3231,450
51.3858,29.2782,450
51.3878,28.2855,450
51.3979,18.3222,450
51.3979,29.7711,450
51.4015,19.3974,450
51.4016,20.2245,450
51.4016,21.8618,450
51.4031,20.8608,450
51.4093,18.6857,450
51.4101,20.8916,450
51.4111,32.0633,450
51.4216,16.5922,450
51.4266,19.3497,450
51.4274,22.4957,450
51.4320,17.9778,450
51.4321,20.9912,450
51.4372,16.0505,450
51.4422,23.8323,450
51.4422,21.7561,450
51.4478,18.1628,450
51.4490,4.5472,450
51.4500,19.4501,450
51.4520,34.1194,450
51.4521,21.5276,450
51.4641,31.5530,450
51.4646,29.3122,450
51.4653,18.1357,450
51.4673,15.4401,450
51.4681,18.6057,450
51.4751,18.1171,450
51.4770,20.9141,450
51.4772,16.3740,450
51.4800,18.7534,450
51.4802,20.7841,450
51.4802,17.7816,450
51.4849,27.2346,450
51.4898,23.9200,450
51.4926,24.2045,450
51.4936,19.2512,450
51.4963,17.5165,450
51.4993,3.3259,450
51.4999,27.0679,450
51.5013,28.0098,450
51.5034,23.7447,450
51.5061,18.8293,450
51.5081,11.7153,450
51.5121,17.6817,450
51.5121,22.2854,450
51.5121,21.9982,450
51.5138,15.6799,450
51.5210,11.4181,450
51.5212,30.6372,450
51.5283,21.7480,450
51.5312,32.4337,450
51.5337,17.1658,450
51.5346,22.2588,450
51.5445,18.3370,450
51.5476,15.1155,450
51.5478,20.0696,450
51.5478,26.5601,450
51.5513,53.0431,450
51.5514,26.2025,450
51.5535,19.8407,450
51.5555,22.3737,450
51.5594,19.2712,450
51.5595,21.9186,450
51.5604,22.1944,450
51.5622,35.3909,450
51.5625,25.9368,450
51.5651,25.7701,450
51.5676,18.9447,450
51.5685,25.0915,450
51.5686,26.5319,450
51.5714,35.6872,450
51.5724,32.0256,450
51.5765,25.5384,450
51.5766,21.1016,450
51.5806,25.4350,450
51.5818,32.9473,450
51.5818,28.7450,450
51.5818,29.0135,450
51.5818,37.3932,450
51.5899,25.2244,450
51.5912,35.4573,450
51.5940,32.8810,450
51.5997,21.6707,450
51.6004,26.3718,450
51.6005,29.9144,450
51.6005,24.1178,450
51.6064,24.2571,450
51.6074,32.3874,450
51.6096,21.9464,450
51.6097,25.4800,450
51.6106,33.3918,450
51.6107,32.3573,450
51.6112,29.8459,450
51.6133,37.4825,450
51.6135,45.0835,450
51.6183,40.2673,450
51.6184,29.3772,450
51.6210,33.7778,450
51.6220,40.6618,450
51.6305,27.6505,450
51.6312,26.5170,450
51.6336,26.2334,450
51.6375,25.1415,450
51.6377,31.1633,450
51.6386,24.4107,450
51.6469,23.3563,450
51.6475,22.7716,450
51.6498,24.7733,450
51.6500,28.2244,450
51.6537,24.4845,450
51.6542,30.4941,450
51.6548,19.7961,450
51.6571,24.2596,450
51.6576,32.7065,450
51.6582,31.8242,450
51.6591,41.1184,450
51.6681,45.8048,450
51.6739,16.1795,450
51.6755,19.6801,450
51.6804,26.5355,450
51.6804,22.7456,450
51.6840,19.1660,450
51.6840,29.4040,450
51.6885,18.3939,450
51.6897,27.7465,450
51.6943,12.5829,450
51.6963,16.6588,450
51.7026,29.2909,450
51.7051,21.0015,450
51.7052,17.0881,450
51.7064,21.3264,450
51.7090,13.3254,450
51.7091,22.2231,450
51.7099,28.8531,450
51.7119,23.7444,450
51.7161,18.6672,450
51.7167,18.1088,450
51.7177,26.3510,450
51.7185,31.3966,450
51.7214,23.4753,450
51.7218,24.1083,450
51.7252,20.7098,450
51.7277,68.6192,450
51.7286,25.0967,450
51.7296,33.0355,450
51.7369,23.4675,450
51.7434,25.8067,450
51.7479,18.5700,450
51.7492,17.2019,450
51.7498,20.6928,450
51.7498,23.4183,450
51.7526,14.2149,450
51.7555,20.7895,450
51.7556,23.3745,450
51.7571,26.3744,450
51.7613,18.4633,450
51.7614,32.3018,450
51.7621,28.2775,450
51.7686,14.9173,450
51.7697,23.0443,450
51.7726,20.1221,450
51.7727,66.7058,450
51.7750,26.4339,450
51.7762,22.6962,450
51.7825,23.8279,450
51.7825,20.3726,450
51.7825,26.6818,450
51.7866,20.1006,450
51.7867,31.2980,450
51.7872,30.8137,450
51.7914,25.5701,450
51.7916,79.6066,450
51.7916,25.3804,450
51.7926,32.6654,450
51.7960,24.7138,450
51.7963,37.4409,450
51.7973,38.2267,450
51.7979,27.3751,450
51.8023,30.2640,450
51.8029,31.8671,450
51.8051,12.9253,450
51.8090,33.2571,450
51.8097,30.2978,450
51.8099,24.8943,450
51.8119,28.4465,450
51.8227,19.5564,450
51.8265,15.7632,450
51.8295,18.4517,450
51.8340,19.5650,450
51.8356,22.3389,450
51.8357,26.9397,450
51.8396,22.2381,450
51.8397,16.8589,450
51.8423,19.5118,450
51.8461,27.2233,450
51.8475,14.2674,450
51.8520,22.5587,450
51.8521,29.3066,450
51.8522,23.3221,450
51.8553,20.1734,450
51.8567,32.3827,450
51.8613,17.6867,450
51.8614,26.4942,450
51.8652,29.1886,450
51.8723,17.2708,450
51.8767,20.6707,450
51.8804,19.1557,450
51.8817,18.5412,450
51.8837,30.0372,450
51.8867,20.0026,450
51.8868,18.7251,450
51.8880,22.3320,450
51.8906,16.7284,450
51.8955,15.2802,450
51.8960,27.3241,450
51.8985,32.1906,450
51.8987,31.6916,450
51.8993,22.7571,450
51.9013,22.0463,450
51.9015,24.6466,450
51.9023,32.6095,450
51.9067,19.0392,450
51.9087,37.0850,450
51.9088,26.5308,450
51.9175,16.8271,450
51.9181,20.1782,450
51.9204,31.5087,450
51.9205,21.4655,450
51.9221,28.8116,450
51.9260,24.3222,450
51.9261,30.1275,450
51.9267,8.6447,450
51.9297,25.2987,450
51.9308,23.5414,450
51.9333,32.0647,450
51.9400,55.5443,450
51.9413,15.4996,450
51.9458,15.6646,450
51.9459,26.5293,450
51.9490,22.3540,450
51.9490,24.5905,450
51.9559,55.4187,450
51.9568,15.6558,450
51.9644,15.4995,450
51.9663,26.7068,450
51.9703,18.6976,450
51.9704,20.6783,450
51.9790,18.9337,450
51.9811,21.6390,450
51.9832,18.6698,450
51.9860,20.2661,450
51.9861,26.0608,450
51.9861,26.2490,450
51.9930,19.3229,450
52.0017,18.8032,450
52.0019,31.0211,450
52.0019,31.0274,450
52.0025,20.5133,450
52.0056,66.5213,450
52.0058,27.1556,450
52.0104,22.6077,450
52.0110,29.5433,450
52.0196,20.3923,450
52.0203,19.6590,450
52.0257,19.0476,450
52.0258,18.9399,450
52.0259,22.7483,450
52.0275,30.6468,450
52.0275,33.7238,450
52.0328,25.7808,450
52.0423,29.2125,450
52.0452,16.3839,450
52.0484,17.8658,450
52.0485,46.0838,450
52.0489,19.9151,450
52.0491,23.2046,450
52.0502,22.0248,450
52.0523,36.1261,450
52.0540,34.4224,450
52.0540,28.9970,450
52.0553,27.4879,450
52.0573,22.4571,450
52.0586,27.6942,450
52.0596,21.9908,450
52.0605,30.6919,450
52.0613,32.2315,450
52.0646,29.9946,450
52.0676,39.4771,450
52.0715,23.1118,450
52.0716,28.7576,450
52.0716,43.4951,450
52.0774,30.3757,450
52.0790,28.1482,450
52.0798,28.0221,450
52.0831,28.7375,450
52.0872,28.8261,450
52.0920,19.8113,450
52.0937,24.3878,450
52.0980,27.0720,450
52.0981,22.2136,450
52.0996,28.0438,450
52.1009,27.2763,450
52.1018,28.1497,450
52.1071,25.9819,450
52.1119,20.5205,450
52.1142,32.1314,450
52.1179,15.2104,450
52.1182,24.6691,450
52.1182,19.3636,450
52.1192,37.5039,450
52.1262,27.9305,450
52.1265,19.8399,450
52.1269,18.8015,450
52.1270,33.6353,450
52.1270,31.7610,450
52.1288,20.0240,450
52.1369,34.1882,450
52.1489,19.0471,450
52.1495,18.1419,450
52.1496,21.4881,450
52.1527,19.3096,450
52.1557,19.1528,450
52.1568,33.8293,450
52.1574,23.4653,450
52.1574,26.0009,450
52.1574,34.0205,450
52.1594,23.6034,450
52.1667,20.0313,450
52.1672,29.0973,450
52.1779,16.8445,450
52.1820,17.3293,450
52.1867,17.9142,450
52.1875,28.7826,450
52.1904,28.0456,450
52.1954,17.6046,450
52.1977,30.4412,450
52.2006,17.9301,450
52.2049,26.2620,450
52.2099,15.8782,450
52.2147,25.8725,450
52.2149,25.0849,450
52.2149,19.3365,450
52.2223,17.5399,450
52.2224,49.6969,450
52.2264,17.9334,450
52.2272,22.0454,450
52.2272,20.8328,450
52.2284,119.0581,450
52.2284,25.4943,450
52.2304,27.6538,450
52.2333,33.6258,450
52.2333,23.4689,450
52.2333,69.1716,450
52.2382,29.7262,450
52.2391,33.5218,450
52.2392,36.4436,450
52.2509,27.4797,450
52.2510,55.1590,450
52.2571,19.5490,450
52.2581,18.6828,450
52.2587,20.0316,450
52.2588,22.4260,450
52.2594,23.4452,450
52.2601,22.3128,450
52.2629,23.7017,450
52.2649,36.6206,450
52.2671,29.8916,450
52.2681,28.3415,450
52.2698,29.0693,450
52.2706,25.9701,450
52.2714,27.5637,450
52.2748,25.4794,450
52.2780,38.4017,450
52.2782,35.8568,450
52.2815,24.7039,450
52.2816,28.1761,450
52.2884,21.2844,450
52.2903,23.7455,450
52.2910,56.4174,450
52.2914,23.4682,450
52.2942,35.7424,450
52.2943,33.6032,450
52.2969,36.6359,450
52.2992,11.3407,450
52.3019,26.0767,450
52.3051,24.8314,450
52.3131,17.9371,450
52.3159,12.5955,450
52.3194,21.4207,450
52.3235,52.4133,450
52.3255,23.8997,450
52.3280,24.6035,450
52.3280,33.1951,450
52.3280,21.3581,450
52.3280,24.5753,450
52.3325,19.6060,450
52.3353,30.1022,450
52.3366,25.5285,450
52.3377,19.3208,450
52.3425,18.6655,450
52.3427,30.3354,450
52.3427,23.2750,450
52.3434,38.7482,450
52.3455,30.4645,450
52.3455,23.9395,450
52.3455,32.1826,450
52.3494,25.4744,450
52.3505,27.2501,450
52.3529,34.6646,450
52.3552,22.4668,450
52.3554,61.0512,450
52.3568,34.3512,450
52.3572,29.7945,450
52.3619,27.7689,450
52.3681,23.6657,450
52.3682,23.5436,450
52.3693,26.8720,450
52.3728,59.2627,450
52.3796,19.4885,450
52.3798,22.5247,450
52.3811,34.6486,450
52.3812,24.0250,450
52.3812,26.9997,450
52.3845,23.6789,450
52.3858,40.1303,450
52.3886,30.4389,450
52.3902,34.8881,450
52.4001,25.4495,450
52.4014,18.0876,450
52.4042,18.5773,450
52.4104,17.3801,450
52.4110,21.0475,450
52.4134,18.6521,450
52.4173,21.2279,450
52.4174,15.9758,450
52.4183,27.6251,450
52.4204,29.7587,450
52.4212,27.2671,450
52.4244,7.0724,450
52.4272,14.1880,450
52.4302,19.9640,450
52.4317,21.0670,450
52.4327,21.2830,450
52.4337,22.7788,450
52.4347,27.0074,450
52.4352,38.6740,450
52.4352,32.0098,450
52.4363,26.1308,450
52.4402,37.9286,450
52.4412,33.3292,450
52.4414,29.6056,450
52.4423,37.1904,450
52.4441,27.8372,450
52.4443,28.2631,450
52.4449,33.2934,450
52.4482,34.7568,450
52.4519,30.3595,450
52.4534,28.8807,450
52.4565,30.7228,450
52.4633,29.6222,450
52.4692,23.6995,450
52.4728,25.1604,450
52.4736,20.1067,450
52.4745,24.5423,450
52.4769,21.6121,450
52.4774,21.7367,450
52.4849,21.3189,450
52.4855,19.9198,450
52.4863,25.5756,450
52.4863,24.6506,450
52.4888,22.6323,450
52.4889,18.3986,450
52.4957,19.9314,450
52.4969,17.8009,450
52.4970,21.7080,450
52.4970,25.2185,450
52.4985,32.9247,450
52.4986,27.1894,450
52.4992,36.3045,450
52.5002,34.5502,450
52.5022,29.2585,450
52.5037,28.8333,450
52.5043,32.0915,450
52.5044,46.0414,450
52.5101,29.7490,450
52.5101,36.1348,450
52.5110,31.7838,450
52.5171,24.4117,450
52.5189,34.9881,450
52.5242,30.2549,450
52.5243,25.5493,450
52.5254,38.6196,450
52.5257,31.7359,450
52.5266,45.1123,450
52.5303,41.1135,450
52.5327,42.2993,450
52.5335,31.4199,450
52.5347,56.0136,450
52.5376,29.3495,450
52.5432,34.8965,450
52.5444,29.5568,450
52.5495,20.7848,450
52.5506,21.7163,450
52.5510,27.1546,450
52.5520,26.2918,450
52.5601,34.3388,450
52.5602,27.0129,450
52.5616,22.1128,450
52.5619,26.0580,450
52.5627,27.7523,450
52.5647,36.7510,450
52.5658,28.1788,450
52.5680,26.5086,450
52.5681,29.7606,450
52.5692,31.0696,450
52.5696,35.7257,450
52.5715,38.8260,450
52.5719,28.6436,450
52.5770,30.6703,450
52.5796,30.5149,450
52.5826,30.1962,450
52.5896,23.2828,450
52.5896,24.5350,450
52.5897,28.2364,450
52.5910,23.5243,450
52.5923,29.1234,450
52.5994,33.0414,450
52.5995,24.0993,450
52.6031,31.3032,450
52.6035,23.9672,450
52.6049,32.3751,450
52.6049,29.4552,450
52.6090,32.1356,450
52.6123,38.0143,450
52.6137,27.0840,450
52.6172,24.2381,450
52.6176,23.5575,450
52.6250,53.5319,450
52.6254,22.9688,450
52.6299,24.4075,450
52.6312,21.5044,450
52.6364,16.5924,450
52.6364,20.0845,450
52.6368,19.9556,450
52.6411,23.4958,450
52.6421,17.3152,450
52.6422,30.6514,450
52.6458,22.6123,450
52.6517,29.0077,450
52.6519,20.3315,450
52.6532,19.0916,450
52.6537,20.4332,450
52.6556,25.0567,450
52.6575,24.0295,450
52.6590,34.9493,450
52.6603,20.2008,450
52.6624,22.9233,450
52.6640,21.9655,450
52.6676,26.4091,450
52.6676,23.9809,450
52.6729,31.6774,450
52.6743,33.0264,450
52.6749,23.1907,450
52.6770,23.6235,450
52.6779,37.1441,450
52.6830,34.8972,450
52.6851,20.4368,450
52.6898,18.6464,450
52.6902,25.0386,450
52.6937,21.5822,450
52.6956,18.6634,450
52.6957,26.7147,450
52.6966,21.3361,450
52.6976,29.0610,450
52.6996,23.1305,450
52.7026,19.8800,450
52.7135,29.4329,450
52.7137,25.3302,450
52.7160,25.1700,450
52.7165,20.8044,450
52.7173,21.7173,450
52.7173,61.8280,450
52.7213,34.2711,450
52.7218,9.5480,450
52.7219,25.1231,450
52.7296,16.6427,450
52.7305,20.0713,450
52.7355,17.4836,450
52.7367,19.0110,450
52.7443,18.3140,450
52.7445,22.1033,450
52.7482,26.5943,450
52.7495,19.0245,450
52.7499,26.0094,450
52.7567,15.9743,450
52.7601,16.2307,450
52.7622,17.7188,450
52.7622,31.7263,450
52.7660,19.6396,450
52.7668,20.7529,450
52.7674,29.3270,450
52.7678,29.9924,450
52.7742,22.5314,450
52.7751,27.0101,450
52.7817,15.0302,450
52.7818,20.3494,450
52.7818,36.6630,450
52.7819,18.6714,450
52.7866,23.8979,450
52.7867,38.8025,450
52.7898,22.0683,450
52.7934,20.4636,450
52.7957,23.2776,450
52.7973,51.5980,450
52.8003,19.3887,450
52.8004,18.0469,450
52.8034,20.5818,450
52.8064,19.7236,450
52.8065,22.6438,450
52.8095,34.2161,450
52.8108,17.2443,450
52.8117,23.1912,450
52.8125,25.5771,450
52.8165,54.0811,450
52.8185,20.5578,450
52.8214,28.7984,450
52.8233,24.5393,450
52.8261,21.7518,450
52.8301,18.8216,450
52.8331,14.7487,450
52.8340,23.2356,450
52.8372,23.8528,450
52.8388,18.6604,450
52.8389,28.1165,450
52.8434,60.1981,450
52.8447,20.0408,450
52.8447,20.8783,450
52.8476,26.8748,450
52.8477,17.0322,450
52.8477,34.0020,450
52.8505,23.5989,450
52.8508,24.5805,450
52.8524,24.5659,450
52.8548,20.5318,450
52.8569,30.3077,450
52.8569,24.8105,450
52.8600,28.2472,450
52.8626,24.5755,450
52.8628,26.0715,450
52.8662,28.9636,450
52.8683,22.7758,450
52.8692,19.7234,450
52.8700,31.0873,450
52.8707,43.2940,450
52.8707,44.7935,450
52.8713,40.0553,450
52.8742,29.4677,450
52.8751,43.3269,450
52.8768,29.8155,450
52.8898,24.1528,450
52.8908,32.1597,450
52.8928,21.5657,450
52.8939,21.2225,450
52.8952,36.5920,450
52.8977,32.7343,450
52.8978,26.0631,450
52.8996,26.6415,450
52.9030,27.9591,450
52.9084,25.9259,450
52.9085,23.2904,450
52.9096,21.3917,450
52.9103,28.3154,450
52.9127,25.9058,450
52.9128,26.8742,450
52.9134,29.4548,450
52.9177,29.5689,450
52.9211,24.5174,450
52.9228,34.4722,450
52.9253,39.8980,450
52.9253,32.7474,450
52.9279,52.7492,450
52.9291,27.2414,450
52.9305,26.7972,450
52.9341,27.0607,450
52.9348,38.9066,450
52.9370,40.3031,450
52.9377,27.4824,450
52.9386,43.3448,450
52.9473,29.6578,450
52.9536,15.3046,450
52.9544,22.9157,450
52.9562,14.5942,450
52.9567,20.5668,450
52.9575,19.7748,450
52.9638,17.5412,450
52.9643,17.0796,450
52.9668,13.8255,450
52.9669,18.2839,450
52.9669,22.7201,450
52.9684,24.1313,450
52.9705,24.6319,450
52.9799,17.6292,450
52.9816,20.3165,450
52.9834,27.9860,450
52.9885,23.9224,450
52.9912,19.1492,450
52.9923,18.5069,450
52.9943,16.4049,450
52.9991,18.9783,450
53.0007,19.8919,450
53.0052,26.2555,450
53.0062,19.1447,450
53.0104,14.9972,450
53.0137,18.5399,450
53.0167,17.9180,450
53.0173,16.8410,450
53.0200,19.3657,450
53.0227,17.4925,450
53.0237,16.4758,450
53.0244,27.8864,450
53.0297,16.9997,450
53.0308,15.8851,450
53.0317,19.9087,450
53.0326,19.6987,450
53.0392,30.9161,450
53.0400,30.5353,450
53.0403,19.1051,450
53.0424,22.6234,450
53.0458,20.2248,450
53.0459,14.1426,450
53.0483,26.6043,450
53.0484,20.0336,450
53.0492,23.6815,450
53.0493,37.0341,450
53.0542,23.8252,450
53.0543,25.6691,450
53.0551,27.0316,450
53.0584,24.3930,450
53.0636,31.7984,450
53.0637,31.9050,450
53.0673,28.0840,450
53.0698,25.6186,450
53.0790,32.8838,450
53.0790,24.2677,450
53.0828,29.5677,450
53.0834,20.7009,450
53.0845,24.0360,450
53.0930,19.3240,450
53.0931,26.4369,450
53.0931,25.0868,450
53.0931,25.8581,450
53.0931,26.4000,450
53.0937,27.7453,450
53.0964,27.9974,450
53.0975,27.6594,450
53.1033,19.5795,450
53.1062,26.4812,450
53.1107,22.1084,450
53.1124,22.4262,450
53.1160,24.2915,450
53.1182,21.3780,450
53.1197,55.6332,450
53.1209,20.2066,450
53.1210,31.0354,450
53.1211,31.5340,450
53.1224,29.6633,450
53.1239,30.4470,450
53.1252,25.3702,450
53.1327,21.0901,450
53.1328,20.9879,450
53.1328,39.5167,450
53.1342,26.1350,450
53.1342,32.0611,450
53.1349,30.6760,450
53.1385,22.4604,450
53.1386,36.7393,450
53.1438,12.4010,450
53.1475,24.8438,450
53.1504,24.8994,450
53.1506,25.4625,450
53.1517,29.8650,450
53.1521,36.8433,450
53.1596,22.3433,450
53.1601,29.5230,450
53.1606,22.6622,450
53.1710,18.6717,450
53.1710,23.9832,450
53.1748,30.4247,450
53.1749,26.8611,450
53.1754,67.0851,450
53.1755,30.2668,450
53.1797,21.5261,450
53.1801,22.0559,450
53.1816,32.2036,450
53.1829,27.0994,450
53.1876,22.3645,450
53.1877,21.5940,450
53.1915,22.5207,450
53.1998,31.9745,450
53.2002,25.0304,450
53.2010,21.5655,450
53.2010,31.6358,450
53.2011,23.7308,450
53.2042,27.5664,450
53.2049,28.2219,450
53.2050,37.4465,450
53.2081,25.9593,450
53.2083,21.3939,450
53.2123,30.1340,450
53.2134,39.3032,450
53.2179,36.0086,450
53.2212,32.2596,450
53.2290,17.2929,450
53.2309,21.7639,450
53.2315,22.2652,450
53.2334,20.3182,450
53.2374,33.1872,450
53.2466,19.2295,450
53.2474,30.0904,450
53.2503,19.7191,450
53.2516,18.4559,450
53.2517,21.4270,450
53.2527,29.5629,450
53.2553,21.8397,450
53.2583,24.8758,450
53.2583,14.5909,450
53.2597,22.8682,450
53.2610,38.2070,450
53.2616,25.0810,450
53.2644,22.1756,450
53.2685,20.1828,450
53.2727,29.2116,450
53.2741,14.4958,450
53.2764,25.9438,450
53.2764,19.7917,450
53.2764,53.6520,450
53.2779,33.5588,450
53.2813,27.5383,450
53.2935,20.6599,450
53.2951,21.8852,450
53.2956,23.6520,450
53.2957,21.5984,450
53.2982,21.5084,450
53.2984,23.5756,450
53.3041,20.4817,450
53.3104,17.8912,450
53.3125,26.2867,450
53.3127,17.5044,450
53.3135,21.5298,450
53.3187,16.7104,450
53.3232,26.6835,450
53.3262,18.7344,450
53.3269,51.7138,450
53.3285,32.3446,450
53.3344,52.4614,450
53.3345,19.6815,450
53.3356,20.7539,450
53.3369,25.2784,450
53.3370,20.4905,450
53.3429,24.8852,450
53.3430,25.3048,450
53.3484,19.0672,450
53.3491,10.7034,450
53.3504,19.6928,450
53.3512,20.7270,450
53.3556,19.5260,450
53.3584,17.7615,450
53.3604,15.6723,450
53.3614,19.8255,450
53.3623,64.9179,450
53.3624,21.4047,450
53.3637,23.4704,450
53.3672,21.0938,450
53.3673,27.1630,450
53.3705,27.4052,450
53.3709,23.4510,450
53.3747,23.1211,450
53.3764,21.2928,450
53.3777,22.6436,450
53.3784,21.9987,450
53.3785,30.0192,450
53.3785,27.9740,450
53.3794,26.9480,450
53.3795,38.5109,450
53.3799,33.2283,450
53.3809,46.2047,450
53.3864,40.9269,450
53.3872,34.0932,450
53.3879,32.6266,450
53.3988,37.6878,450
53.4004,39.8816,450
53.4005,28.5135,450
53.4005,26.5075,450
53.4037,24.6106,450
53.4038,41.0091,450
53.4054,34.7234,450
53.4054,37.4361,450
53.4077,40.5786,450
53.4095,31.0062,450
53.4103,32.4527,450
53.4104,39.3494,450
53.4193,29.5851,450
53.4232,25.7299,450
53.4233,30.4415,450
53.4311,21.1914,450
53.4330,23.6706,450
53.4341,22.7597,450
53.4389,12.2691,450
53.4390,28.9610,450
53.4400,27.1150,450
53.4400,31.5722,450
53.4418,33.6682,450
53.4431,24.0845,450
53.4451,22.7911,450
53.4451,27.3109,450
53.4476,36.4654,450
53.4481,36.7627,450
53.4492,43.1224,450
53.4509,27.3568,450
53.4514,39.7152,450
53.4521,32.8292,450
53.4527,43.6971,450
53.4555,36.6952,450
53.4565,39.5529,450
53.4566,22.3014,450
53.4612,30.9667,450
53.4633,37.6438,450
53.4679,31.2098,450
53.4680,33.2519,450
53.4739,31.9404,450
53.4749,40.0883,450
53.4770,24.1878,450
53.4772,33.8737,450
53.4772,33.6821,450
53.4773,35.4659,450
53.4776,39.8010,450
53.4852,32.0901,450
53.4943,28.8342,450
53.4974,22.8778,450
53.4983,38.4350,450
53.4983,19.6535,450
53.5023,28.3590,450
53.5060,19.1908,450
53.5082,22.7584,450
53.5083,22.8606,450
53.5119,28.9008,450
53.5120,28.1118,450
53.5123,37.9891,450
53.5132,23.6305,450
53.5140,30.5680,450
53.5197,26.0858,450
53.5226,27.4458,450
53.5235,24.3606,450
53.5242,26.1735,450
53.5265,35.9720,450
53.5272,28.8540,450
53.5273,37.2349,450
53.5281,33.9254,450
53.5298,34.6105,450
53.5309,40.1284,450
53.5310,33.9585,450
53.5317,35.2839,450
53.5320,39.1054,450
53.5348,36.1745,450
53.5355,37.7111,450
53.5387,41.9344,450
53.5397,36.8014,450
53.5435,37.5502,450
53.5457,32.9118,450
53.5512,37.9339,450
53.5523,31.4898,450
53.5528,35.0086,450
53.5531,35.8823,450
53.5557,47.5416,450
53.5600,28.9279,450
53.5601,39.2354,450
53.5615,38.9488,450
53.5627,36.4796,450
53.5637,43.1929,450
53.5648,45.8576,450
53.5648,45.6944,450
53.5656,46.5667,450
53.5657,52.6501,450
53.5663,39.8913,450
53.5671,58.9501,450
53.5702,41.6709,450
53.5762,42.9831,450
53.5762,49.7177,450
53.5832,43.1084,450
53.5833,53.7929,450
53.5842,40.0388,450
53.5869,74.0151,450
53.5870,50.0497,450
53.5870,99.8094,450
53.5879,37.0173,450
53.5887,46.1862,450
53.5887,45.3914,450
53.5908,57.9226,450
53.5927,47.9428,450
53.5947,56.5241,450
53.5958,46.1993,450
53.5997,50.8874,450
53.5999,52.3928,450
53.6030,51.6699,450
53.6094,42.9061,450
53.6095,41.7618,450
53.6108,46.4718,450
53.6115,45.8104,450
53.6162,38.5155,450
53.6172,45.3848,450
53.6189,45.6210,450
53.6190,45.5393,450
53.6198,52.3940,450
53.6207,55.8876,450
53.6230,79.9350,450
53.6256,49.0043,450
53.6288,51.4873,450
53.6335,48.3796,450
53.6335,55.6220,450
53.6345,48.2785,450
53.6363,56.6281,450
53.6372,44.6184,450
53.6403,63.3217,450
53.6408,53.2327,450
53.6451,57.8003,450
53.6575,37.0927,450
53.6592,33.7353,450
53.6608,38.7890,450
53.6611,47.9278,450
53.6617,47.3026,450
53.6617,47.2892,450
53.6723,40.2515,450
53.6724,34.2407,450
53.6732,38.6645,450
53.6740,38.5313,450
53.6778,38.4924,450
53.6809,35.4322,450
53.6840,35.5277,450
53.6866,39.2780,450
53.6875,39.2199,450
53.6876,34.6065,450
53.6892,44.1591,450
53.6920,33.9726,450
53.6924,45.2608,450
53.6944,43.2794,450
53.6993,46.8579,450
53.7027,37.2428,450
53.7028,34.8356,450
53.7078,47.1429,450
53.7079,35.3324,450
53.7136,38.3794,450
53.7161,38.9264,450
53.7204,35.3087,450
53.7280,35.4097,450
53.7285,22.7825,450
53.7294,28.9553,450
53.7303,25.4951,450
53.7341,26.3755,450
53.7364,24.1487,450
53.7401,23.3509,450
53.7424,22.1277,450
53.7430,17.4072,450
53.7430,31.1761,450
53.7430,27.8737,450
53.7435,31.2448,450
53.7442,16.2508,450
53.7447,32.3322,450
53.7465,40.4847,450
53.7498,32.2277,450
53.7625,20.3748,450
53.7625,19.5149,450
53.7662,25.6027,450
53.7672,24.9105,450
53.7730,29.1530,450
53.7732,26.5601,450
53.7741,21.7982,450
53.7761,29.8408,450
53.7771,26.6688,450
53.7848,29.0610,450
53.7850,16.8980,450
53.7908,18.4524,450
53.7909,26.2261,450
53.7951,14.1110,450
53.7971,17.3579,450
53.7985,15.9536,450
53.7991,18.0406,450
53.8079,15.8781,450
53.8080,21.7169,450
53.8080,21.7063,450
53.8089,37.3700,450
53.8097,27.6691,450
53.8115,31.4238,450
53.8116,27.0127,450
53.8121,34.8401,450
53.8157,23.7112,450
53.8158,64.3880,450
53.8162,23.7387,450
53.8226,26.3593,450
53.8243,31.8520,450
53.8286,26.8514,450
53.8315,20.2421,450
53.8441,18.7435,450
53.8452,27.0554,450
53.8482,18.4928,450
53.8485,19.3382,450
53.8510,24.6555,450
53.8512,21.1807,450
53.8512,18.5961,450
53.8566,21.3133,450
53.8598,26.6655,450
53.8638,16.4975,450
53.8639,15.2833,450
53.8647,21.9574,450
53.8653,22.3263,450
53.8662,22.4011,450
53.8670,24.1907,450
53.8670,26.8259,450
53.8670,29.6850,450
53.8677,40.7926,450
53.8677,26.8085,450
53.8708,43.5342,450
53.8787,39.4617,450
53.8787,27.3624,450
53.8787,29.9004,450
53.8791,38.9436,450
53.8819,34.6007,450
53.8864,30.8765,450
53.8865,26.9129,450
53.8866,43.0866,450
53.8870,31.9485,450
53.8875,38.3867,450
53.8927,29.1556,450
53.8959,23.6903,450
53.8971,32.7729,450
53.8998,15.3678,450
53.8999,32.6883,450
53.9047,37.3251,450
53.9048,32.0217,450
53.9054,32.6445,450
53.9055,31.0119,450
53.9119,27.2726,450
53.9120,32.2641,450
53.9130,35.5278,450
53.9139,45.2756,450
53.9184,32.1602,450
53.9214,35.2541,450
53.9223,34.8929,450
53.9255,36.7352,450
53.9293,35.9817,450
53.9340,22.4532,450
53.9361,28.4557,450
53.9362,32.8676,450
53.9373,27.9260,450
53.9384,37.9525,450
53.9407,41.8135,450
53.9415,37.2846,450
53.9517,19.3101,450
53.9531,34.0242,450
53.9557,24.5868,450
53.9557,23.7832,450
53.9607,35.0225,450
53.9615,31.1947,450
53.9636,29.7560,450
53.9665,35.5837,450
53.9679,29.1111,450
53.9713,36.5707,450
53.9721,29.6469,450
53.9743,13.5593,450
53.9747,27.5222,450
53.9800,22.2852,450
53.9863,21.6523,450
53.9900,24.4729,450
53.9948,32.5403,450
53.9961,30.9857,450
53.9973,20.7978,450
53.9990,18.2253,450
54.0030,51.1919,450
54.0128,18.4095,450
54.0178,17.9057,450
54.0189,26.7885,450
54.0213,18.5959,450
54.0214,6.1172,450
54.0214,32.5881,450
54.0217,28.6969,450
54.0244,23.0535,450
54.0245,26.5608,450
54.0304,12.6945,450
54.0305,23.6847,450
54.0308,39.2118,450
54.0332,25.9598,450
54.0347,32.8765,450
54.0359,22.5046,450
54.0359,31.5931,450
54.0362,38.6580,450
54.0368,29.2474,450
54.0411,20.2342,450
54.0412,28.8046,450
54.0422,32.7190,450
54.0454,43.5630,450
54.0457,38.8405,450
54.0532,25.9982,450
54.0552,33.7964,450
54.0572,22.0428,450
54.0653,15.4566,450
54.0654,26.3346,450
54.0658,25.9694,450
54.0703,29.8149,450
54.0706,22.4764,450
54.0767,19.4224,450
54.0768,21.9942,450
54.0769,23.6590,450
54.0774,25.3232,450
54.0785,34.3661,450
54.0789,26.7961,450
54.0807,36.5259,450
54.0834,53.5528,450
54.0834,33.3270,450
54.0877,35.5047,450
54.0881,33.9913,450
54.0906,25.2723,450
54.0921,57.1793,450
54.0980,22.9292,450
54.0980,24.6102,450
54.0987,38.5866,450
54.1027,23.0290,450
54.1027,27.1103,450
54.1042,27.7502,450
54.1048,42.6254,450
54.1070,27.7717,450
54.1117,25.8727,450
54.1118,24.1126,450
54.1148,28.8689,450
54.1162,29.2493,450
54.1167,32.4853,450
54.1188,40.0487,450
54.1209,31.3384,450
54.1228,29.0852,450
54.1333,13.4009,450
54.1333,48.8209,450
54.1333,23.3134,450
54.1336,31.9489,450
54.1336,30.2487,450
54.1361,31.2827,450
54.1364,33.8196,450
54.1366,30.7018,450
54.1392,27.2140,450
54.1457,36.9445,450
54.1458,28.7125,450
54.1458,32.3498,450
54.1468,31.4066,450
54.1478,44.0920,450
54.1510,40.0191,450
54.1511,32.5494,450
54.1607,17.9669,450
54.1628,33.1986,450
54.1629,25.3528,450
54.1631,33.9147,450
54.1671,27.8262,450
54.1696,30.9109,450
54.1738,30.7016,450
54.1739,33.7286,450
54.1777,23.9608,450
54.1779,26.6316,450
54.1789,28.8816,450
54.1808,27.4454,450
54.1815,29.8280,450
54.1827,38.5541,450
54.1857,31.5978,450
54.1858,35.4782,450
54.1875,28.3844,450
54.1875,40.8997,450
54.1962,25.0606,450
54.1984,23.1170,450
54.1994,25.7414,450
54.2006,40.9456,450
54.2064,21.4622,450
54.2080,24.5773,450
54.2131,23.9008,450
54.2149,31.7686,450
54.2159,20.3275,450
54.2173,22.9429,450
54.2209,58.1216,450
54.2238,31.4762,450
54.2240,18.2846,450
54.2275,20.6744,450
54.2346,20.7273,450
54.2372,22.4027,450
54.2446,18.5605,450
54.2464,21.2251,450
54.2513,21.0392,450
54.2513,23.0225,450
54.2545,16.3653,450
54.2545,23.7790,450
54.2577,17.3748,450
54.2578,25.9031,450
54.2707,20.8871,450
54.2725,21.5877,450
54.2726,18.9540,450
54.2768,17.3526,450
54.2783,25.4436,450
54.2794,22.7661,450
54.2837,17.6778,450
54.2932,18.8297,450
54.2946,20.1347,450
54.2989,15.7798,450
54.3021,15.2637,450
54.3022,26.2257,450
54.3022,25.7232,450
54.3048,29.4501,450
54.3107,23.5710,450
54.3108,19.5515,450
54.3227,25.6732,450
54.3266,16.8810,450
54.3284,16.0410,450
54.3294,25.4563,450
54.3304,20.6205,450
54.3415,28.9598,450
54.3525,17.9825,450
54.3581,17.3733,450
54.3583,34.9892,450
54.3583,19.6643,450
54.3586,25.6873,450
54.3596,25.3109,450
54.3633,28.1244,450
54.3687,26.5744,450
54.3700,19.7715,450
54.3706,27.8476,450
54.3740,22.6817,450
54.3754,31.2525,450
54.3762,21.5759,450
54.3782,36.4727,450
54.3782,31.0947,450
54.3807,28.2428,450
54.3807,25.8912,450
54.3808,28.8346,450
54.3824,36.4581,450
54.3841,25.4555,450
54.3845,31.4212,450
54.3886,26.1083,450
54.3895,29.0755,450
54.3924,26.1709,450
54.3943,30.5651,450
54.3951,29.2578,450
54.3954,33.4385,450
54.3955,42.8268,450
54.3981,33.0664,450
54.4012,27.6725,450
54.4082,26.8525,450
54.4149,21.3072,450
54.4180,33.4659,450
54.4204,22.0253,450
54.4234,27.3615,450
54.4282,24.2641,450
54.4282,19.8084,450
54.4321,19.3457,450
54.4341,18.2988,450
54.4356,20.2958,450
54.4370,5.4365,450
54.4371,27.8964,450
54.4383,17.2565,450
54.4473,21.7358,450
54.4474,17.6356,450
54.4541,14.9343,450
54.4552,13.8638,450
54.4552,18.9045,450
54.4563,21.7760,450
54.4572,26.2864,450
54.4629,28.1576,450
54.4630,27.6578,450
54.4630,25.5768,450
54.4641,36.2222,450
54.4650,29.1929,450
54.4699,30.3489,450
54.4731,24.3241,450
54.4746,21.2280,450
54.4747,23.4372,450
54.4767,29.9885,450
54.4769,25.5499,450
54.4779,52.5255,450
54.4793,27.4570,450
54.4798,26.9490,450
54.4804,35.9241,450
54.4815,30.8505,450
54.4835,36.5404,450
54.4881,27.3339,450
54.4900,35.4564,450
54.4949,28.7855,450
54.4957,33.9191,450
54.4958,34.6325,450
54.4971,29.3036,450
54.4978,32.5907,450
54.4997,39.3113,450
54.4998,31.2592,450
54.4998,20.2826,450
54.5038,32.8853,450
54.5078,28.8525,450
54.5089,40.1603,450
54.5126,44.4042,450
54.5167,28.2434,450
54.5197,25.2181,450
54.5216,27.4682,450
54.5227,35.1283,450
54.5239,28.2893,450
54.5243,27.8881,450
54.5249,38.8293,450
54.5249,33.6870,450
54.5284,34.7072,450
54.5326,30.5473,450
54.5380,26.4658,450
54.5571,20.4020,450
54.5583,19.1118,450
54.5624,24.1650,450
54.5624,6.4519,450
54.5678,18.7182,450
54.5715,23.2238,450
54.5716,23.0852,450
54.5754,27.3585,450
54.5767,18.0911,450
54.5767,30.5462,450
54.5794,18.4380,450
54.5795,22.4708,450
54.5823,24.9283,450
54.5824,19.5235,450
54.5865,32.1566,450
54.5876,21.4037,450
54.5911,26.9083,450
54.5930,29.5607,450
54.6009,22.6298,450
54.6022,22.0858,450
54.6048,17.7493,450
54.6065,28.0198,450
54.6068,17.2344,450
54.6074,18.7055,450
54.6077,32.8108,450
54.6078,25.5405,450
54.6078,27.7460,450
54.6115,35.5458,450
54.6116,23.2916,450
54.6116,42.3197,450
54.6168,26.4141,450
54.6169,29.4504,450
54.6209,29.9841,450
54.6210,32.9688,450
54.6244,20.9734,450
54.6279,33.7624,450
54.6309,23.0825,450
54.6329,20.8925,450
54.6336,27.0060,450
54.6338,27.8099,450
54.6343,36.7853,450
54.6385,30.7275,450
54.6406,26.5143,450
54.6406,32.3604,450
54.6406,26.4486,450
54.6444,32.7749,450
54.6461,29.1273,450
54.6471,26.3459,450
54.6471,32.3446,450
54.6522,38.6640,450
54.6540,29.2127,450
54.6540,32.9139,450
54.6593,32.0774,450
54.6630,33.7657,450
54.6693,22.0922,450
54.6693,24.4597,450
54.6730,23.8330,450
54.6734,24.5955,450
54.6745,27.1280,450
54.6745,34.2626,450
54.6777,20.2387,450
54.6860,19.0125,450
54.6860,24.5356,450
54.6870,17.1741,450
54.6929,18.2272,450
54.6970,21.9524,450
54.6997,18.7797,450
54.7007,29.2775,450
54.7028,27.7164,450
54.7078,22.1881,450
54.7091,16.3446,450
54.7108,21.9784,450
54.7119,20.6908,450
54.7146,12.7413,450
54.7178,20.2925,450
54.7187,25.3162,450
54.7316,19.6419,450
54.7320,28.2851,450
54.7347,30.0101,450
54.7363,19.3718,450
54.7393,17.8352,450
54.7432,21.4536,450
54.7514,20.9456,450
54.7529,23.3591,450
54.7540,19.4546,450
54.7553,19.1952,450
54.7563,19.1799,450
54.7605,18.8948,450
54.7679,26.9212,450
54.7686,13.0173,450
54.7708,19.7109,450
54.7727,23.2980,450
54.7736,21.2347,450
54.7736,22.4890,450
54.7763,22.4406,450
54.7774,38.5028,450
54.7786,23.5990,450
54.7845,19.0689,450
54.7887,18.5092,450
54.7897,17.0744,450
54.7905,21.0280,450
54.7913,15.1490,450
54.7936,21.8884,450
54.7944,34.0673,450
54.7953,24.9469,450
54.7975,32.5307,450
54.8021,20.8106,450
54.8030,26.7534,450
54.8054,23.0687,450
54.8065,28.4400,450
54.8072,25.7227,450
54.8107,19.3202,450
54.8146,20.5111,450
54.8147,30.5104,450
54.8147,24.3014,450
54.8215,21.8049,450
54.8228,19.3964,450
54.8237,19.5712,450
54.8275,18.5291,450
54.8345,44.7444,450
54.8347,21.0349,450
54.8349,17.6539,450
54.8370,22.8103,450
54.8409,18.8825,450
54.8414,21.1293,450
54.8422,37.1243,450
54.8449,20.4312,450
54.8478,32.0850,450
54.8494,30.3735,450
54.8519,19.8822,450
54.8520,19.8483,450
54.8551,19.5321,450
54.8552,24.1208,450
54.8628,17.5510,450
54.8628,32.7958,450
54.8635,20.1755,450
54.8642,22.7196,450
54.8670,26.8449,450
54.8671,35.3076,450
54.8679,34.0982,450
54.8685,27.1886,450
54.8740,25.1372,450
54.8741,35.9129,450
54.8741,41.7909,450
54.8817,21.7326,450
54.8824,21.0245,450
54.8825,23.7034,450
54.8834,29.3214,450
54.8857,24.3352,450
54.8922,20.4901,450
54.8939,21.9945,450
54.8940,23.0082,450
54.8950,24.7734,450
54.8954,36.9489,450
54.8980,32.3883,450
54.8981,41.7675,450
54.8981,30.6040,450
54.8981,32.3034,450
54.9014,27.7885,450
54.9026,42.1684,450
54.9026,30.4544,450
54.9059,32.3948,450
54.9101,29.0523,450
54.9186,21.6662,450
54.9186,28.0803,450
54.9235,21.8607,450
54.9236,35.6981,450
54.9291,19.9157,450
54.9292,30.8553,450
54.9342,22.3827,450
54.9343,17.6670,450
54.9429,28.5128,450
54.9453,18.6476,450
54.9454,29.3925,450
54.9454,22.3711,450
54.9456,57.4638,450
54.9457,22.1074,450
54.9467,27.8104,450
54.9490,26.8138,450
54.9491,27.1702,450
54.9501,28.8613,450
54.9505,31.6593,450
54.9506,34.3873,450
54.9578,32.6419,450
54.9614,29.6067,450
54.9617,60.1672,450
54.9637,37.2305,450
54.9675,26.4339,450
54.9734,8.7186,450
54.9816,26.3468,450
54.9817,25.6134,450
54.9824,30.6590,450
54.9849,20.6827,450
54.9854,24.5119,450
54.9889,24.8416,450
54.9933,26.6858,450
54.9946,22.7790,450
54.9967,27.2944,450
55.0013,24.5453,450
55.0049,15.3491,450
55.0050,20.0785,450
55.0051,23.0645,450
55.0061,22.8801,450
55.0164,19.5418,450
55.0168,29.8331,450
55.0169,25.2168,450
55.0203,23.4965,450
55.0240,31.0831,450
55.0273,18.8383,450
55.0292,17.9765,450
55.0319,18.8411,450
55.0353,19.7838,450
55.0397,22.8510,450
55.0420,13.8702,450
55.0423,26.9274,450
55.0432,21.5095,450
55.0454,28.5468,450
55.0459,25.7849,450
55.0465,21.5245,450
55.0466,34.9656,450
55.0495,17.6079,450
55.0583,27.0550,450
55.0588,50.4240,450
55.0659,29.0552,450
55.0672,23.8564,450
55.0729,17.5018,450
55.0744,18.8631,450
55.0745,19.7307,450
55.0749,30.8061,450
55.0766,22.9279,450
55.0767,31.5536,450
55.0933,15.6932,450
55.0942,55.0196,450
55.0970,18.8772,450
55.0991,16.8049,450
55.0996,32.1253,450
55.1005,21.0443,450
55.1048,27.2677,450
55.1069,25.6787,450
55.1090,25.7661,450
55.1093,23.2923,450
55.1110,13.3584,450
55.1112,20.4715,450
55.1113,35.0982,450
55.1169,28.8664,450
55.1171,21.5792,450
55.1244,27.2053,450
55.1245,18.3474,450
55.1246,16.8767,450
55.1318,17.5658,450
55.1325,19.1149,450
55.1362,20.7694,450
55.1363,24.4071,450
55.1372,23.5404,450
55.1386,21.4039,450
55.1404,19.8852,450
55.1405,21.0034,450
55.1414,25.6397,450
55.1416,26.3615,450
55.1443,23.2271,450
55.1445,57.9010,450
55.1446,30.3971,450
55.1446,31.1632,450
55.1484,30.7416,450
55.1531,26.6937,450
55.1562,27.4382,450
55.1595,28.4247,450
55.1596,36.8658,450
55.1601,41.2351,450
55.1615,33.9818,450
55.1660,26.0406,450
55.1671,30.3498,450
55.1671,35.9310,450
55.1697,35.0955,450
55.1698,57.1591,450
55.1707,34.7990,450
55.1708,37.8352,450
55.1711,32.8632,450
55.1746,34.8479,450
55.1778,41.5017,450
55.1816,30.1791,450
55.1837,35.2081,450
55.1837,27.1422,450
55.1837,40.7920,450
55.1869,32.4063,450
55.1893,36.9242,450
55.1897,34.8021,450
55.1904,35.5549,450
55.1915,38.0561,450
55.1933,36.6824,450
55.1962,43.0083,450
55.2006,38.0814,450
55.2008,33.4257,450
55.2024,43.8309,450
55.2072,31.5666,450
55.2112,39.1256,450
55.2172,28.1415,450
55.2194,26.9119,450
55.2211,27.0580,450
55.2239,25.1763,450
55.2240,30.5731,450
55.2257,27.6440,450
55.2264,32.7753,450
55.2334,36.0556,450
55.2378,25.1955,450
55.2387,24.2001,450
55.2392,24.7883,450
55.2440,16.5807,450
55.2440,23.6826,450
55.2448,38.7316,450
55.2448,22.8929,450
55.2520,34.2536,450
55.2545,21.4601,450
55.2558,24.2811,450
55.2580,21.0947,450
55.2591,19.9934,450
55.2597,10.1595,450
55.2631,31.0848,450
55.2668,29.1711,450
55.2680,24.0859,450
55.2687,23.4317,450
55.2714,19.8317,450
55.2744,21.5477,450
55.2773,29.0359,450
55.2801,17.8947,450
55.2823,19.7658,450
55.2870,26.0790,450
55.2942,32.2316,450
55.2943,21.6259,450
55.2959,19.9826,450
55.3001,26.2857,450
55.3014,15.1012,450
55.3014,22.0407,450
55.3096,27.9900,450
55.3097,19.2781,450
55.3097,36.7331,450
55.3097,33.7525,450
55.3108,39.0995,450
55.3115,31.9746,450
55.3146,17.7597,450
55.3146,28.8266,450
55.3146,29.9379,450
55.3152,41.6088,450
55.3213,40.9577,450
55.3255,24.4181,450
55.3255,35.2910,450
55.3300,27.4185,450
55.3368,12.4650,450
55.3391,16.4962,450
55.3446,25.0383,450
55.3491,20.5456,450
55.3491,33.0847,450
55.3491,28.1430,450
55.3507,31.4579,450
55.3515,21.2498,450
55.3524,24.3216,450
55.3548,26.7925,450
55.3549,27.3495,450
55.3640,19.0609,450
55.3686,29.6943,450
55.3693,20.3854,450
55.3757,5.8578,450
55.3770,16.1562,450
55.3797,23.6771,450
55.3855,19.2671,450
55.3856,25.5870,450
55.3892,28.3656,450
55.3926,18.5802,450
55.3950,19.1548,450
55.3972,15.4758,450
55.4029,30.8978,450
55.4070,25.9768,450
55.4134,16.2845,450
55.4135,20.3198,450
55.4197,28.8448,450
55.4199,21.8985,450
55.4217,20.8152,450
55.4218,22.9191,450
55.4238,79.4917,450
55.4268,18.6004,450
55.4270,28.6236,450
55.4270,24.5016,450
55.4415,18.1679,450
55.4476,18.5983,450
55.4519,27.1694,450
55.4542,26.1093,450
55.4594,43.9006,450
55.4618,18.0514,450
55.4622,29.6415,450
55.4664,16.7313,450
55.4698,19.9946,450
55.4703,21.5479,450
55.4727,27.9980,450
55.4729,19.7579,450
55.4780,26.7647,450
55.4788,49.5060,450
55.4799,28.1553,450
55.4923,18.7540,450
55.4924,21.8846,450
55.4949,19.4789,450
55.4988,18.4123,450
55.4990,23.1584,450
55.5022,18.7656,450
55.5022,18.6127,450
55.5038,34.3930,450
55.5051,31.2366,450
55.5060,38.7053,450
55.5102,22.6897,450
55.5130,13.2583,450
55.5157,20.5726,450
55.5165,19.8396,450
55.5199,27.1911,450
55.5212,15.0810,450
55.5213,19.7562,450
55.5223,22.5396,450
55.5224,35.5619,450
55.5248,38.0056,450
55.5248,27.2142,450
55.5279,32.9337,450
55.5281,34.6695,450
55.5285,29.5286,450
55.5296,28.4106,450
55.5355,25.3474,450
55.5366,38.2243,450
55.5372,39.5991,450
55.5377,42.5050,450
55.5433,60.7562,450
55.5446,27.7486,450
55.5467,25.0517,450
55.5478,41.2979,450
55.5484,28.4793,450
55.5513,55.5109,450
55.5518,15.0033,450
55.5671,19.3757,450
55.5699,17.1186,450
55.5789,28.3119,450
55.5791,19.8885,450
55.5791,17.5926,450
55.5821,21.9796,450
55.5823,29.7420,450
55.5852,26.6638,450
55.5858,23.7441,450
55.5871,24.6245,450
55.5878,18.9765,450
55.5920,29.8935,450
55.5926,21.4043,450
55.5927,28.6817,450
55.5979,30.8707,450
55.5988,39.9778,450
55.6018,24.5142,450
55.6036,19.7731,450
55.6107,18.0244,450
55.6184,12.6621,450
55.6185,19.8482,450
55.6194,20.0009,450
55.6194,21.8791,450
55.6211,34.5968,450
55.6217,26.1707,450
55.6246,23.2645,450
55.6275,31.8644,450
55.6305,28.9170,450
55.6372,18.5280,450
55.6375,18.7047,450
55.6447,29.4980,450
55.6504,19.1425,450
55.6506,17.9890,450
55.6545,25.7728,450
55.6560,27.1389,450
55.6561,14.1260,450
55.6590,19.5366,450
55.6622,27.1282,450
55.6623,26.4775,450
55.6627,26.7728,450
55.6650,15.2987,450
55.6651,24.9691,450
55.6659,24.7479,450
55.6731,19.8776,450
55.6779,15.0817,450
55.6838,20.5800,450
55.6840,27.0122,450
55.6845,26.5444,450
55.6855,25.1828,450
55.6970,21.2841,450
55.6972,27.2156,450
55.6979,26.5443,450
55.7009,25.1315,450
55.7058,28.8322,450
55.7099,14.4806,450
55.7100,24.7008,450
55.7138,20.8817,450
55.7148,26.0006,450
55.7148,20.7996,450
55.7195,18.7837,450
55.7207,22.5631,450
55.7207,24.7078,450
55.7210,24.4160,450
55.7210,27.2222,450
55.7240,57.6582,450
55.7251,25.9446,450
55.7258,23.2717,450
55.7266,23.9563,450
55.7335,34.6801,450
55.7335,30.1758,450
55.7488,23.3322,450
55.7495,26.8984,450
55.7530,22.4070,450
55.7577,18.3640,450
55.7578,25.7812,450
55.7587,27.5103,450
55.7606,7.0027,450
55.7607,29.0074,450
55.7619,29.4180,450
55.7620,27.8332,450
55.7665,30.5306,450
55.7744,19.1576,450
55.7802,3.4786,450
55.7802,5.9421,450
55.7803,20.5079,450
55.7812,34.6814,450
55.7851,21.2949,450
55.7949,21.4810,450
55.7965,21.9982,450
55.7971,19.7128,450
55.7987,22.9754,450
55.7995,32.2342,450
55.8016,20.8298,450
55.8024,23.4872,450
55.8049,22.1205,450
55.8050,24.0555,450
55.8088,22.8909,450
55.8110,22.5139,450
55.8125,19.2049,450
55.8151,24.3740,450
55.8152,24.4911,450
55.8170,33.1245,450
55.8198,23.8681,450
55.8204,24.2434,450
55.8219,33.7306,450
55.8256,28.6243,450
55.8266,21.6932,450
55.8274,35.5434,450
55.8332,21.9011,450
55.8389,19.8367,450
55.8426,13.0038,450
55.8427,26.2272,450
55.8443,20.4457,450
55.8448,28.8670,450
55.8457,23.2481,450
55.8557,21.4594,450
55.8669,16.4005,450
55.8670,21.4042,450
55.8681,25.2023,450
55.8681,23.0751,450
55.8718,23.6879,450
55.8735,25.5577,450
55.8757,18.4977,450
55.8767,37.7518,450
55.8785,20.5281,450
55.8879,18.4088,450
55.8938,23.4611,450
55.8946,17.2084,450
55.9057,17.6360,450
55.9058,23.2664,450
55.9104,18.7026,450
55.9112,45.1695,450
55.9135,26.9695,450
55.9136,18.5252,450
55.9201,20.9537,450
55.9218,29.8856,450
55.9299,25.6613,450
55.9330,12.9110,450
55.9358,23.1392,450
55.9359,29.1220,450
55.9359,23.0248,450
55.9359,18.4701,450
55.9428,19.9435,450
55.9446,14.4206,450
55.9507,20.7447,450
55.9556,18.2562,450
55.9622,22.3617,450
55.9643,25.2844,450
55.9644,27.4065,450
55.9692,28.6811,450
55.9786,25.5715,450
55.9856,12.8202,450
55.9886,22.5372,450
55.9908,31.9179,450
55.9982,18.6180,450
55.9983,19.0701,450
56.0002,19.9934,450
56.0013,18.8231,450
56.0014,22.2814,450
56.0036,22.2135,450
56.0071,35.1563,450
56.0160,28.0726,450
56.0160,31.9955,450
56.0161,25.3114,450
56.0188,22.5226,450
56.0220,19.0465,450
56.0221,26.7164,450
56.0247,16.5306,450
56.0248,25.1531,450
56.0305,23.3361,450
56.0309,21.1534,450
56.0318,17.9991,450
56.0334,31.8597,450
56.0337,24.6580,450
56.0364,28.6553,450
56.0365,25.4147,450
56.0379,36.6082,450
56.0439,25.7428,450
56.0453,20.8827,450
56.0607,18.2671,450
56.0639,18.5917,450
56.0640,5.9483,450
56.0646,15.0378,450
56.0656,22.1623,450
56.0665,9.8805,450
56.0689,18.2860,450
56.0690,60.8092,450
56.0696,29.5308,450
56.0701,38.0690,450
56.0702,40.8262,450
56.0779,27.4880,450
56.0907,27.5020,450
56.0946,22.8497,450
56.0956,18.6623,450
56.1023,14.9806,450
56.1056,18.4671,450
56.1074,17.5946,450
56.1082,18.2015,450
56.1120,23.6997,450
56.1121,30.2722,450
56.1128,24.2345,450
56.1150,27.4914,450
56.1230,15.8985,450
56.1231,25.0871,450
56.1235,21.8589,450
56.1239,26.5022,450
56.1240,24.7220,450
56.1291,28.5965,450
56.1301,23.5682,450
56.1321,21.6537,450
56.1348,19.1157,450
56.1349,28.8998,450
56.1417,19.3467,450
56.1438,27.5565,450
56.1469,29.8130,450
56.1479,16.3427,450
56.1563,17.6588,450
56.1563,17.6881,450
56.1563,30.5562,450
56.1576,21.3374,450
56.1605,22.6136,450
56.1605,23.6081,450
56.1605,25.4583,450
56.1618,26.7739,450
56.1628,25.9495,450
56.1651,26.0283,450
56.1702,25.7657,450
56.1702,25.8960,450
56.1709,27.7542,450
56.1712,28.3518,450
56.1721,39.3232,450
56.1725,29.6156,450
56.1737,32.0355,450
56.1787,27.3684,450
56.1790,28.7877,450
56.1822,42.8019,450
56.1835,45.9841,450
56.1848,17.1073,450
56.1853,36.0547,450
56.1855,76.5533,450
56.1855,34.9371,450
56.1900,19.7519,450
56.1901,34.1120,450
56.1901,34.9548,450
56.1906,48.6107,450
56.1912,34.2558,450
56.1913,57.9152,450
56.1951,49.9656,450
56.1952,43.8215,450
56.1983,42.8430,450
56.2018,47.1137,450
56.2022,55.7862,450
56.2027,46.7528,450
56.2049,46.0573,450
56.2061,43.3636,450
56.2061,52.3797,450
56.2117,40.1884,450
56.2159,38.1420,450
56.2161,41.9581,450
56.2176,41.5212,450
56.2253,36.7997,450
56.2263,38.1705,450
56.2289,37.2896,450
56.2290,36.2446,450
56.2295,45.3961,450
56.2316,40.5348,450
56.2335,51.0524,450
56.2345,48.0901,450
56.2428,35.7995,450
56.2435,36.3070,450
56.2443,38.3421,450
56.2444,38.2688,450
56.2484,42.6731,450
56.2485,39.7394,450
56.2537,37.3963,450
56.2574,34.7143,450
56.2574,42.1146,450
56.2615,38.9643,450
56.2616,38.8835,450
56.2692,31.6914,450
56.2699,35.3503,450
56.2721,28.3869,450
56.2722,48.0289,450
56.2733,34.9614,450
56.2764,33.5307,450
56.2765,36.3690,450
56.2766,41.4015,450
56.2777,38.4652,450
56.2820,36.3580,450
56.2826,35.3489,450
56.2862,35.5906,450
56.2875,38.4780,450
56.2877,42.5508,450
56.2901,38.4650,450
56.2921,38.0857,450
56.2952,44.2938,450
56.2954,39.6241,450
56.2959,42.9133,450
56.2983,42.1667,450
56.2987,52.4163,450
56.3040,43.8707,450
56.3041,34.7024,450
56.3082,39.6472,450
56.3095,38.4465,450
56.3114,41.8785,450
56.3115,51.4534,450
56.3140,52.6020,450
56.3184,47.6392,450
56.3192,46.8569,450
56.3205,39.9720,450
56.3231,33.5114,450
56.3243,38.6809,450
56.3252,40.8474,450
56.3270,39.6115,450
56.3277,47.6675,450
56.3301,45.9426,450
56.3350,43.4181,450
56.3351,55.2702,450
56.3370,55.1772,450
56.3462,35.5325,450
56.3464,44.8832,450
56.3464,38.2352,450
56.3475,35.4536,450
56.3476,42.4840,450
56.3501,25.8854,450
56.3552,31.6316,450
56.3565,52.6635,450
56.3567,33.6688,450
56.3567,41.0212,450
56.3576,43.5918,450
56.3642,41.4760,450
56.3643,41.3420,450
56.3643,48.9671,450
56.3654,43.7966,450
56.3660,49.0928,450
56.3703,53.3737,450
56.3722,51.4895,450
56.3746,49.0167,450
56.3748,43.7342,450
56.3760,47.6566,450
56.3771,52.6598,450
56.3804,43.6162,450
56.3818,45.5778,450
56.3818,41.8217,450
56.3822,50.2253,450
56.3836,59.8616,450
56.3837,59.7865,450
56.3837,53.6764,450
56.3894,48.1564,450
56.3913,46.2642,450
56.3927,80.4030,450
56.3928,51.4403,450
56.3959,36.9965,450
56.4005,46.9419,450
56.4006,47.8801,450
56.4012,57.5983,450
56.4048,50.6640,450
56.4048,50.6212,450
56.4068,51.1133,450
56.4076,51.9387,450
56.4076,62.4723,450
56.4095,57.0280,450
56.4104,56.1696,450
56.4127,66.1070,450
56.4133,57.0905,450
56.4144,66.6315,450
56.4147,68.0187,450
56.4180,58.2615,450
56.4189,59.2711,450
56.4240,54.8500,450
56.4241,61.5907,450
56.4265,58.4470,450
56.4287,61.1582,450
56.4354,62.5417,450
56.4355,63.7539,450
56.4355,63.7368,450
56.4361,63.6002,450
56.4402,57.6557,450
56.4404,58.8944,450
56.4404,58.8748,450
56.4452,64.0644,450
56.4453,66.7748,450
56.4454,63.8746,450
56.4466,65.5432,450
56.4468,70.5116,450
56.4501,67.2435,450
56.4533,63.9845,450
56.4534,58.6659,450
56.4623,58.4512,450
56.4624,63.1465,450
56.4655,70.1385,450
56.4668,56.1961,450
56.4727,52.8439,450
56.4810,47.6973,450
56.4811,53.2959,450
56.4820,56.1130,450
56.4849,65.4295,450
56.4896,47.0906,450
56.4941,44.0095,450
56.4942,53.2873,450
56.4975,44.0918,450
56.5024,39.2348,450
56.5025,47.2683,450
56.5064,41.1442,450
56.5098,33.3497,450
56.5131,31.3262,450
56.5141,45.9689,450
56.5163,52.3339,450
56.5178,61.5843,450
56.5196,49.3314,450
56.5201,48.8332,450
56.5210,47.1781,450
56.5254,40.9064,450
56.5269,42.0426,450
56.5307,39.2341,450
56.5340,39.2503,450
56.5352,43.2704,450
56.5353,42.8378,450
56.5404,37.7705,450
56.5430,35.1084,450
56.5495,46.2890,450
56.5496,34.9912,450
56.5520,43.7936,450
56.5620,26.6673,450
56.5649,23.7377,450
56.5650,13.4151,450
56.5653,36.8901,450
56.5657,58.4324,450
56.5685,33.6537,450
56.5725,26.5422,450
56.5726,36.3457,450
56.5787,27.9381,450
56.5806,28.4040,450
56.5818,34.3589,450
56.5869,20.6322,450
56.5876,30.6892,450
56.5882,25.6908,450
56.5948,22.0610,450
56.5948,27.2133,450
56.5984,21.5123,450
56.5993,22.8958,450
56.5993,27.0002,450
56.6013,22.8603,450
56.6024,33.8016,450
56.6077,26.7142,450
56.6114,21.5562,450
56.6166,17.4753,450
56.6184,19.3080,450
56.6194,20.1645,450
56.6210,24.4840,450
56.6239,23.0453,450
56.6240,29.1581,450
56.6326,16.4252,450
56.6328,22.5306,450
56.6336,22.2237,450
56.6363,28.8142,450
56.6364,19.9486,450
56.6378,17.3458,450
56.6415,22.1676,450
56.6417,22.2409,450
56.6427,22.0363,450
56.6513,16.1603,450
56.6527,14.6153,450
56.6581,29.0798,450
56.6594,16.2044,450
56.6645,20.6435,450
56.6655,29.8774,450
56.6698,17.3672,450
56.6710,22.2253,450
56.6753,44.1088,450
56.6797,23.3271,450
56.6799,20.4358,450
56.6799,23.5940,450
56.6804,23.0900,450
56.6805,39.3784,450
56.6916,24.5496,450
56.6929,26.8786,450
56.6939,21.7567,450
56.6949,24.8665,450
56.6964,21.9648,450
56.6995,30.0065,450
56.6995,20.3720,450
56.7062,31.9545,450
56.7067,30.9351,450
56.7091,22.9527,450
56.7140,21.0340,450
56.7141,26.9783,450
56.7141,8.0972,450
56.7152,25.8334,450
56.7195,20.6635,450
56.7208,36.2895,450
56.7224,21.8398,450
56.7267,28.0538,450
56.7289,19.2736,450
56.7299,23.1520,450
56.7335,19.5042,450
56.7439,34.9723,450
56.7445,31.2391,450
56.7524,26.4736,450
56.7525,26.4293,450
56.7538,6.3886,450
56.7620,48.8803,450
56.7647,18.3588,450
56.7648,18.2203,450
56.7648,21.6771,450
56.7649,23.8245,450
56.7686,54.6456,450
56.7687,23.9206,450
56.7687,20.0569,450
56.7687,41.6735,450
56.7715,26.8272,450
56.7716,33.7880,450
56.7723,30.8387,450
56.7745,35.9228,450
56.7746,35.8032,450
56.7754,31.6276,450
56.7773,33.0609,450
56.7822,34.3116,450
56.7829,35.5526,450
56.7852,33.7501,450
56.7852,29.2687,450
56.7852,46.4091,450
56.7857,36.1283,450
56.7858,45.8490,450
56.7877,43.7308,450
56.7921,35.2630,450
56.7973,34.2656,450
56.7983,33.1448,450
56.8057,37.5861,450
56.8079,31.8195,450
56.8080,34.6982,450
56.8092,37.3240,450
56.8119,31.3873,450
56.8121,43.2628,450
56.8143,38.5101,450
56.8197,33.2197,450
56.8216,31.1762,450
56.8217,33.6868,450
56.8228,32.5924,450
56.8246,35.7576,450
56.8257,38.4370,450
56.8263,34.0382,450
56.8305,33.1208,450
56.8305,34.0187,450
56.8318,38.1916,450
56.8324,37.5838,450
56.8424,26.6067,450
56.8483,24.8595,450
56.8484,27.6883,450
56.8517,31.6978,450
56.8571,24.9185,450
56.8593,24.9585,450
56.8593,24.9265,450
56.8623,22.8317,450
56.8634,31.1095,450
56.8644,24.9585,450
56.8688,34.5058,450
56.8696,25.8090,450
56.8718,33.1715,450
56.8748,25.7673,450
56.8759,32.5246,450
56.8777,23.2863,450
56.8796,30.7942,450
56.8797,24.5003,450
56.8809,29.7450,450
56.8828,38.6501,450
56.8887,26.6744,450
56.8898,22.9727,450
56.8908,31.8135,450
56.9003,18.8789,450
56.9005,20.8757,450
56.9006,20.8762,450
56.9031,20.7275,450
56.9093,30.9687,450
56.9093,20.6290,450
56.9093,21.0916,450
56.9097,24.4629,450
56.9101,25.6994,450
56.9104,29.8222,450
56.9112,41.5961,450
56.9117,29.7428,450
56.9145,28.4138,450
56.9154,30.7974,450
56.9207,40.7886,450
56.9229,27.2037,450
56.9230,27.5832,450
56.9259,30.6535,450
56.9260,34.4333,450
56.9278,37.3477,450
56.9280,29.0880,450
56.9280,31.6608,450
56.9288,37.0796,450
56.9300,38.6190,450
56.9318,42.9924,450
56.9319,50.0766,450
56.9410,32.8491,450
56.9461,28.1478,450
56.9462,29.0929,450
56.9487,29.9372,450
56.9506,28.0580,450
56.9512,27.4712,450
56.9545,28.9382,450
56.9586,24.9027,450
56.9605,34.7316,450
56.9605,39.2900,450
56.9605,33.9096,450
56.9615,31.3830,450
56.9630,32.1754,450
56.9651,40.6208,450
56.9672,29.5831,450
56.9723,30.3638,450
56.9723,38.9013,450
56.9723,20.5671,450
56.9771,29.1318,450
56.9786,39.4786,450
56.9811,30.1708,450
56.9816,36.5913,450
56.9823,28.3384,450
56.9827,31.4419,450
56.9858,29.3522,450
56.9887,45.2238,450
56.9888,41.8846,450
56.9900,40.5391,450
56.9927,34.4769,450
56.9934,33.3141,450
56.9950,47.0131,450
56.9957,38.1566,450
57.0020,37.4483,450
57.0020,36.5023,450
57.0044,42.0139,450
57.0064,37.9748,450
57.0070,42.4028,450
57.0070,32.4667,450
57.0082,38.6441,450
57.0101,41.3370,450
57.0133,44.5727,450
57.0136,37.7161,450
57.0171,34.4665,450
57.0190,39.0337,450
57.0198,40.6250,450
57.0207,39.7989,450
57.0213,56.0279,450
57.0226,54.8034,450
57.0227,40.0167,450
57.0236,50.1801,450
57.0236,55.8530,450
57.0259,62.6541,450
57.0376,33.5982,450
57.0377,51.4614,450
57.0467,37.4692,450
57.0505,31.6863,450
57.0566,39.8418,450
57.0638,22.4716,450
57.0639,27.6235,450
57.0668,19.8022,450
57.0669,24.7267,450
57.0682,25.2236,450
57.0714,24.5726,450
57.0715,25.4098,450
57.0724,27.5822,450
57.0745,25.6606,450
57.0786,37.7816,450
57.0787,28.1325,450
57.0855,27.5097,450
57.0855,22.0701,450
57.0936,28.5065,450
57.0958,28.9985,450
57.0963,22.4559,450
57.0998,22.3327,450
57.0998,31.3790,450
57.1014,20.7190,450
57.1018,26.4986,450
57.1042,36.1885,450
57.1042,23.5373,450
57.1042,25.8502,450
57.1047,31.8398,450
57.1132,21.3965,450
57.1150,21.4903,450
57.1163,21.6017,450
57.1242,21.7852,450
57.1269,17.2540,450
57.1308,24.3428,450
57.1327,18.3325,450
57.1375,15.5520,450
57.1393,22.7480,450
57.1393,22.7273,450
57.1412,29.7493,450
57.1441,20.3532,450
57.1444,14.6627,450
57.1444,20.1197,450
57.1473,21.5364,450
57.1474,32.6230,450
57.1478,27.4421,450
57.1523,18.6817,450
57.1535,18.1205,450
57.1535,21.3183,450
57.1547,25.2889,450
57.1571,39.6388,450
57.1573,31.9238,450
57.1630,23.8286,450
57.1631,29.6879,450
57.1635,41.6176,450
57.1676,25.1528,450
57.1677,29.0574,450
57.1699,36.7650,450
57.1727,31.7217,450
57.1747,24.4111,450
57.1776,26.8147,450
57.1784,26.7224,450
57.1791,38.4362,450
57.1815,26.1540,450
57.1826,36.0877,450
57.1834,27.0186,450
57.1834,32.1093,450
57.1843,46.6054,450
57.1854,46.3219,450
57.1903,43.9999,450
57.1915,39.9334,450
57.1942,32.4917,450
57.1944,47.1936,450
57.1953,34.2879,450
57.2032,28.5275,450
57.2068,27.2462,450
57.2073,26.9629,450
57.2119,22.7176,450
57.2178,14.1783,450
57.2200,29.6784,450
57.2201,23.2044,450
57.2231,24.4386,450
57.2251,34.1201,450
57.2252,39.7444,450
57.2260,32.1375,450
57.2298,24.3200,450
57.2299,24.7917,450
57.2328,24.9411,450
57.2397,18.4871,450
57.2398,26.1807,450
57.2399,29.6231,450
57.2431,22.2526,450
57.2432,22.8081,450
57.2521,24.4946,450
57.2522,29.1645,450
57.2522,20.1082,450
57.2527,36.2686,450
57.2584,21.8303,450
57.2609,19.2696,450
57.2611,21.1554,450
57.2618,27.8256,450
57.2638,25.7949,450
57.2661,19.2948,450
57.2667,18.2824,450
57.2710,24.9216,450
57.2711,23.7562,450
57.2751,25.1967,450
57.2753,25.8080,450
57.2754,19.5275,450
57.2802,30.5797,450
57.2850,18.3312,450
57.2850,25.7770,450
57.2850,17.8262,450
57.2858,36.3459,450
57.2885,29.8977,450
57.2991,14.3027,450
57.2999,34.1718,450
57.3011,21.0447,450
57.3029,20.4291,450
57.3059,25.4016,450
57.3094,13.3598,450
57.3160,26.9121,450
57.3162,28.3218,450
57.3171,22.3736,450
57.3221,18.4985,450
57.3248,25.2720,450
57.3249,19.5835,450
57.3277,12.4587,450
57.3287,13.5095,450
57.3288,51.4132,450
57.3355,22.3801,450
57.3357,24.3805,450
57.3387,33.0133,450
57.3430,12.5998,450
57.3431,31.7152,450
57.3453,21.8223,450
57.3464,25.7336,450
57.3471,30.3357,450
57.3484,18.6875,450
57.3501,32.9412,450
57.3511,23.6794,450
57.3515,27.1102,450
57.3519,27.4615,450
57.3533,26.8471,450
57.3535,29.5433,450
57.3545,41.6326,450
57.3552,38.6051,450
57.3586,27.8326,450
57.3588,42.4743,450
57.3619,31.7991,450
57.3640,29.2263,450
57.3640,29.1819,450
57.3687,31.1195,450
57.3715,28.2920,450
57.3768,24.4674,450
57.3769,23.8013,450
57.3779,36.6683,450
57.3790,27.7025,450
57.3814,30.5953,450
57.3816,29.7441,450
57.3816,30.2633,450
57.3827,44.6349,450
57.3858,32.8752,450
57.3859,39.8929,450
57.3980,32.0324,450
57.3982,26.5140,450
57.3982,34.9242,450
57.3991,29.2141,450
57.3992,33.9050,450
57.3999,30.1937,450
57.4009,43.1633,450
57.4054,31.6216,450
57.4055,34.5853,450
57.4055,33.8451,450
57.4102,32.3138,450
57.4104,40.2400,450
57.4111,41.9263,450
57.4170,31.6510,450
57.4171,33.0973,450
57.4172,37.4812,450
57.4186,50.6414,450
57.4187,51.4802,450
57.4188,40.6776,450
57.4246,39.4878,450
57.4276,39.3132,450
57.4277,36.3824,450
57.4316,61.7834,450
57.4333,33.0769,450
57.4356,35.0129,450
57.4366,33.5382,450
57.4415,33.3897,450
57.4417,49.6511,450
57.4417,37.6724,450
57.4417,32.5854,450
57.4439,40.8530,450
57.4440,41.2833,450
57.4473,44.3456,450
57.4485,42.8686,450
57.4533,46.5532,450
57.4597,36.4770,450
57.4623,28.9664,450
57.4691,27.6680,450
57.4700,29.3133,450
57.4723,30.9700,450
57.4762,35.8973,450
57.4763,31.2177,450
57.4787,23.4967,450
57.4794,28.0936,450
57.4799,28.5301,450
57.4824,46.1651,450
57.4862,29.8801,450
57.4868,29.8530,450
57.4875,41.0063,450
57.4917,27.3912,450
57.4921,30.9382,450
57.4953,33.2700,450
57.4954,28.5507,450
57.5014,27.2124,450
57.5014,35.3548,450
57.5063,35.1720,450
57.5070,26.6407,450
57.5076,29.7573,450
57.5150,33.3413,450
57.5212,20.2360,450
57.5213,37.4161,450
57.5214,24.0360,450
57.5276,23.1747,450
57.5310,18.7049,450
57.5311,20.4176,450
57.5349,19.2276,450
57.5361,20.3008,450
57.5444,18.7678,450
57.5451,19.6575,450
57.5528,17.8933,450
57.5534,27.6236,450
57.5565,19.4162,450
57.5565,29.9524,450
57.5606,15.2813,450
57.5621,27.5628,450
57.5628,23.2302,450
57.5637,17.5753,450
57.5684,23.3747,450
57.5685,35.0064,450
57.5685,23.8736,450
57.5685,59.8664,450
57.5735,33.5482,450
57.5758,25.0201,450
57.5802,19.1054,450
57.5852,27.9869,450
57.5857,23.8471,450
57.5859,27.6557,450
57.5957,23.2710,450
57.5968,19.8126,450
57.5978,18.7900,450
57.5992,20.4883,450
57.6043,49.2017,450
57.6073,27.2606,450
57.6148,24.5801,450
57.6149,20.4624,450
57.6177,16.9391,450
57.6206,19.2815,450
57.6236,18.5533,450
57.6272,18.6013,450
57.6273,14.7610,450
57.6304,19.6450,450
57.6305,19.5409,450
57.6305,23.0133,450
57.6409,19.6293,450
57.6438,19.9916,450
57.6448,29.8483,450
57.6485,23.9858,450
57.6545,15.0804,450
57.6547,35.0041,450
57.6587,13.7625,450
57.6598,19.9210,450
57.6676,24.0563,450
57.6677,19.7424,450
57.6682,26.2301,450
57.6707,28.6280,450
57.6737,34.7718,450
57.6738,29.5250,450
57.6738,30.6087,450
57.6738,30.5810,450
57.6738,34.6896,450
57.6783,27.9678,450
57.6790,27.1757,450
57.6832,36.9979,450
57.6832,25.2888,450
57.6854,34.2880,450
57.6859,34.2843,450
57.6941,36.3347,450
57.6942,25.4398,450
57.6966,26.1556,450
57.6966,33.8698,450
57.6980,26.1017,450
57.6990,23.7041,450
57.6998,28.2116,450
57.7025,24.8140,450
57.7026,38.9061,450
57.7079,26.6314,450
57.7086,26.3562,450
57.7098,25.6968,450
57.7134,28.8657,450
57.7219,13.6519,450
57.7256,17.0553,450
57.7289,18.2355,450
57.7291,19.0379,450
57.7327,33.4644,450
57.7366,18.1246,450
57.7375,19.9396,450
57.7398,31.9341,450
57.7407,29.7815,450
57.7418,21.2381,450
57.7508,20.0104,450
57.7516,24.0653,450
57.7553,22.4835,450
57.7658,17.1973,450
57.7658,30.7086,450
57.7658,22.0464,450
57.7658,30.8484,450
57.7699,24.3983,450
57.7699,27.0702,450
57.7726,33.5261,450
57.7728,33.4872,450
57.7741,25.8484,450
57.7753,23.7036,450
57.7754,36.8652,450
57.7765,29.8540,450
57.7766,30.6832,450
57.7769,47.6596,450
57.7770,63.0924,450
57.7805,31.1453,450
57.7858,30.4733,450
57.7859,32.5151,450
57.7878,30.8794,450
57.7879,36.7257,450
57.7906,35.5279,450
57.7907,34.7252,450
57.7909,33.6637,450
57.7958,30.9118,450
57.7986,48.0381,450
57.8014,34.9561,450
57.8015,34.8419,450
57.8055,31.9263,450
57.8059,30.4482,450
57.8073,43.2529,450
57.8094,48.7051,450
57.8096,33.9722,450
57.8105,36.1362,450
57.8107,39.9107,450
57.8108,42.4770,450
57.8176,36.8535,450
57.8178,51.6583,450
57.8178,37.1232,450
57.8192,45.7914,450
57.8199,42.5798,450
57.8199,44.9696,450
57.8216,44.1623,450
57.8249,49.6487,450
57.8250,42.0643,450
57.8294,45.1628,450
57.8306,45.9560,450
57.8314,43.1065,450
57.8357,52.6190,450
57.8357,43.9225,450
57.8357,43.8784,450
57.8370,60.3223,450
57.8370,46.8211,450
57.8379,50.4127,450
57.8424,48.0877,450
57.8431,54.2956,450
57.8454,61.7581,450
57.8482,53.1518,450
57.8495,56.0275,450
57.8523,58.2910,450
57.8575,51.9277,450
57.8653,45.2025,450
57.8654,41.7062,450
57.8697,40.8225,450
57.8751,20.7226,450
57.8767,35.3811,450
57.8773,36.6893,450
57.8814,35.8568,450
57.8855,34.5454,450
57.8870,43.3703,450
57.8893,41.0241,450
57.8894,32.7561,450
57.8911,33.4484,450
57.8934,30.5242,450
57.8956,37.8139,450
57.8957,33.1922,450
57.8957,45.6328,450
57.8968,38.8443,450
57.9003,39.6831,450
57.9014,36.5711,450
57.9044,39.8795,450
57.9063,38.0245,450
57.9071,39.6940,450
57.9078,33.5732,450
57.9102,47.7875,450
57.9163,38.2954,450
57.9215,32.7288,450
57.9227,33.8429,450
57.9237,42.9657,450
57.9247,38.1978,450
57.9252,32.5826,450
57.9260,41.6823,450
57.9278,34.9916,450
57.9304,37.3429,450
57.9316,50.9346,450
57.9317,39.6380,450
57.9391,36.9344,450
57.9434,36.5062,450
57.9434,38.0788,450
57.9434,43.2230,450
57.9468,33.0895,450
57.9533,36.8388,450
57.9534,43.2681,450
57.9534,36.7859,450
57.9572,32.9798,450
57.9573,35.8361,450
57.9600,45.7563,450
57.9623,34.3361,450
57.9636,47.1729,450
57.9659,30.7782,450
57.9659,46.0443,450
57.9699,90.1073,450
57.9734,32.9021,450
57.9735,28.8621,450
57.9736,40.1935,450
57.9771,34.4303,450
57.9790,44.5899,450
57.9820,38.9310,450
57.9829,40.7131,450
57.9858,37.7294,450
57.9890,32.7787,450
57.9921,36.7164,450
57.9951,31.6622,450
57.9958,35.8045,450
58.0007,22.8700,450
58.0008,30.0340,450
58.0036,30.7969,450
58.0037,36.8006,450
58.0038,32.7789,450
58.0103,29.5643,450
58.0113,27.6804,450
58.0114,42.8881,450
58.0136,29.0400,450
58.0164,34.7694,450
58.0200,31.5417,450
58.0207,31.2986,450
58.0208,31.2632,450
58.0222,47.8697,450
58.0232,43.1636,450
58.0276,32.4093,450
58.0291,40.5290,450
58.0302,42.5349,450
58.0302,36.1645,450
58.0354,41.8202,450
58.0355,37.2917,450
58.0363,30.8158,450
58.0364,43.2597,450
58.0375,39.1697,450
58.0375,44.9447,450
58.0410,52.9221,450
58.0417,44.8954,450
58.0418,40.6316,450
58.0452,45.6499,450
58.0501,37.6559,450
58.0503,44.0861,450
58.0530,35.6906,450
58.0641,26.7846,450
58.0642,35.2453,450
58.0697,32.0495,450
58.0786,21.1940,450
58.0789,33.9107,450
58.0851,27.7371,450
58.0851,20.6484,450
58.0859,22.2165,450
58.0860,25.9720,450
58.0918,22.5644,450
58.0920,20.8506,450
58.0934,23.3465,450
58.0977,20.1779,450
58.0983,19.5665,450
58.0984,30.0501,450
58.0993,30.7421,450
58.1028,36.3511,450
58.1029,32.1804,450
58.1070,23.3885,450
58.1118,65.0594,450
58.1124,29.9463,450
58.1135,23.4591,450
58.1143,26.6892,450
58.1252,18.4746,450
58.1263,18.8011,450
58.1298,21.7246,450
58.1341,14.8705,450
58.1342,20.8559,450
58.1342,22.0859,450
58.1342,32.4324,450
58.1360,32.0437,450
58.1376,25.7638,450
58.1383,20.5158,450
58.1394,36.7952,450
58.1406,27.4485,450
58.1417,42.0051,450
58.1418,25.6370,450
58.1423,33.9144,450
58.1439,33.8688,450
58.1511,29.3105,450
58.1513,33.2730,450
58.1546,29.9779,450
58.1623,22.9209,450
58.1625,21.2652,450
58.1721,17.6235,450
58.1728,19.7618,450
58.1761,19.1338,450
58.1793,15.8799,450
58.1794,20.3200,450
58.1826,19.7063,450
58.1871,19.4449,450
58.1891,26.2250,450
58.1900,19.9360,450
58.1905,22.4782,450
58.1909,36.6311,450
58.1941,24.8068,450
58.1978,31.3543,450
58.2011,33.6309,450
58.2024,17.7521,450
58.2025,22.4427,450
58.2030,22.8502,450
58.2042,23.3070,450
58.2058,24.0578,450
58.2058,32.0747,450
58.2134,34.7232,450
58.2146,35.7193,450
58.2225,16.0038,450
58.2263,22.2582,450
58.2375,22.2084,450
58.2416,21.3647,450
58.2443,30.8471,450
58.2465,25.7297,450
58.2474,20.9306,450
58.2481,16.3173,450
58.2504,21.8681,450
58.2504,27.3137,450
58.2560,24.6070,450
58.2562,47.3430,450
58.2608,27.4499,450
58.2617,24.3777,450
58.2665,20.8242,450
58.2711,28.5422,450
58.2712,18.2034,450
58.2753,17.9759,450
58.2760,33.4312,450
58.2768,21.2759,450
58.2788,20.8969,450
58.2789,36.9612,450
58.2789,62.9224,450
58.2827,26.7706,450
58.2833,32.5407,450
58.2846,25.7543,450
58.2902,22.2609,450
58.2903,9.3300,450
58.2911,28.8418,450
58.2912,40.0822,450
58.2918,25.6823,450
58.2922,29.7846,450
58.2944,34.5202,450
58.2945,44.0393,450
58.2957,35.5532,450
58.2966,34.6094,450
58.3024,32.6132,450
58.3038,31.2243,450
58.3049,40.2211,450
58.3050,33.5689,450
58.3070,28.0077,450
58.3077,34.1166,450
58.3078,39.6513,450
58.3095,47.2781,450
58.3142,33.2084,450
58.3193,45.3459,450
58.3195,30.8603,450
58.3198,36.2495,450
58.3207,49.2302,450
58.3268,29.2238,450
58.3269,38.8027,450
58.3274,32.0590,450
58.3275,32.6276,450
58.3288,33.6624,450
58.3300,39.9571,450
58.3303,38.1879,450
58.3303,53.6121,450
58.3314,49.6391,450
58.3373,43.0994,450
58.3406,36.3846,450
58.3441,38.0617,450
58.3441,44.8597,450
58.3463,37.6328,450
58.3466,39.6037,450
58.3490,49.2486,450
58.3499,47.5194,450
58.3538,39.4079,450
58.3539,55.1681,450
58.3554,54.4210,450
58.3560,50.5331,450
58.3669,26.8050,450
58.3678,34.1281,450
58.3678,35.5586,450
58.3702,42.7753,450
58.3708,35.7124,450
58.3763,43.0358,450
58.3815,29.0363,450
58.3874,25.5611,450
58.3892,26.5784,450
58.3914,31.0339,450
58.3959,26.5221,450
58.3965,33.8280,450
58.3966,36.3418,450
58.3966,29.8469,450
58.3972,29.3161,450
58.3981,32.2920,450
58.3981,41.4413,450
58.3987,34.2488,450
58.3988,40.7924,450
58.3988,44.0505,450
58.4012,41.8340,450
58.4060,33.6447,450
58.4084,31.2467,450
58.4154,28.0371,450
58.4156,31.3656,450
58.4181,45.5949,450
58.4187,32.9668,450
58.4192,32.0596,450
58.4193,40.1027,450
58.4232,20.2813,450
58.4233,45.3934,450
58.4256,38.1923,450
58.4264,37.3384,450
58.4315,34.3974,450
58.4316,49.4642,450
58.4316,38.4700,450
58.4316,40.3789,450
58.4344,71.4192,450
58.4345,38.6200,450
58.4350,42.6196,450
58.4355,44.8506,450
58.4387,52.4942,450
58.4411,42.7894,450
58.4429,55.7346,450
58.4433,41.3916,450
58.4451,58.8600,450
58.4465,54.3898,450
58.4592,35.5771,450
58.4622,42.1981,450
58.4657,28.4642,450
58.4691,29.4106,450
58.4720,33.6518,450
58.4731,26.7628,450
58.4756,31.6969,450
58.4759,45.9101,450
58.4770,34.8490,450
58.4771,35.2516,450
58.4777,39.6849,450
58.4828,47.7784,450
58.4872,25.1641,450
58.4873,39.1644,450
58.4923,51.5328,450
58.4937,41.1665,450
58.4937,40.5571,450
58.4945,34.0583,450
58.4974,32.8084,450
58.4979,31.2847,450
58.4979,36.3264,450
58.4994,40.7252,450
58.5002,79.2581,450
58.5052,34.8869,450
58.5060,34.6283,450
58.5073,43.8546,450
58.5112,33.2430,450
58.5137,33.2889,450
58.5188,38.8399,450
58.5229,42.7232,450
58.5286,11.5805,450
58.5291,31.3823,450
58.5302,31.9845,450
58.5303,30.2143,450
58.5306,31.5469,450
58.5341,29.3609,450
58.5361,32.4338,450
58.5434,23.9880,450
58.5471,22.6312,450
58.5472,61.7462,450
58.5472,32.1558,450
58.5484,24.2040,450
58.5490,32.9706,450
58.5527,27.2977,450
58.5528,32.0726,450
58.5556,24.3930,450
58.5616,24.1231,450
58.5687,17.6948,450
58.5718,31.7557,450
58.5740,44.7935,450
58.5778,18.9433,450
58.5782,26.0796,450
58.5784,28.2825,450
58.5802,23.3138,450
58.5847,26.2386,450
58.5862,22.0937,450
58.5863,23.6490,450
58.5870,22.9707,450
58.5927,20.6664,450
58.5970,26.2276,450
58.5995,17.3693,450
58.5997,17.9925,450
58.6034,24.1273,450
58.6055,25.7191,450
58.6056,18.6020,450
58.6153,33.4839,450
58.6169,25.8802,450
58.6170,19.9018,450
58.6266,19.1510,450
58.6267,15.2240,450
58.6294,24.0333,450
58.6323,21.0454,450
58.6343,14.4284,450
58.6365,31.1041,450
58.6385,31.7780,450
58.6385,27.3574,450
58.6444,34.2640,450
58.6536,27.8259,450
58.6554,26.0291,450
58.6555,22.5483,450
58.6561,29.0523,450
58.6593,21.8762,450
58.6594,22.8023,450
58.6631,25.7602,450
58.6639,33.7926,450
58.6659,7.4550,450
58.6703,27.8547,450
58.6721,26.0541,450
58.6772,23.3786,450
58.6799,32.2244,450
58.6799,24.4504,450
58.6799,21.9728,450
58.6804,20.2080,450
58.6812,25.4274,450
58.6841,80.0778,450
58.6953,18.8179,450
58.6963,4.8769,450
58.6971,22.7045,450
58.6994,21.7717,450
58.7007,35.5807,450
58.7029,35.9718,450
58.7038,22.4322,450
58.7078,19.9978,450
58.7115,27.7794,450
58.7136,22.8955,450
58.7137,19.7599,450
58.7189,17.5269,450
58.7199,23.0270,450
58.7281,17.6175,450
58.7282,20.7100,450
58.7324,12.4707,450
58.7325,16.5007,450
58.7354,24.8476,450
58.7355,22.9745,450
58.7391,23.1041,450
58.7412,29.1122,450
58.7423,22.0289,450
58.7457,16.6054,450
58.7559,10.6799,450
58.7560,118.3824,450
58.7570,21.5022,450
58.7585,21.9726,450
58.7660,16.9643,450
58.7663,18.5252,450
58.7670,27.7957,450
58.7705,33.6480,450
58.7737,27.3444,450
58.7737,23.3796,450
58.7766,27.4433,450
58.7779,23.3214,450
58.7783,21.9936,450
58.7788,27.1249,450
58.7815,29.2436,450
58.7823,26.3999,450
58.7865,27.8837,450
58.7866,34.5029,450
58.7903,18.4744,450
58.7995,27.1892,450
58.7996,20.2023,450
58.8072,17.9642,450
58.8082,18.5974,450
58.8105,19.3819,450
58.8106,24.1393,450
58.8131,27.2710,450
58.8133,19.3810,450
58.8133,24.4938,450
58.8151,25.0149,450
58.8184,27.4465,450
58.8185,34.0935,450
58.8188,27.1516,450
58.8189,30.8541,450
58.8189,31.7392,450
58.8201,29.7202,450
58.8240,30.6265,450
58.8263,30.2096,450
58.8392,30.0970,450
58.8393,20.1269,450
58.8408,20.6401,450
58.8501,32.2881,450
58.8577,19.1228,450
58.8619,19.5218,450
58.8675,21.3817,450
58.8676,24.2835,450
58.8732,30.9781,450
58.8733,22.0462,450
58.8738,24.0897,450
58.8780,25.4545,450
58.8818,32.0567,450
58.8857,32.2242,450
58.8857,27.0072,450
58.8909,22.8776,450
58.8924,20.2877,450
58.8971,24.7367,450
58.8972,19.9159,450
58.9111,22.0736,450
58.9206,16.6948,450
58.9221,15.7380,450
58.9253,44.0297,450
58.9270,19.2714,450
58.9271,27.5359,450
58.9302,25.2251,450
58.9324,19.4652,450
58.9396,15.3433,450
58.9397,26.3303,450
58.9445,61.0795,450
58.9446,22.0069,450
58.9482,20.0062,450
58.9503,49.7943,450
58.9519,16.9590,450
58.9519,22.4355,450
58.9531,36.6070,450
58.9601,19.1970,450
58.9602,31.9853,450
58.9609,26.1003,450
58.9609,29.8184,450
58.9657,20.3918,450
58.9671,27.2949,450
58.9697,16.6504,450
58.9710,24.4631,450
58.9758,33.5290,450
58.9758,34.6333,450
58.9759,18.6249,450
58.9759,23.6684,450
58.9787,9.0408,450
58.9788,11.4723,450
58.9816,60.1394,450
58.9824,23.0742,450
58.9835,27.2120,450
58.9847,29.0201,450
58.9866,34.2321,450
58.9885,26.5226,450
58.9899,39.4947,450
58.9899,30.7298,450
58.9900,30.8507,450
58.9900,42.9425,450
58.9970,30.2508,450
58.9971,28.8290,450
58.9993,44.7490,450
58.9993,30.9237,450
58.9993,45.4374,450
59.0003,22.0443,450
59.0012,38.3570,450
59.0090,32.6320,450
59.0169,36.4328,450
59.0178,25.7039,450
59.0179,29.2445,450
59.0179,29.4008,450
59.0191,28.3225,450
59.0239,26.9071,450
59.0248,32.1067,450
59.0266,23.4050,450
59.0318,37.1347,450
59.0339,27.4474,450
59.0341,24.5867,450
59.0346,38.0545,450
59.0415,24.9439,450
59.0459,23.4225,450
59.0491,21.5053,450
59.0491,31.9390,450
59.0505,24.4252,450
59.0511,36.6152,450
59.0525,33.2530,450
59.0548,53.6137,450
59.0579,25.2685,450
59.0579,39.6797,450
59.0606,28.2604,450
59.0607,27.0333,450
59.0620,29.5977,450
59.0648,26.8742,450
59.0682,32.0623,450
59.0684,40.0066,450
59.0688,36.0005,450
59.0748,39.8874,450
59.0800,24.7600,450
59.0822,20.2167,450
59.0838,24.4423,450
59.0845,23.9444,450
59.0878,22.4939,450
59.0878,38.2221,450
59.0885,32.7869,450
59.0917,27.1869,450
59.0932,37.7090,450
59.0936,25.3021,450
59.0966,22.2074,450
59.1015,26.0350,450
59.1075,31.7784,450
59.1089,22.0703,450
59.1207,30.0613,450
59.1209,34.2295,450
59.1219,20.5570,450
59.1223,27.3470,450
59.1261,24.2845,450
59.1262,23.3428,450
59.1279,36.9021,450
59.1332,13.5976,450
59.1333,34.5711,450
59.1358,30.8996,450
59.1406,19.3875,450
59.1479,16.3471,450
59.1481,21.4379,450
59.1481,19.8225,450
59.1481,26.0960,450
59.1481,31.5879,450
59.1489,27.9151,450
59.1490,28.5579,450
59.1500,34.9886,450
59.1501,31.8931,450
59.1501,33.6868,450
59.1509,38.5603,450
59.1509,43.7741,450
59.1543,37.5498,450
59.1544,41.9879,450
59.1555,37.2145,450
59.1588,40.2092,450
59.1589,43.9549,450
59.1594,27.3108,450
59.1606,56.0501,450
59.1659,49.1247,450
59.1683,38.4310,450
59.1715,49.0047,450
59.1722,30.6695,450
59.1725,41.0830,450
59.1754,45.1641,450
59.1783,37.5581,450
59.1822,47.6445,450
59.1829,47.0756,450
59.1830,40.5452,450
59.1842,43.3458,450
59.1847,35.4455,450
59.1889,48.6813,450
59.1910,39.9928,450
59.1923,48.8001,450
59.1932,44.4323,450
59.1981,52.3308,450
59.1982,43.4671,450
59.1987,46.4379,450
59.2007,41.6756,450
59.2010,43.4305,450
59.2011,49.3801,450
59.2019,49.3515,450
59.2038,47.5441,450
59.2070,43.4489,450
59.2075,56.8234,450
59.2106,50.3252,450
59.2161,48.6415,450
59.2184,42.0606,450
59.2191,45.2083,450
59.2240,36.4562,450
59.2263,45.2325,450
59.2265,45.0934,450
59.2279,43.5900,450
59.2307,47.0145,450
59.2318,45.9790,450
59.2328,45.5103,450
59.2350,51.2286,450
59.2352,49.7559,450
59.2361,42.2875,450
59.2413,54.3485,450
59.2416,46.4006,450
59.2425,57.8836,450
59.2448,43.3088,450
59.2470,52.9627,450
59.2484,53.7499,450
59.2549,38.8047,450
59.2600,33.6593,450
59.2635,44.5828,450
59.2665,36.8423,450
59.2679,38.3321,450
59.2707,44.9212,450
59.2719,39.4984,450
59.2753,36.1054,450
59.2754,30.9106,450
59.2801,40.5957,450
59.2841,32.9831,450
59.2873,36.7381,450
59.2886,34.3390,450
59.3012,23.3901,450
59.3024,24.9062,450
59.3063,24.7721,450
59.3064,22.3319,450
59.3070,30.0094,450
59.3076,33.1140,450
59.3109,29.7837,450
59.3133,34.9077,450
59.3135,23.0767,450
59.3191,22.1486,450
59.3192,17.8232,450
59.3192,11.8801,450
59.3195,28.6852,450
59.3232,21.4051,450
59.3254,26.1042,450
59.3264,22.5232,450
59.3357,22.1334,450
59.3357,35.1926,450
59.3362,32.6352,450
59.3413,13.1381,450
59.3422,23.7401,450
59.3427,27.6725,450
59.3437,36.4446,450
59.3437,25.5771,450
59.3473,31.9729,450
59.3474,41.7356,450
59.3475,13.9149,450
59.3512,30.3991,450
59.3538,41.1695,450
59.3555,26.1185,450
59.3556,28.6468,450
59.3567,37.9279,450
59.3569,38.0630,450
59.3577,31.4631,450
59.3604,39.6355,450
59.3604,29.8624,450
59.3634,31.5525,450
59.3640,39.1606,450
59.3649,34.4087,450
59.3672,35.2478,450
59.3699,20.0427,450
59.3721,35.9765,450
59.3722,41.9371,450
59.3723,45.1458,450
59.3791,26.8543,450
59.3798,34.7572,450
59.3799,37.5072,450
59.3860,31.4433,450
59.3861,31.3062,450
59.3905,39.2769,450
59.3930,30.3485,450
59.3930,30.8007,450
59.3948,46.4360,450
59.4009,13.6958,450
59.4010,22.8231,450
59.4022,32.2009,450
59.4023,32.1787,450
59.4051,29.3828,450
59.4056,33.6539,450
59.4072,34.0921,450
59.4123,33.0281,450
59.4142,34.9491,450
59.4152,41.7512,450
59.4161,40.1692,450
59.4203,39.8342,450
59.4204,41.8861,450
59.4205,41.0526,450
59.4242,20.4122,450
59.4250,31.9434,450
59.4258,34.9153,450
59.4267,44.8062,450
59.4283,37.0483,450
59.4287,42.4144,450
59.4323,46.5422,450
59.4343,36.7413,450
59.4354,47.1267,450
59.4354,40.9466,450
59.4355,40.9456,450
59.4430,36.4959,450
59.4432,41.4706,450
59.4432,42.7207,450
59.4436,41.8772,450
59.4442,42.9667,450
59.4479,52.4388,450
59.4480,43.7371,450
59.4514,38.4262,450
59.4523,43.0820,450
59.4531,47.7790,450
59.4555,43.5648,450
59.4557,52.0497,450
59.4567,81.2622,450
59.4641,50.2332,450
59.4643,47.0068,450
59.4672,50.1831,450
59.4674,43.4454,450
59.4705,82.7700,450
59.4723,40.7570,450
59.4772,48.7735,450
59.4775,50.6190,450
59.4786,49.5361,450
59.4828,45.7043,450
59.4829,46.2943,450
59.4845,47.7810,450
59.4856,46.6793,450
59.4856,54.8013,450
59.4884,50.8754,450
59.4907,30.5070,450
59.4991,40.8319,450
59.4992,37.0671,450
59.5030,44.1560,450
59.5038,43.3629,450
59.5080,36.8664,450
59.5080,40.5015,450
59.5131,36.3062,450
59.5162,35.7510,450
59.5174,35.1998,450
59.5292,37.6686,450
59.5295,28.7278,450
59.5323,29.9222,450
59.5330,41.1334,450
59.5352,24.7615,450
59.5379,20.8896,450
59.5461,20.7425,450
59.5475,22.8214,450
59.5486,21.0151,450
59.5520,27.7899,450
59.5556,29.8159,450
59.5602,21.3549,450
59.5633,26.9003,450
59.5696,27.0121,450
59.5749,25.1057,450
59.5750,23.1626,450
59.5757,22.3814,450
59.5778,26.4357,450
59.5798,29.0293,450
59.5830,21.2672,450
59.5832,21.0672,450
59.5893,22.3750,450
59.5898,26.1681,450
59.5941,27.9634,450
59.5941,19.3412,450
59.5982,33.9989,450
59.6000,14.8171,450
59.6014,30.2614,450
59.6065,19.6011,450
59.6067,30.9841,450
59.6067,23.0333,450
59.6121,19.5469,450
59.6122,20.9800,450
59.6153,17.1721,450
59.6205,23.9814,450
59.6206,20.2856,450
59.6252,15.7153,450
59.6254,24.4629,450
59.6279,17.7976,450
59.6280,21.0317,450
59.6318,18.9180,450
59.6344,19.8540,450
59.6363,24.5277,450
59.6384,19.3489,450
59.6393,21.0287,450
59.6402,27.7821,450
59.6403,65.0633,450
59.6413,21.0896,450
59.6418,20.0286,450
59.6427,28.9418,450
59.6447,28.1609,450
59.6457,35.9127,450
59.6495,26.2971,450
59.6497,32.2497,450
59.6508,27.8203,450
59.6534,28.5270,450
59.6534,39.7947,450
59.6555,33.9515,450
59.6603,30.3682,450
59.6633,26.3339,450
59.6712,18.4232,450
59.6722,24.6819,450
59.6727,32.1317,450
59.6756,20.4838,450
59.6769,22.3477,450
59.6802,19.9764,450
59.6804,23.7933,450
59.6818,36.4203,450
59.6844,23.8016,450
59.6887,20.7679,450
59.6922,33.8680,450
59.6932,20.6002,450
59.6933,20.5426,450
59.6954,22.8737,450
59.6994,20.0194,450
59.7033,51.2675,450
59.7072,18.8624,450
59.7120,18.7326,450
59.7121,18.6832,450
59.7160,22.1359,450
59.7161,24.7356,450
59.7167,29.9673,450
59.7181,22.7434,450
59.7218,66.0539,450
59.7219,31.8194,450
59.7220,34.6182,450
59.7247,26.3845,450
59.7276,23.4928,450
59.7325,21.1355,450
59.7326,21.5190,450
59.7355,26.8319,450
59.7369,19.2751,450
59.7379,22.4987,450
59.7396,25.6957,450
59.7460,18.3119,450
59.7521,17.6259,450
59.7524,22.0685,450
59.7528,21.6763,450
59.7545,28.6379,450
59.7551,19.3425,450
59.7551,32.8073,450
59.7554,26.1615,450
59.7661,20.5183,450
59.7680,19.8382,450
59.7681,28.5806,450
59.7689,32.2018,450
59.7696,31.4746,450
59.7712,29.8936,450
59.7733,23.8311,450
59.7744,23.3617,450
59.7771,37.3166,450
59.7801,34.3737,450
59.7846,18.7304,450
59.7864,19.9252,450
59.7864,27.9947,450
59.7864,17.3899,450
59.7880,28.8149,450
59.7887,39.6587,450
59.7901,27.9657,450
59.7920,28.6716,450
59.7927,31.1076,450
59.8007,23.1204,450
59.8038,22.5846,450
59.8047,37.5036,450
59.8061,21.5468,450
59.8070,24.7864,450
59.8079,36.9872,450
59.8127,33.6592,450
59.8197,19.8894,450
59.8224,25.0863,450
59.8226,16.5480,450
59.8231,18.6878,450
59.8274,14.8221,450
59.8275,18.8247,450
59.8341,20.5573,450
59.8394,33.7609,450
59.8408,30.3928,450
59.8449,21.3472,450
59.8454,5.9023,450
59.8460,21.6523,450
59.8489,6.4732,450
59.8490,22.2174,450
59.8490,28.1684,450
59.8505,23.2022,450
59.8546,36.7921,450
59.8566,30.8272,450
59.8661,17.0906,450
59.8663,20.0758,450
59.8676,20.6002,450
59.8722,27.8426,450
59.8751,21.2149,450
59.8790,24.2874,450
59.8798,21.0351,450
59.8799,46.0202,450
59.8855,20.5905,450
59.8855,26.5558,450
59.8862,21.6417,450
59.8866,31.9939,450
59.8942,31.6579,450
59.8952,16.8890,450
59.8981,18.3252,450
59.8982,20.4450,450
59.8990,31.0087,450
59.8990,20.7654,450
59.9000,24.7344,450
59.9057,20.5987,450
59.9065,18.1666,450
59.9088,20.0326,450
59.9088,26.9856,450
59.9124,24.8511,450
59.9144,28.9257,450
59.9144,33.1709,450
59.9215,16.8168,450
59.9215,21.2838,450
59.9276,18.8186,450
59.9333,17.7695,450
59.9337,20.6641,450
59.9351,22.1699,450
59.9406,18.5891,450
59.9422,22.0889,450
59.9449,19.3395,450
59.9489,33.6068,450
59.9495,21.3776,450
59.9510,20.6410,450
59.9528,18.8214,450
59.9574,22.3572,450
59.9629,22.8915,450
59.9629,22.8592,450
59.9629,22.8535,450
59.9657,21.4121,450
59.9671,34.5396,450
59.9703,24.4988,450
59.9745,20.2770,450
59.9747,7.7934,450
59.9753,23.0799,450
59.9774,20.9339,450
59.9844,17.2198,450
59.9858,16.9286,450
59.9861,22.0311,450
59.9902,22.0214,450
59.9904,26.6664,450
59.9932,17.1137,450
59.9933,34.7475,450
59.9945,27.3010,450
60.0077,19.1583,450
60.0090,19.6245,550
60.0099,34.0111,550
60.0112,15.8667,550
60.0123,22.6124,550
60.0128,23.3644,550
60.0129,19.1266,550
60.0156,31.3309,550
60.0158,23.0388,550
60.0158,28.2490,550
60.0158,35.7095,550
60.0170,29.9591,550
60.0182,44.2183,550
60.0205,44.7851,550
60.0228,29.4518,550
60.0257,30.4832,550
60.0258,36.6272,550
60.0258,39.1566,550
60.0309,34.3930,550
60.0310,25.8107,550
60.0310,37.9285,550
60.0376,29.2301,550
60.0387,42.9098,550
60.0432,33.7984,550
60.0433,27.5591,550
60.0458,32.1835,550
60.0459,35.7450,550
60.0513,44.0375,550
60.0513,30.5806,550
60.0552,27.6320,550
60.0553,38.0686,550
60.0558,30.2468,550
60.0559,29.6721,550
60.0614,40.7073,550
60.0624,35.9443,550
60.0645,33.3994,550
60.0646,36.5527,550
60.0655,50.5478,550
60.0683,47.7004,550
60.0690,47.0403,550
60.0699,39.7249,550
60.0712,44.7787,550
60.0735,42.4773,550
60.0759,40.0961,550
60.0760,40.0487,550
60.0797,36.2849,550
60.0816,36.9687,550
60.0818,41.1548,550
60.0824,45.9556,550
60.0873,37.4252,550
60.0903,36.2761,550
60.0903,38.0387,550
60.0930,40.9077,550
60.0994,34.8905,550
60.1038,38.0105,550
60.1040,23.7481,550
60.1081,28.0033,550
60.1092,32.5438,550
60.1095,33.3701,550
60.1113,32.4625,550
60.1115,36.6755,550
60.1116,37.0373,550
60.1142,36.5265,550
60.1170,34.6399,550
60.1170,43.7832,550
60.1170,39.0173,550
60.1202,37.6680,550
60.1216,45.1357,550
60.1233,45.5847,550
60.1241,42.7633,550
60.1248,41.9129,550
60.1277,41.2104,550
60.1289,39.4934,550
60.1290,40.2824,550
60.1305,44.1310,550
60.1305,51.4844,550
60.1317,45.9350,550
60.1352,45.1902,550
60.1355,47.0671,550
60.1360,47.0350,550
60.1385,48.0514,550
60.1505,37.1783,550
60.1516,38.7975,550
60.1545,39.6451,550
60.1556,38.3732,550
60.1571,48.5973,550
60.1578,39.4518,550
60.1594,49.6123,550
60.1595,37.9957,550
60.1607,48.7164,550
60.1608,52.5599,550
60.1656,51.8890,550
60.1657,37.0112,550
60.1658,46.0603,550
60.1735,35.5795,550
60.1735,83.9131,550
60.1735,44.2134,550
60.1764,47.7236,550
60.1765,47.6698,550
60.1795,44.6845,550
60.1823,45.5238,550
60.1828,44.6550,550
60.1852,42.5718,550
60.1853,84.7989,550
60.1853,59.3037,550
60.1865,52.3883,550
60.1892,56.6996,550
60.1893,62.3854,550
60.1921,51.0482,550
60.1940,55.0357,550
60.1961,47.3352,550
60.1961,57.5510,550
60.1962,47.7548,550
60.1984,46.7903,550
60.2009,60.1028,550
60.2014,53.6970,550
60.2017,55.6502,550
60.2027,50.6810,550
60.2070,54.6788,550
60.2071,53.7900,550
60.2078,59.3341,550
60.2095,55.3994,550
60.2101,60.0547,550
60.2102,61.9879,550
60.2118,70.9736,550
60.2118,63.5539,550
60.2127,62.4363,550
60.2128,66.2667,550
60.2138,65.8792,550
60.2160,67.9248,550
60.2166,83.3706,550
60.2167,69.0954,550
60.2189,79.4293,550
60.2191,76.5239,550
60.2199,84.5949,550
60.2206,68.0846,550
60.2207,77.6252,550
60.2215,81.0517,550
60.2274,75.5368,550
60.2275,75.8500,550
60.2275,85.6521,550
60.2288,94.1086,550
60.2312,78.6990,550
60.2313,83.1859,550
60.2314,82.6032,550
60.2318,84.9628,550
60.2324,94.3409,550
60.2382,83.7541,550
60.2382,83.6196,550
60.2394,91.1131,550
60.2395,91.0001,550
60.2395,92.2579,550
60.2421,88.6988,550
60.2421,88.6549,550
60.2441,87.6548,550
60.2461,99.9898,550
60.2508,87.7037,550
60.2510,94.3301,550
60.2510,99.9113,550
60.2521,92.5243,550
60.2554,91.2736,550
60.2567,90.0246,550
60.2575,100.2917,550
60.2595,97.7411,550
60.2616,93.4076,550
60.2715,84.6366,550
60.2743,78.6973,550
60.2756,80.4806,550
60.2783,81.4674,550
60.2791,85.1000,550
60.2803,99.2107,550
60.2813,89.8647,550
60.2819,89.2668,550
60.2825,96.9969,550
60.2851,101.3226,550
60.2871,85.4398,550
60.2904,89.1813,550
60.2914,88.1166,550
60.2915,93.9219,550
60.2952,90.2656,550
60.2953,90.1211,550
60.2954,101.8052,550
60.2968,93.3693,550
60.3003,121.3635,550
60.3013,88.8231,550
60.3036,90.5357,550
60.3063,92.4065,550
60.3064,92.2612,550
60.3065,107.8802,550
60.3073,91.3450,550
60.3083,97.9138,550
60.3093,105.0091,550
60.3104,105.7095,550
60.3123,97.9494,550
60.3124,104.5352,550
60.3124,103.6251,550
60.3140,103.8152,550
60.3194,114.6071,550
60.3196,104.8545,550
60.3207,104.3277,550
60.3221,129.9647,550
60.3226,110.6192,550
60.3332,99.4412,550
60.3361,100.9000,550
60.3410,90.5912,550
60.3411,96.7467,550
60.3444,96.1391,550
60.3445,108.7284,550
60.3468,100.1338,550
60.3519,93.0610,550
60.3527,93.1003,550
60.3540,102.4597,550
60.3556,103.0951,550
60.3576,94.4898,550
60.3584,94.8591,550
60.3599,107.7011,550
60.3627,95.9824,550
60.3701,89.6324,550
60.3708,90.0795,550
60.3708,96.7374,550
60.3726,100.8447,550
60.3736,101.0172,550
60.3783,100.4260,550
60.3784,96.3043,550
60.3784,99.8176,550
60.3793,97.6893,550
60.3802,98.0391,550
60.3858,95.2051,550
60.3867,95.2525,550
60.3904,92.3450,550
60.3913,95.0778,550
60.3914,99.9019,550
60.3924,105.9369,550
60.3930,98.2520,550
60.3959,103.1818,550
60.3969,104.2799,550
60.4011,104.0490,550
60.4022,97.9613,550
60.4039,95.1769,550
60.4047,99.4531,550
60.4048,111.9726,550
60.4052,103.8956,550
60.4067,103.2948,550
60.4078,104.0106,550
60.4095,108.3185,550
60.4096,116.0480,550
60.4128,105.4286,550
60.4145,91.0574,550
60.4171,103.8404,550
60.4172,107.5503,550
60.4186,110.8017,550
60.4187,113.9102,550
60.4197,109.4380,550
60.4205,97.6614,550
60.4216,115.1837,550
60.4251,121.6869,550
60.4296,106.2878,550
60.4297,110.0843,550
60.4318,108.9873,550
60.4328,125.1341,550
60.4355,106.6572,550
60.4399,107.3415,550
60.4444,108.8772,550
60.4497,103.5705,550
60.4518,101.5146,550
60.4592,95.4159,550
60.4608,97.1538,550
60.4622,98.3246,550
60.4623,98.2664,550
60.4634,100.5314,550
60.4635,107.8455,550
60.4665,104.8543,550
60.4712,95.1402,550
60.4778,93.4946,550
60.4802,98.0171,550
60.4815,100.4290,550
60.4850,95.2461,550
60.4850,103.6870,550
60.4891,101.9755,550
60.4901,101.8117,550
60.4902,105.6307,550
60.4917,108.3720,550
60.4953,103.3314,550
60.4976,94.3670,550
60.4977,95.8761,550
60.4977,98.2188,550
60.4991,102.9775,550
60.5102,102.2094,550
60.5159,88.9368,550
60.5171,88.7673,550
60.5178,86.9582,550
60.5185,91.8877,550
60.5197,87.6181,550
60.5204,99.0531,550
60.5205,94.1819,550
60.5241,104.2795,550
60.5277,91.1165,550
60.5279,91.9313,550
60.5348,89.6087,550
60.5349,89.4595,550
60.5387,101.6046,550
60.5411,73.5625,550
60.5416,89.4280,550
60.5460,82.9728,550
60.5462,97.0073,550
60.5467,84.3319,550
60.5467,89.6728,550
60.5494,91.2280,550
60.5517,90.9106,550
60.5529,97.0526,550
60.5608,89.7907,550
60.5624,95.6791,550
60.5630,85.9854,550
60.5652,87.8117,550
60.5653,75.4073,550
60.5653,95.8242,550
60.5691,92.0258,550
60.5709,86.6686,550
60.5742,94.2974,550
60.5743,89.5604,550
60.5749,97.2945,550
60.5771,91.3319,550
60.5774,125.4853,550
60.5774,97.5459,550
60.5788,96.7571,550
60.5792,107.6173,550
60.5807,94.2137,550
60.5828,82.9524,550
60.5877,110.7921,550
60.5886,98.1794,550
60.5915,95.3120,550
60.5947,93.4302,550
60.5988,89.3106,550
60.5999,88.8758,550
60.6039,89.8432,550
60.6049,102.1183,550
60.6059,92.6714,550
60.6061,93.7409,550
60.6068,95.5747,550
60.6069,104.4451,550
60.6139,88.2635,550
60.6162,94.0418,550
60.6180,92.8956,550
60.6180,88.9391,550
60.6220,95.6048,550
60.6222,94.4969,550
60.6233,94.8552,550
60.6256,103.1849,550
60.6272,95.7367,550
60.6283,100.4646,550
60.6360,88.9501,550
60.6394,89.4457,550
60.6402,90.7324,550
60.6429,88.6961,550
60.6429,88.6498,550
60.6449,99.9811,550
60.6450,109.3996,550
60.6483,94.0984,550
60.6484,102.1392,550
60.6539,85.5827,550
60.6560,88.9476,550
60.6560,94.8379,550
60.6560,93.0203,550
60.6568,93.6629,550
60.6569,105.2366,550
60.6577,97.9177,550
60.6578,117.4710,550
60.6600,94.4317,550
60.6610,108.8945,550
60.6611,106.4974,550
60.6632,113.2304,550
60.6633,106.5695,550
60.6634,113.0427,550
60.6639,113.5417,550
60.6674,109.0070,550
60.6693,109.6248,550
60.6735,131.2412,550
60.6748,116.1076,550
60.6774,117.7882,550
60.6775,106.0650,550
60.6775,108.7479,550
60.6852,103.5420,550
60.6853,106.1211,550
60.6864,105.6174,550
60.6873,107.2370,550
60.6913,103.2575,550
60.6934,105.7628,550
60.6989,101.7879,550
60.7053,97.1481,550
60.7054,99.3621,550
60.7054,105.4934,550
60.7068,98.4399,550
60.7101,105.5544,550
60.7101,104.3408,550
60.7102,108.0091,550
60.7140,101.6258,550
60.7141,103.2397,550
60.7270,91.1264,550
60.7307,91.3233,550
60.7314,92.8959,550
60.7356,91.5407,550
60.7378,91.4396,550
60.7397,90.4561,550
60.7409,104.7734,550
60.7410,97.9808,550
60.7419,94.5708,550
60.7424,102.7204,550
60.7424,104.8264,550
60.7437,97.1437,550
60.7494,100.5462,550
60.7495,97.1280,550
60.7509,97.8664,550
60.7596,102.9583,550
60.7615,91.6865,550
60.7615,92.3604,550
60.7655,91.5613,550
60.7691,97.0723,550
60.7701,91.2112,550
60.7728,95.7647,550
60.7729,89.6779,550
60.7755,96.3055,550
60.7805,88.0746,550
60.7806,89.7483,550
60.7846,90.6609,550
60.7878,94.8040,550
60.7878,89.7906,550
60.7879,90.2068,550
60.7887,94.4523,550
60.7939,90.7666,550
60.7966,90.3849,550
60.7988,101.2948,550
60.7988,88.6697,550
60.8013,96.6967,550
60.8052,88.9890,550
60.8061,97.0795,550
60.8084,83.1330,550
60.8084,93.8127,550
60.8084,89.1341,550
60.8091,90.9681,550
60.8094,90.6205,550
60.8100,97.2185,550
60.8105,106.6892,550
60.8106,103.1779,550
60.8115,101.3819,550
60.8124,105.6205,550
60.8134,103.7134,550
60.8140,104.0046,550
60.8182,112.0080,550
60.8193,113.1383,550
60.8199,107.3830,550
60.8215,113.6264,550
60.8254,101.8554,550
60.8261,104.0327,550
60.8292,117.0528,550
60.8341,103.8690,550
60.8348,102.4987,550
60.8349,100.2746,550
60.8349,114.3346,550
60.8358,110.5238,550
60.8368,106.5718,550
60.8377,108.5974,550
60.8382,119.3667,550
60.8418,113.1316,550
60.8442,102.0898,550
60.8442,120.8849,550
60.8457,115.8447,550
60.8481,114.1131,550
60.8532,107.6281,550
60.8583,201.3001,550
60.8584,103.8522,550
60.8605,104.7296,550
60.8670,103.9114,550
60.8677,102.9159,550
60.8686,103.1827,550
60.8707,102.9533,550
60.8712,104.8583,550
60.8713,106.0867,550
60.8765,116.3841,550
60.8766,111.0705,550
60.8766,114.5742,550
60.8771,116.9481,550
60.8829,108.8387,550
60.8830,108.1226,550
60.8837,115.5231,550
60.8903,97.3481,550
60.8917,104.0170,550
60.8918,113.0826,550
60.8968,104.6720,550
60.8976,106.6691,550
60.8986,119.3955,550
60.9010,109.3660,550
60.9027,104.7982,550
60.9035,119.2466,550
60.9060,109.8032,550
60.9071,103.9979,550
60.9083,117.8522,550
60.9097,112.2442,550
60.9119,115.2505,550
60.9179,113.7043,550
60.9179,115.7909,550
60.9179,116.4304,550
60.9222,106.2597,550
60.9252,103.8186,550
60.9253,103.1943,550
60.9253,107.2675,550
60.9264,123.0446,550
60.9265,111.5349,550
60.9297,106.7511,550
60.9304,108.7438,550
60.9371,113.9531,550
60.9391,114.5408,550
60.9400,114.7326,550
60.9421,108.5351,550
60.9452,119.9048,550
60.9457,107.8743,550
60.9485,121.8126,550
60.9508,107.2323,550
60.9510,108.3345,550
60.9545,104.0445,550
60.9567,107.8533,550
60.9568,111.3466,550
60.9576,120.7936,550
60.9606,111.0829,550
60.9607,110.4809,550
60.9607,122.4592,550
60.9638,111.8508,550
60.9654,113.0168,550
60.9656,118.2935,550
60.9698,117.8879,550
60.9725,110.0549,550
60.9726,110.5096,550
60.9764,115.5688,550
60.9765,119.9251,550
60.9782,108.7100,550
60.9793,114.4352,550
60.9866,141.9692,550
60.9866,120.3002,550
60.9869,118.6682,550
60.9896,115.9577,550
60.9897,115.7795,550
60.9898,120.1664,550
60.9908,122.1622,550
60.9909,119.0250,550
60.9921,123.3855,550
60.9922,125.8548,550
60.9922,132.4291,550
60.9942,130.3703,550
60.9994,112.8014,550
61.0033,118.8285,550
61.0048,115.4306,550
61.0058,118.8319,550
61.0065,120.6244,550
61.0091,127.1386,550
61.0091,127.4066,550
61.0096,127.7296,550
61.0129,125.6818,550
61.0176,121.0187,550
61.0185,120.7128,550
61.0186,124.3601,550
61.0249,119.8840,550
61.0275,118.2831,550
61.0279,126.7738,550
61.0309,118.0736,550
61.0316,124.0898,550
61.0324,122.2931,550
61.0331,126.8726,550
61.0331,126.8574,550
61.0339,127.4585,550
61.0361,131.1499,550
61.0407,124.6632,550
61.0434,119.9809,550
61.0442,140.2869,550
61.0464,137.1273,550
61.0492,126.7927,550
61.0527,130.9777,550
61.0529,125.4912,550
61.0539,124.4106,550
61.0543,139.2125,550
61.0564,131.4970,550
61.0564,130.7983,550
61.0575,137.6792,550
61.0589,139.0273,550
61.0590,137.0600,550
61.0600,135.0909,550
61.0607,134.4590,550
61.0611,133.4803,550
61.0619,136.0471,550
61.0619,146.3374,550
61.0645,140.3351,550
61.0645,139.5784,550
61.0689,137.4678,550
61.0690,143.7738,550
61.0690,149.8835,550
61.0690,140.7507,550
61.0702,146.5667,550
61.0767,137.8821,550
61.0768,145.3553,550
61.0778,144.9303,550
61.0780,144.6888,550
61.0826,155.8287,550
61.0826,146.1148,550
61.0837,143.2322,550
61.0838,152.5630,550
61.0855,148.4180,550
61.0904,150.7721,550
61.0920,144.4483,550
61.0926,154.6334,550
61.0982,142.4422,550
61.0988,152.0861,550
61.1029,152.3479,550
61.1030,152.1885,550
61.1039,146.2383,550
61.1043,146.5062,550
61.1044,149.6149,550
61.1054,149.8715,550
61.1080,190.0682,550
61.1089,153.3575,550
61.1122,147.5266,550
61.1170,138.2750,550
61.1170,148.1553,550
61.1170,148.1781,550
61.1192,150.8008,550
61.1204,145.2349,550
61.1211,156.3894,550
61.1269,143.0771,550
61.1301,147.5592,550
61.1302,146.8400,550
61.1312,149.0133,550
61.1320,148.4310,550
61.1376,149.9834,550
61.1383,161.2163,550
61.1405,150.6540,550
61.1413,148.5480,550
61.1436,148.0114,550
61.1451,163.5454,550
61.1451,149.0504,550
61.1476,150.5531,550
61.1478,159.8185,550
61.1478,162.8864,550
61.1506,153.3367,550
61.1507,160.0315,550
61.1507,168.3667,550
61.1553,180.0152,550
61.1556,160.0261,550
61.1587,160.8329,550
61.1591,167.5023,550
61.1602,155.9824,550
61.1661,161.5073,550
61.1662,156.2881,550
61.1670,155.0381,550
61.1670,158.7206,550
61.1679,159.8171,550
61.1700,160.2008,550
61.1729,165.8334,550
61.1736,160.7739,550
61.1740,161.9688,550
61.1750,175.3918,550
61.1751,167.5902,550
61.1823,168.1353,550
61.1825,168.1079,550
61.1826,164.3458,550
61.1826,178.0258,550
61.1858,161.1348,550
61.1859,168.6252,550
61.1876,173.0878,550
61.1907,167.6405,550
61.1907,176.1781,550
61.1936,167.3589,550
61.1942,169.7331,550
61.1969,167.0627,550
61.1970,206.8653,550
61.1976,172.3122,550
61.1976,172.3914,550
61.2006,170.1303,550
61.2013,187.0527,550
61.2047,173.5707,550
61.2047,173.3572,550
61.2075,171.3422,550
61.2083,174.1400,550
61.2128,178.5968,550
61.2137,183.8907,550
61.2178,170.6750,550
61.2186,179.0279,550
61.2250,153.3008,550
61.2257,169.2838,550
61.2321,163.2488,550
61.2343,148.9683,550
61.2348,166.8773,550
61.2357,188.0905,550
61.2396,209.1698,550
61.2412,164.4306,550
61.2434,173.5067,550
61.2438,178.9639,550
61.2522,160.0416,550
61.2530,162.9160,550
61.2535,160.1295,550
61.2550,165.8633,550
61.2551,179.6052,550
61.2559,167.8408,550
61.2570,182.2988,550
61.2580,167.8906,550
61.2589,180.3843,550
61.2698,166.0442,550
61.2717,156.1092,550
61.2718,168.2430,550
61.2748,164.4121,550
61.2756,164.4540,550
61.2758,165.6121,550
61.2761,172.6474,550
61.2773,164.0801,550
61.2805,166.0584,550
61.2838,175.1817,550
61.2864,178.7642,550
61.2865,165.9241,550
61.2903,164.1978,550
61.2904,161.1839,550
61.2934,169.1735,550
61.2934,163.9949,550
61.2942,180.3791,550
61.2949,171.5783,550
61.2977,168.0579,550
61.2978,167.9863,550
61.3011,177.9058,550
61.3030,172.3556,550
61.3031,170.7111,550
61.3060,173.0262,550
61.3060,158.0525,550
61.3076,175.3093,550
61.3109,180.1065,550
61.3110,180.0788,550
61.3118,175.3916,550
61.3118,177.3430,550
61.3122,192.8656,550
61.3122,176.4676,550
61.3156,181.1884,550
61.3156,181.1645,550
61.3180,179.7489,550
61.3181,176.7518,550
61.3191,182.7726,550
61.3215,167.6907,550
61.3223,183.6791,550
61.3247,180.3924,550
61.3247,186.9118,550
61.3264,185.1679,550
61.3267,193.2368,550
61.3274,187.5289,550
61.3280,200.2386,550
61.3298,190.7765,550
61.3300,199.0980,550
61.3300,198.2355,550
61.3306,198.4486,550
61.3333,195.7564,550
61.3333,203.2417,550
61.3381,227.6357,550
61.3401,199.5450,550
61.3410,195.6211,550
61.3429,201.3888,550
61.3430,190.8291,550
61.3438,198.2527,550
61.3493,200.3714,550
61.3494,191.3334,550
61.3509,197.1716,550
61.3515,197.0662,550
61.3574,204.6920,550
61.3591,193.1313,550
61.3640,198.4234,550
61.3640,188.7328,550
61.3708,188.3717,550
61.3739,188.5661,550
61.3769,197.2458,550
61.3861,180.3351,550
61.3871,189.0978,550
61.3878,186.8496,550
61.3884,187.8103,550
61.3900,186.1572,550
61.3901,185.6908,550
61.3910,183.6543,550
61.3941,186.6863,550
61.3979,184.9727,550
61.3980,180.8199,550
61.4008,186.2557,550
61.4009,192.4882,550
61.4009,186.9690,550
61.4034,189.9073,550
61.4036,192.9002,550
61.4076,185.7010,550
61.4077,200.5356,550
61.4084,202.8203,550
61.4119,202.6950,550
61.4143,190.5760,550
61.4144,190.5150,550
61.4154,193.3996,550
61.4155,192.2526,550
61.4165,198.0488,550
61.4192,189.0915,550
61.4194,196.4117,550
61.4214,183.5120,550
61.4215,193.8419,550
61.4241,203.1521,550
61.4243,206.5805,550
61.4243,202.2863,550
61.4244,203.5535,550
61.4264,217.8401,550
61.4313,203.4540,550
61.4314,207.6711,550
61.4323,207.4650,550
61.4348,204.2890,550
61.4381,207.9368,550
61.4389,199.7984,550
61.4414,203.7398,550
61.4441,201.9250,550
61.4443,200.7888,550
61.4458,206.6447,550
61.4463,206.5758,550
61.4464,212.3427,550
61.4464,209.8684,550
61.4505,214.3641,550
61.4528,214.4372,550
61.4536,212.5717,550
61.4543,203.3376,550
61.4544,216.4024,550
61.4552,209.6788,550
61.4558,212.0349,550
61.4575,213.3794,550
61.4608,221.5087,550
61.4622,213.6914,550
61.4635,212.4469,550
61.4638,225.1039,550
61.4668,213.0232,550
61.4677,214.6393,550
61.4695,227.5866,550
61.4696,232.1652,550
61.4698,221.2219,550
61.4717,223.0886,550
61.4727,223.0254,550
61.4746,230.6960,550
61.4746,223.5560,550
61.4754,229.5668,550
61.4769,230.0015,550
61.4777,234.7670,550
61.4788,234.3120,550
61.4825,222.4755,550
61.4826,226.6971,550
61.4868,225.6347,550
61.4869,225.5552,550
61.4869,240.2466,550
61.4894,223.7675,550
61.4913,235.2581,550
61.4968,225.4931,550
61.4996,224.2902,550
61.5035,234.3699,550
61.5037,233.4574,550
61.5075,224.6227,550
61.5135,227.3761,550
61.5177,210.3973,550
61.5179,220.5942,550
61.5188,222.3593,550
61.5197,218.2138,550
61.5206,220.6088,550
61.5210,220.4575,550
61.5226,219.8176,550
61.5265,222.1242,550
61.5267,226.1310,550
61.5267,231.9764,550
61.5282,221.3269,550
61.5293,228.1632,550
61.5325,225.7608,550
61.5326,230.8914,550
61.5382,221.4337,550
61.5383,228.6849,550
61.5439,223.6554,550
61.5460,233.1068,550
61.5475,219.5901,550
61.5486,220.3141,550
61.5487,225.9105,550
61.5510,225.6920,550
61.5548,219.8066,550
61.5577,236.4963,550
61.5579,230.0900,550
61.5588,228.6796,550
61.5607,226.0023,550
61.5608,226.6458,550
61.5608,233.2662,550
61.5637,228.2438,550
61.5638,236.2773,550
61.5651,235.8162,550
61.5664,241.8434,550
61.5730,235.3269,550
61.5731,230.9779,550
61.5731,232.7920,550
61.5738,230.0992,550
61.5753,235.6428,550
61.5764,234.3302,550
61.5784,233.9552,550
61.5785,236.2163,550
61.5791,237.1175,550
61.5808,237.8895,550
61.5822,250.5322,550
61.5840,242.8410,550
61.5849,238.1730,550
61.5849,244.2915,550
61.5856,243.5141,550
61.5856,245.1181,550
61.5890,245.8886,550
61.5890,253.9398,550
61.5918,251.0240,550
61.5955,254.3628,550
61.5957,248.6222,550
61.5957,254.4753,550
61.5968,246.0995,550
61.5978,253.0542,550
61.6048,254.7188,550
61.6059,241.9499,550
61.6060,244.0016,550
61.6069,247.7307,550
61.6072,242.5025,550
61.6138,246.4047,550
61.6140,249.3617,550
61.6210,239.2308,550
61.6222,242.9909,550
61.6223,243.1501,550
61.6258,241.3618,550
61.6271,249.0509,550
61.6293,242.8298,550
61.6293,245.4791,550
61.6322,243.7647,550
61.6322,251.2244,550
61.6329,231.7268,550
61.6329,249.8818,550
61.6344,256.7364,550
61.6355,260.3071,550
61.6355,259.1842,550
61.6379,252.3609,550
61.6396,256.1520,550
61.6400,254.6903,550
61.6515,272.0448,550
61.6556,244.3768,550
61.6556,245.0134,550
61.6564,231.9797,550
61.6653,240.3129,550
61.6709,235.5300,550
61.6725,235.2524,550
61.6726,249.6528,550
61.6736,236.7476,550
61.6746,236.4054,550
61.6759,243.5833,550
61.6769,266.8767,550
61.6793,248.7973,550
61.6803,239.1867,550
61.6813,246.7985,550
61.6825,252.4644,550
61.6845,244.3613,550
61.6846,251.9873,550
61.6857,247.4059,550
61.6891,246.8847,550
61.6925,243.2142,550
61.6926,245.6026,550
61.6927,248.3584,550
61.6937,255.2225,550
61.6947,252.8076,550
61.7005,238.1539,550
61.7008,251.4789,550
61.7048,256.9402,550
61.7055,244.3655,550
61.7069,245.4132,550
61.7076,249.5882,550
61.7089,247.8201,550
61.7095,250.7832,550
61.7096,255.7846,550
61.7123,256.9385,550
61.7160,265.9066,550
61.7161,249.2879,550
61.7179,251.3606,550
61.7180,256.7763,550
61.7181,242.6489,550
61.7181,255.3656,550
61.7181,263.8129,550
61.7212,259.5071,550
61.7225,268.6277,550
61.7231,262.7096,550
61.7237,262.0261,550
61.7247,257.7030,550
61.7248,266.3422,550
61.7268,264.3092,550
61.7273,266.9475,550
61.7300,273.0310,550
61.7301,273.4557,550
61.7319,271.6529,550
61.7372,278.1829,550
61.7379,266.0074,550
61.7397,269.3305,550
61.7398,268.5604,550
61.7420,276.5226,550
61.7465,251.3374,550
61.7466,270.9904,550
61.7475,268.9942,550
61.7521,279.3579,550
61.7546,267.5998,550
61.7547,268.2461,550
61.7547,270.3918,550
61.7557,270.6529,550
61.7571,280.9682,550
61.7577,269.3504,550
61.7588,276.0282,550
61.7592,272.7362,550
61.7652,280.3281,550
61.7653,280.2046,550
61.7653,275.0462,550
61.7653,262.6762,550
61.7653,282.8886,550
61.7660,282.2064,550
61.7674,279.2850,550
61.7702,277.0715,550
61.7779,277.6219,550
61.7788,283.7012,550
61.7795,281.8121,550
61.7800,277.9184,550
61.7811,276.8098,550
61.7827,264.5673,550
61.7828,280.1712,550
61.7831,285.1879,550
61.7832,287.4619,550
61.7875,293.5178,550
61.7878,298.9217,550
61.7933,267.5426,550
61.7934,282.6986,550
61.7934,293.0762,550
61.7934,287.6714,550
61.7934,290.1271,550
61.7960,290.9329,550
61.8019,285.3652,550
61.8020,287.3808,550
61.8027,287.1249,550
61.8048,285.0498,550
61.8069,293.8540,550
61.8080,288.5867,550
61.8101,288.4608,550
61.8101,293.4576,550
61.8155,292.1833,550
61.8179,295.4015,550
61.8180,292.6517,550
61.8243,286.3661,550
61.8264,283.7268,550
61.8266,284.8153,550
61.8282,285.7312,550
61.8346,286.1267,550
61.8354,285.2807,550
61.8354,287.6966,550
61.8420,287.2727,550
61.8434,280.4712,550
61.8435,275.7585,550
61.8443,289.4280,550
61.8470,283.7946,550
61.8476,292.4895,550
61.8492,285.3131,550
61.8494,297.5077,550
61.8543,284.2520,550
61.8556,286.9359,550
61.8564,292.6980,550
61.8588,286.7139,550
61.8592,283.2930,550
61.8593,287.8176,550
61.8625,291.2589,550
61.8635,283.4016,550
61.8638,294.5607,550
61.8652,338.1168,550
61.8664,291.9931,550
61.8714,289.2751,550
61.8721,298.1529,550
61.8722,295.0288,550
61.8749,294.6784,550
61.8751,290.5441,550
61.8751,295.1612,550
61.8762,304.7696,550
61.8792,295.6858,550
61.8793,297.6836,550
61.8812,297.8257,550
61.8814,309.3113,550
61.8826,301.5515,550
61.8831,308.6113,550
61.8852,305.5020,550
61.8854,317.8300,550
61.8875,307.9360,550
61.8897,294.3888,550
61.8923,305.8567,550
61.8935,301.0998,550
61.8940,305.2122,550
61.8940,305.9302,550
61.8940,307.1289,550
61.8958,310.9262,550
61.8959,310.3243,550
61.8969,311.3775,550
61.8979,324.8416,550
61.8989,342.9846,550
61.9002,314.1796,550
61.9042,311.2512,550
61.9043,315.9452,550
61.9059,313.8342,550
61.9106,312.0588,550
61.9116,304.8907,550
61.9123,319.3714,550
61.9130,313.7693,550
61.9158,318.7533,550
61.9160,317.4398,550
61.9176,324.3469,550
61.9182,317.4925,550
61.9190,318.8689,550
61.9207,318.7968,550
61.9281,320.8183,550
61.9282,316.3247,550
61.9314,314.6589,550
61.9331,321.1144,550
61.9352,309.2767,550
61.9366,317.5646,550
61.9464,309.1612,550
61.9464,309.9752,550
61.9464,305.1440,550
61.9487,314.1396,550
61.9494,313.0581,550
61.9515,310.9786,550
61.9520,318.4313,550
61.9567,319.9792,550
61.9575,313.0406,550
61.9592,311.2692,550
61.9662,340.9617,550
61.9670,312.0887,550
61.9673,311.0607,550
61.9674,327.0030,550
61.9692,314.8670,550
61.9693,312.2603,550
61.9720,311.3624,550
61.9730,318.3859,550
61.9739,314.8110,550
61.9739,326.3167,550
61.9788,318.0491,550
61.9816,328.6270,550
61.9878,319.3939,550
61.9881,318.3518,550
61.9901,312.3220,550
62.0025,298.9636,550
62.0026,303.9087,550
62.0026,310.4810,550
62.0036,306.5493,550
62.0053,315.0710,550
62.0112,312.6032,550
62.0144,303.3602,550
62.0145,301.3784,550
62.0189,301.5492,550
62.0263,294.0981,550
62.0280,309.7617,550
62.0301,304.2443,550
62.0388,289.8293,550
62.0399,287.5334,550
62.0421,288.6437,550
62.0445,289.8543,550
62.0445,292.3644,550
62.0465,302.3720,550
62.0473,289.8243,550
62.0511,292.8913,550
62.0541,286.5174,550
62.0553,289.5734,550
62.0577,290.6738,550
62.0578,348.2726,550
62.0602,298.3652,550
62.0665,299.1144,550
62.0665,295.4383,550
62.0672,289.0913,550
62.0695,292.9204,550
62.0743,285.0272,550
62.0753,303.0120,550
62.0758,296.8269,550
62.0758,301.6871,550
62.0775,292.4260,550
62.0794,294.2027,550
62.0795,302.0717,550
62.0813,301.5262,550
62.0862,292.4994,550
62.0863,306.4699,550
62.0884,293.8541,550
62.0899,293.5636,550
62.0900,294.9760,550
62.0916,296.8382,550
62.0957,298.0984,550
62.0962,296.9346,550
62.0976,306.5610,550
62.0976,304.7792,550
62.0977,301.1652,550
62.0995,299.3142,550
62.1027,304.8937,550
62.1038,299.7091,550
62.1044,301.6792,550
62.1063,302.3285,550
62.1078,313.7510,550
62.1092,302.7006,550
62.1137,308.5615,550
62.1189,300.4566,550
62.1196,299.7083,550
62.1197,306.3450,550
62.1283,293.6265,550
62.1304,298.9231,550
62.1328,296.7304,550
62.1329,306.0318,550
62.1335,300.8914,550
62.1377,294.9202,550
62.1378,301.1176,550
62.1378,305.6384,550
62.1415,301.9359,550
62.1416,306.7135,550
62.1459,298.9316,550
62.1465,305.3959,550
62.1465,300.7862,550
62.1506,294.2292,550
62.1507,300.1003,550
62.1526,298.2143,550
62.1527,299.1232,550
62.1555,307.2412,550
62.1556,311.0065,550
62.1600,294.4205,550
62.1601,312.1379,550
62.1601,312.1344,550
62.1604,307.2111,550
62.1626,314.4005,550
62.1627,305.8995,550
62.1647,307.0224,550
62.1647,311.6508,550
62.1647,312.3031,550
62.1662,318.4748,550
62.1668,313.6979,550
62.1685,316.3575,550
62.1719,312.7899,550
62.1720,315.0993,550
62.1720,315.8361,550
62.1720,321.8397,550
62.1802,323.5933,550
62.1802,322.8682,550
62.1818,310.0002,550
62.1834,315.5023,550
62.1848,319.6697,550
62.1848,317.9352,550
62.1890,313.8158,550
62.1891,323.7473,550
62.1946,314.2687,550
62.1968,317.5197,550
62.1970,315.8615,550
62.1970,317.7207,550
62.2009,313.1175,550
62.2030,313.6789,550
62.2065,327.8069,550
62.2080,317.8077,550
62.2081,310.6684,550
62.2112,323.3816,550
62.2114,314.9840,550
62.2114,322.8801,550
62.2114,307.9151,550
62.2128,335.6275,550
62.2138,328.5483,550
62.2149,329.5557,550
62.2159,330.5646,550
62.2180,324.3644,550
62.2260,326.4018,550
62.2261,335.3990,550
62.2261,327.1062,550
62.2261,331.9681,550
62.2288,323.6767,550
62.2289,329.1697,550
62.2297,326.5825,550
62.2308,331.2788,550
62.2338,340.0919,550
62.2348,327.2481,550
62.2352,330.2960,550
62.2370,329.2485,550
62.2390,330.8288,550
62.2410,329.4804,550
62.2422,339.2671,550
62.2422,331.1269,550
62.2449,331.6734,550
62.2480,330.6745,550
62.2509,329.7090,550
62.2509,334.2913,550
62.2517,345.4084,550
62.2540,331.8000,550
62.2553,318.5727,550
62.2554,336.1926,550
62.2579,344.1890,550
62.2588,334.0924,550
62.2610,335.3732,550
62.2616,336.2358,550
62.2644,354.8581,550
62.2647,343.7367,550
62.2652,343.5907,550
62.2653,337.0295,550
62.2670,347.7457,550
62.2694,345.2805,550
62.2695,350.1080,550
62.2705,349.4166,550
62.2758,343.8201,550
62.2779,345.2266,550
62.2787,346.0635,550
62.2825,341.9865,550
62.2840,347.8642,550
62.2873,344.3778,550
62.2907,340.9466,550
62.2909,338.9492,550
62.2909,343.2143,550
62.2932,340.9598,550
62.2992,370.2856,550
62.3006,331.5903,550
62.3052,331.8879,550
62.3054,335.3325,550
62.3094,334.3963,550
62.3167,330.0280,550
62.3218,326.2537,550
62.3228,321.5222,550
62.3229,327.8875,550
62.3257,328.8448,550
62.3273,336.4287,550
62.3276,337.4000,550
62.3296,329.9169,550
62.3307,332.9884,550
62.3327,356.3269,550
62.3333,332.3971,550
62.3357,341.0420,550
62.3373,344.2147,550
62.3413,329.5840,550
62.3414,328.9236,550
62.3423,333.5331,550
62.3430,333.7280,550
62.3439,350.0926,550
62.3446,340.8525,550
62.3481,337.2972,550
62.3521,334.0155,550
62.3523,337.2636,550
62.3523,337.7382,550
62.3575,349.3959,550
62.3579,336.1091,550
62.3586,341.2067,550
62.3587,333.7227,550
62.3617,338.0754,550
62.3674,335.3136,550
62.3676,341.2674,550
62.3682,338.6398,550
62.3714,336.1601,550
62.3768,338.1696,550
62.3769,331.1377,550
62.3803,335.4457,550
62.3814,337.8405,550
62.3817,342.6119,550
62.3820,337.8481,550
62.3831,343.1229,550
62.3835,343.8461,550
62.3875,339.7813,550
62.3882,339.4935,550
62.3916,348.3832,550
62.3917,348.3503,550
62.3924,353.5591,550
62.3950,347.5686,550
62.3969,349.3158,550
62.3970,345.4241,550
62.3971,345.2755,550
62.4009,341.4482,550
62.4039,342.3431,550
62.4039,347.8899,550
62.4057,345.0106,550
62.4113,339.9442,550
62.4118,343.2814,550
62.4118,347.2657,550
62.4123,354.5850,550
62.4160,350.9467,550
62.4178,340.6210,550
62.4249,343.3562,550
62.4282,393.6320,550
62.4296,337.3079,550
62.4326,336.0944,550
62.4327,345.3738,550
62.4359,338.1749,550
62.4361,340.6425,550
62.4381,346.7528,550
62.4381,336.1893,550
62.4382,357.8279,550
62.4417,338.5600,550
62.4425,357.8713,550
62.4447,345.3762,550
62.4447,345.3199,550
62.4452,358.4865,550
62.4457,355.4434,550
62.4527,347.6862,550
62.4529,346.0549,550
62.4529,350.7829,550
62.4533,348.2245,550
62.4568,347.5873,550
62.4576,349.1138,550
62.4598,355.1371,550
62.4599,336.1264,550
62.4599,351.0493,550
62.4599,351.9358,550
62.4599,365.0706,550
62.4605,356.2442,550
62.4610,359.6570,550
62.4626,359.2615,550
62.4655,359.5287,550
62.4655,374.0787,550
62.4710,363.5334,550
62.4710,358.5978,550
62.4762,357.7225,550
62.4766,362.9958,550
62.4799,356.8552,550
62.4828,357.5768,550
62.4839,355.7253,550
62.4860,356.0041,550
62.4871,359.3302,550
62.4936,357.7729,550
62.4941,354.1511,550
62.5007,353.1039,550
62.5018,354.9160,550
62.5028,356.6989,550
62.5028,353.8866,550
62.5041,354.3244,550
62.5098,349.6807,550
62.5098,366.4848,550
62.5133,352.1450,550
62.5157,354.0867,550
62.5176,350.6506,550
62.5205,344.9074,550
62.5235,346.7986,550
62.5236,335.8354,550
62.5236,363.6872,550
62.5248,353.2712,550
62.5256,351.3317,550
62.5334,344.3127,550
62.5361,356.8042,550
62.5444,340.2870,550
62.5451,348.7193,550
62.5451,342.2532,550
62.5466,351.3179,550
62.5553,338.4643,550
62.5562,341.4743,550
62.5613,336.6231,550
62.5652,337.4337,550
62.5652,341.5102,550
62.5685,335.9665,550
62.5687,343.2502,550
62.5714,331.2233,550
62.5723,337.7535,550
62.5724,331.2094,550
62.5777,336.5936,550
62.5777,344.3535,550
62.5792,337.1974,550
62.5823,349.0764,550
62.5825,339.6474,550
62.5825,338.9551,550
62.5838,349.1337,550
62.5839,355.7774,550
62.5845,355.0032,550
62.5850,349.3500,550
62.5873,349.9284,550
62.5903,346.9599,550
62.5912,357.1534,550
62.5920,363.8720,550
62.5921,352.0184,550
62.5951,383.7506,550
62.5990,346.2053,550
62.6007,332.9865,550
62.6008,367.6448,550
62.6022,350.6868,550
62.6078,347.3906,550
62.6078,350.7106,550
62.6078,355.2319,550
62.6105,364.6865,550
62.6106,362.2116,550
62.6106,362.2997,550
62.6106,362.2643,550
62.6106,364.6621,550
62.6142,353.1003,550
62.6142,365.7933,550
62.6185,361.5314,550
62.6186,356.6194,550
62.6200,367.0619,550
62.6223,355.9491,550
62.6243,364.2612,550
62.6281,358.8611,550
62.6291,359.3541,550
62.6319,355.6126,550
62.6320,355.5298,550
62.6334,365.4447,550
62.6336,359.7178,550
62.6356,364.1332,550
62.6365,365.5948,550
62.6397,359.9791,550
62.6428,352.7102,550
62.6435,355.2410,550
62.6435,362.9757,550
62.6460,360.4607,550
62.6465,367.5229,550
62.6467,369.5096,550
62.6506,360.6697,550
62.6523,375.0438,550
62.6533,365.0490,550
62.6546,367.0056,550
62.6585,376.9579,550
62.6586,368.7910,550
62.6593,375.6092,550
62.6614,378.4693,550
62.6615,376.3920,550
62.6623,369.9018,550
62.6637,373.4705,550
62.6657,370.6445,550
62.6664,371.5497,550
62.6664,374.0216,550
62.6701,382.3351,550
62.6710,373.4935,550
62.6731,372.6746,550
62.6732,375.6814,550
62.6741,374.8026,550
62.6749,392.1838,550
62.6780,383.1889,550
62.6781,391.4146,550
62.6781,383.0831,550
62.6781,382.9991,550
62.6784,393.4596,550
62.6790,382.8303,550
62.6796,382.1730,550
62.6798,395.2306,550
62.6804,393.7764,550
62.6829,398.5908,550
62.6830,393.3457,550
62.6830,393.3297,550
62.6880,425.1672,550
62.6909,386.3722,550
62.6923,384.0292,550
62.6924,397.7200,550
62.6958,389.0138,550
62.6993,389.9502,550
62.7017,401.3160,550
62.7019,397.5336,550
62.7019,395.2105,550
62.7019,401.1486,550
62.7032,394.7020,550
62.7066,398.8209,550
62.7073,401.2701,550
62.7107,392.3452,550
62.7138,395.5401,550
62.7148,393.4881,550
62.7198,388.1940,550
62.7258,395.0565,550
62.7265,392.5864,550
62.7266,384.1765,550
62.7266,390.0348,550
62.7278,400.9815,550
62.7285,400.2536,550
62.7313,397.5179,550
62.7314,392.2709,550
62.7314,395.7929,550
62.7325,395.4896,550
62.7326,403.7788,550
62.7361,400.2273,550
62.7410,397.7869,550
62.7440,398.1662,550
62.7440,398.1038,550
62.7449,401.3110,550
62.7452,410.8888,550
62.7464,425.7863,550
62.7469,399.1519,550
62.7542,411.5784,550
62.7542,403.0268,550
62.7542,405.8188,550
62.7542,401.6197,550
62.7549,400.0332,550
62.7550,409.4955,550
62.7568,398.0552,550
62.7582,404.2056,550
62.7582,407.9943,550
62.7637,398.7383,550
62.7637,411.1006,550
62.7656,415.2196,550
62.7656,406.4825,550
62.7671,408.3589,550
62.7733,407.0747,550
62.7741,403.7236,550
62.7748,409.4552,550
62.7754,412.1480,550
62.7767,434.3932,550
62.7773,413.6099,550
62.7788,411.1266,550
62.7805,423.5840,550
62.7806,414.0910,550
62.7814,422.2105,550
62.7817,417.8207,550
62.7818,421.9359,550
62.7846,418.9951,550
62.7851,422.6116,550
62.7867,418.6461,550
62.7903,420.8037,550
62.7962,415.2354,550
62.7967,418.1421,550
62.7968,418.0758,550
62.7993,425.8717,550
62.8007,421.3573,550
62.8037,424.9568,550
62.8058,412.1051,550
62.8113,411.5440,550
62.8137,420.0599,550
62.8149,415.1503,550
62.8160,410.0694,550
62.8167,415.4193,550
62.8175,416.5622,550
62.8205,421.3717,550
62.8210,420.4792,550
62.8216,420.3024,550
62.8242,424.8230,550
62.8254,403.9628,550
62.8257,422.5020,550
62.8277,420.4840,550
62.8298,419.9335,550
62.8317,420.3314,550
62.8327,429.5655,550
62.8335,421.4477,550
62.8340,422.0404,550
62.8340,427.1112,550
62.8357,425.7946,550
62.8365,436.4931,550
62.8387,422.3653,550
62.8388,439.8669,550
62.8406,430.3165,550
62.8421,430.0105,550
62.8431,432.5168,550
62.8456,436.7772,550
62.8467,429.8155,550
62.8475,459.4660,550
62.8495,432.0729,550
62.8510,433.1208,550
62.8517,440.9321,550
62.8517,436.4644,550
62.8526,438.5178,550
62.8586,434.8021,550
62.8596,436.6249,550
62.8600,431.1446,550
62.8623,436.7540,550
62.8673,434.8639,550
62.8678,431.7798,550
62.8688,435.9738,550
62.8702,435.9083,550
62.8746,433.1847,550
62.8775,432.8312,550
62.8797,436.8825,550
62.8798,434.5955,550
62.8803,435.6727,550
62.8826,448.1323,550
62.8827,431.6382,550
62.8839,438.0923,550
62.8863,447.4677,550
62.8870,447.1644,550
62.8875,443.4817,550
62.8891,449.4045,550
62.8903,441.1787,550
62.8904,446.5401,550
62.8904,446.1455,550
62.8939,444.0168,550
62.8965,442.0281,550
62.9023,441.8910,550
62.9023,450.5120,550
62.9029,456.4904,550
62.9046,447.1053,550
62.9054,443.5653,550
62.9066,445.0940,550
62.9137,452.9522,550
62.9137,452.5995,550
62.9154,448.5229,550
62.9184,448.9314,550
62.9215,454.3256,550
62.9215,442.7894,550
62.9258,439.2361,550
62.9273,453.9173,550
62.9274,447.3978,550
62.9306,450.6151,550
62.9323,450.0278,550
62.9323,445.7698,550
62.9323,445.7747,550
62.9385,436.1434,550
62.9395,447.4169,550
62.9412,442.5640,550
62.9413,445.6147,550
62.9413,446.5245,550
62.9443,446.1924,550
62.9444,462.5171,550
62.9450,443.6011,550
62.9487,447.1581,550
62.9515,438.1081,550
62.9531,456.0241,550
62.9556,446.6605,550
62.9556,451.2973,550
62.9561,453.3915,550
62.9615,446.8845,550
62.9633,455.3140,550
62.9678,454.0144,550
62.9719,457.5230,550
62.9738,442.0420,550
62.9748,447.7218,550
62.9767,445.0537,550
62.9771,438.7794,550
62.9834,449.3886,550
62.9871,446.8485,550
62.9877,440.1775,550
62.9897,440.3715,550
62.9898,444.1876,550
62.9915,441.5779,550
62.9915,446.4772,550
62.9947,450.8547,550
62.9975,447.0897,550
62.9976,453.8645,550
62.9998,444.7532,550
62.9998,451.6225,550
63.0002,453.1917,550
63.0018,449.6921,550
63.0045,450.9314,550
63.0058,452.6473,550
63.0096,448.8663,550
63.0102,445.2389,550
63.0111,546.0129,550
63.0173,442.5385,550
63.0173,445.4332,550
63.0173,445.8428,550
63.0173,451.5220,550
63.0176,451.1924,550
63.0177,453.7731,550
63.0206,450.9222,550
63.0206,459.1139,550
63.0233,461.4356,550
63.0272,479.4253,550
63.0291,455.5675,550
63.0312,453.4372,550
63.0313,468.0425,550
63.0313,459.8630,550
63.0344,454.7820,550
63.0349,457.1468,550
63.0366,462.4458,550
63.0366,469.6670,550
63.0379,462.1547,550
63.0389,460.4789,550
63.0389,460.0789,550
63.0390,477.6733,550
63.0442,459.1350,550
63.0444,467.4960,550
63.0446,473.9220,550
63.0447,480.6744,550
63.0456,478.9424,550
63.0481,469.6259,550
63.0482,470.6733,550
63.0482,470.6620,550
63.0507,471.1577,550
63.0508,485.3810,550
63.0508,477.7389,550
63.0546,474.0158,550
63.0547,476.8364,550
63.0575,474.0538,550
63.0576,479.9491,550
63.0576,490.6795,550
63.0600,476.7879,550
63.0619,480.2619,550
63.0672,475.0508,550
63.0672,481.0726,550
63.0673,464.5081,550
63.0673,481.0434,550
63.0673,482.4758,550
63.0673,484.8070,550
63.0673,489.8799,550
63.0698,482.8999,550
63.0708,494.1007,550
63.0745,490.3818,550
63.0746,487.1312,550
63.0756,493.4655,550
63.0802,492.2260,550
63.0811,483.7712,550
63.0820,488.2493,550
63.0828,533.5699,550
63.0828,487.6879,550
63.0859,494.9434,550
63.0872,495.3979,550
63.0891,489.3078,550
63.0920,494.1277,550
63.0922,477.3371,550
63.0965,500.3348,550
63.0973,499.4724,550
63.0980,506.4277,550
63.0983,493.2529,550
63.0995,492.0797,550
63.0996,496.1382,550
63.1015,497.9194,550
63.1019,497.9489,550
63.1044,509.7078,550
63.1045,511.8815,550
63.1075,491.9068,550
63.1075,500.4960,550
63.1075,503.0967,550
63.1100,502.3030,550
63.1122,504.1364,550
63.1122,514.3488,550
63.1128,504.2058,550
63.1133,515.4258,550
63.1182,500.4369,550
63.1190,490.6501,550
63.1196,506.6445,550
63.1202,513.6101,550
63.1220,520.5862,550
63.1228,525.2234,550
63.1239,509.9303,550
63.1261,510.5896,550
63.1263,511.5378,550
63.1301,519.0522,550
63.1302,526.1927,550
63.1302,510.0942,550
63.1305,515.2846,550
63.1328,515.3019,550
63.1376,526.1168,550
63.1423,514.0348,550
63.1424,516.6172,550
63.1424,545.1135,550
63.1450,507.8574,550
63.1451,517.8253,550
63.1463,516.6133,550
63.1465,517.1524,550
63.1498,523.3336,550
63.1510,514.1090,550
63.1525,516.7820,550
63.1534,523.4558,550
63.1551,521.6847,550
63.1551,521.6583,550
63.1562,530.4518,550
63.1563,515.3355,550
63.1564,530.3291,550
63.1584,524.4685,550
63.1585,530.3073,550
63.1636,532.3362,550
63.1636,534.0680,550
63.1656,522.4179,550
63.1670,523.4054,550
63.1680,536.6468,550
63.1713,540.9077,550
63.1795,525.1730,550
63.1796,518.9140,550
63.1796,524.4154,550
63.1796,526.2304,550
63.1796,526.2306,550
63.1831,531.6591,550
63.1843,533.5536,550
63.1863,527.6572,550
63.1864,528.7213,550
63.1875,533.0404,550
63.1902,534.4149,550
63.1932,532.3511,550
63.1933,531.0524,550
63.1939,540.2319,550
63.1961,538.1910,550
63.1961,535.8611,550
63.1997,532.8293,550
63.2021,529.9012,550
63.2039,538.1061,550
63.2040,534.1174,550
63.2046,538.1756,550
63.2046,536.6874,550
63.2047,538.7901,550
63.2099,536.4756,550
63.2113,547.9845,550
63.2114,541.0963,550
63.2118,534.2496,550
63.2159,548.9846,550
63.2160,539.9390,550
63.2160,539.9063,550
63.2160,535.6277,550
63.2169,545.6179,550
63.2170,551.0764,550
63.2172,545.3342,550
63.2181,555.4015,550
63.2187,557.0115,550
63.2194,554.0849,550
63.2214,549.5538,550
63.2239,558.8703,550
63.2240,552.8142,550
63.2241,557.8075,550
63.2241,573.6109,550
63.2249,558.8701,550
63.2255,556.6824,550
63.2280,569.6669,550
63.2303,556.9772,550
63.2303,562.2823,550
63.2310,577.9272,550
63.2311,569.4690,550
63.2314,566.2251,550
63.2320,566.5115,550
63.2332,564.3888,550
63.2336,575.2796,550
63.2375,570.8551,550
63.2417,567.1975,550
63.2434,571.7188,550
63.2464,579.5853,550
63.2465,568.5776,550
63.2465,572.3467,550
63.2482,580.4371,550
63.2492,574.1112,550
63.2511,567.8130,550
63.2511,583.7115,550
63.2541,576.0116,550
63.2554,572.2649,550
63.2561,573.6826,550
63.2562,584.7955,550
63.2578,576.3497,550
63.2599,581.0426,550
63.2600,575.8358,550
63.2600,581.0098,550
63.2604,590.1436,550
63.2624,586.3707,550
63.2624,585.0600,550
63.2624,588.1222,550
63.2632,584.4614,550
63.2647,583.5160,550
63.2674,591.7220,550
63.2675,588.3204,550
63.2675,600.9616,550
63.2695,597.4175,550
63.2695,589.5984,550
63.2695,597.9732,550
63.2703,601.3078,550
63.2712,595.6851,550
63.2722,599.3522,550
63.2759,602.7910,550
63.2771,591.8405,550
63.2811,599.3982,550
63.2811,601.1357,550
63.2829,596.6966,550
63.2856,629.9789,550
63.2922,595.7421,550
63.2938,607.3631,550
63.2951,602.2003,550
63.3010,589.8188,550
63.3026,593.5533,550
63.3027,584.7453,550
63.3044,589.0218,550
63.3046,593.6569,550
63.3050,593.8288,550
63.3063,597.5367,550
63.3125,603.0906,550
63.3126,594.5283,550
63.3140,597.0989,550
63.3152,595.4689,550
63.3203,598.6577,550
63.3205,607.2149,550
63.3216,592.4108,550
63.3242,606.6826,550
63.3243,594.6555,550
63.3272,591.5627,550
63.3308,598.5268,550
63.3349,593.3470,550
63.3350,592.2114,550
63.3382,591.9847,550
63.3415,585.2045,550
63.3435,587.4418,550
63.3454,593.7371,550
63.3474,589.9126,550
63.3475,598.4899,550
63.3483,592.0426,550
63.3484,595.6676,550
63.3484,596.6822,550
63.3504,598.8149,550
63.3505,613.1657,550
63.3511,610.3732,550
63.3516,600.2177,550
63.3522,607.9832,550
63.3543,605.8660,550
63.3543,606.2423,550
63.3543,603.0048,550
63.3562,612.2213,550
63.3583,605.2832,550
63.3584,610.0266,550
63.3593,606.8614,550
63.3626,612.7667,550
63.3626,612.6877,550
63.3626,617.9144,550
63.3658,612.3572,550
63.3661,618.0977,550
63.3669,613.7065,550
63.3692,617.9825,550
63.3732,611.5680,550
63.3733,649.6120,550
63.3737,622.5039,550
63.3747,618.1079,550
63.3803,612.4800,550
63.3808,615.3956,550
63.3823,623.3866,550
63.3858,616.3274,550
63.3860,622.6488,550
63.3860,626.4920,550
63.3878,625.0737,550
63.3897,622.8199,550
63.3907,617.9064,550
63.3936,623.2608,550
63.3976,624.5494,550
63.3977,618.5242,550
63.3983,618.1131,550
63.4005,627.8170,550
63.4015,616.6564,550
63.4028,618.9513,550
63.4061,620.0827,550
63.4079,618.3515,550
63.4130,625.4651,550
63.4180,614.1434,550
63.4180,617.6013,550
63.4214,616.3887,550
63.4214,614.1351,550
63.4226,614.0182,550
63.4231,620.7373,550
63.4255,629.9137,550
63.4261,617.6727,550
63.4294,620.3795,550
63.4294,620.6471,550
63.4294,620.3635,550
63.4329,624.4507,550
63.4329,622.5686,550
63.4350,619.9160,550
63.4369,628.0464,550
63.4370,620.8311,550
63.4370,624.7420,550
63.4434,617.7466,550
63.4502,619.9015,550
63.4503,615.5456,550
63.4544,615.9640,550
63.4577,616.6897,550
63.4594,625.0145,550
63.4595,620.8460,550
63.4601,625.7814,550
63.4610,624.9685,550
63.4611,619.9711,550
63.4619,628.9719,550
63.4620,628.3438,550
63.4786,611.7760,550
63.4786,606.7566,550
63.4791,614.7591,550
63.4801,615.8784,550
63.4851,613.1666,550
63.4852,616.9604,550
63.4871,611.6913,550
63.4872,611.4884,550
63.4884,614.2029,550
63.4901,632.2346,550
63.4908,627.6891,550
63.4940,631.7666,550
63.4941,619.5264,550
63.4941,619.4674,550
63.4949,623.5313,550
63.4950,628.5296,550
63.4958,626.6708,550
63.4987,624.8582,550
63.5001,620.3878,550
63.5049,628.2327,550
63.5051,632.5711,550
63.5056,624.2462,550
63.5075,626.9567,550
63.5099,632.4038,550
63.5100,636.3569,550
63.5149,623.0435,550
63.5206,624.9565,550
63.5250,628.3987,550
63.5258,627.6771,550
63.5275,618.7022,550
63.5305,619.6726,550
63.5305,622.4648,550
63.5368,616.6227,550
63.5376,626.5737,550
63.5380,631.3946,550
63.5412,622.3171,550
63.5430,617.6176,550
63.5440,623.4441,550
63.5483,619.3693,550
63.5508,616.7202,550
63.5509,623.4364,550
63.5514,628.4505,550
63.5558,626.8256,550
63.5587,615.6875,550
63.5606,625.6919,550
63.5606,626.1159,550
63.5607,621.9663,550
63.5607,623.2422,550
63.5640,622.7739,550
63.5667,622.0739,550
63.5669,631.5247,550
63.5670,624.9525,550
63.5683,626.5709,550
63.5687,635.1201,550
63.5689,628.1907,550
63.5713,632.4182,550
63.5715,633.4524,550
63.5725,639.1188,550
63.5752,634.8412,550
63.5770,634.6423,550
63.5772,628.8026,550
63.5797,628.5811,550
63.5808,643.5466,550
63.5817,639.8549,550
63.5847,641.9200,550
63.5854,638.3953,550
63.5857,634.5501,550
63.5875,622.3009,550
63.5877,647.4897,550
63.5905,637.3274,550
63.5906,637.1833,550
63.5906,643.4300,550
63.5917,645.6354,550
63.5922,652.4380,550
63.5944,646.5793,550
63.5945,631.8963,550
63.5948,658.8226,550
63.5959,648.2952,550
63.5992,647.4566,550
63.6000,649.2441,550
63.6010,649.8495,550
63.6031,646.7914,550
63.6033,650.3407,550
63.6033,656.2777,550
63.6046,654.3356,550
63.6054,654.2248,550
63.6054,663.2687,550
63.6099,658.5653,550
63.6122,654.6893,550
63.6146,657.5125,550
63.6152,654.1682,550
63.6168,654.7244,550
63.6177,656.8678,550
63.6186,661.5679,550
63.6188,671.9235,550
63.6195,661.6859,550
63.6205,661.2778,550
63.6211,666.9367,550
63.6215,675.7979,550
63.6244,670.7430,550
63.6245,666.9933,550
63.6314,664.1826,550
63.6316,663.6065,550
63.6316,672.3104,550
63.6414,660.2885,550
63.6426,659.1330,550
63.6434,658.2956,550
63.6442,659.7093,550
63.6442,674.3528,550
63.6474,660.0035,550
63.6481,659.3019,550
63.6499,662.6926,550
63.6511,675.9141,550
63.6525,660.0888,550
63.6550,666.5201,550
63.6590,668.5052,550
63.6600,658.5405,550
63.6620,661.7681,550
63.6625,668.0459,550
63.6637,664.5925,550
63.6638,669.5404,550
63.6648,667.9139,550
63.6664,674.0467,550
63.6717,675.0215,550
63.6732,667.3198,550
63.6755,669.0206,550
63.6759,660.2626,550
63.6809,663.6390,550
63.6810,665.1609,550
63.6817,670.2547,550
63.6830,670.4640,550
63.6843,671.5877,550
63.6852,667.5649,550
63.6853,670.5895,550
63.6881,667.7909,550
63.6884,670.7504,550
63.6886,705.7476,550
63.6950,667.7585,550
63.6958,680.7979,550
63.6967,676.7890,550
63.6984,682.4460,550
63.7009,667.9529,550
63.7010,678.3272,550
63.7029,698.5919,550
63.7067,666.8103,550
63.7068,678.0424,550
63.7075,681.7258,550
63.7106,682.2774,550
63.7107,683.6512,550
63.7108,680.0847,550
63.7108,680.0912,550
63.7120,679.7219,550
63.7131,693.4140,550
63.7140,679.9082,550
63.7165,676.3567,550
63.7169,689.5814,550
63.7194,708.7429,550
63.7195,693.1119,550
63.7234,683.9184,550
63.7234,684.3773,550
63.7234,689.1585,550
63.7246,687.9942,550
63.7256,701.4348,550
63.7264,694.9511,550
63.7265,689.9778,550
63.7282,700.0100,550
63.7314,699.4146,550
63.7328,688.6409,550
63.7334,688.8970,550
63.7334,693.5699,550
63.7361,702.5950,550
63.7371,697.5795,550
63.7401,694.5701,550
63.7402,708.1976,550
63.7402,742.7574,550
63.7435,695.2022,550
63.7445,706.7943,550
63.7467,707.1260,550
63.7496,703.7277,550
63.7505,700.8033,550
63.7513,697.6422,550
63.7524,704.3603,550
63.7548,701.9534,550
63.7549,709.2670,550
63.7573,701.4081,550
63.7573,700.8175,550
63.7576,701.9624,550
63.7608,704.8970,550
63.7612,709.2351,550
63.7613,709.6645,550
63.7617,713.1156,550
63.7617,723.8745,550
63.7622,724.0212,550
63.7629,711.8547,550
63.7629,723.3121,550
63.7636,716.9949,550
63.7637,720.9276,550
63.7656,718.0127,550
63.7666,731.0664,550
63.7712,714.1895,550
63.7712,721.5178,550
63.7747,719.9246,550
63.7747,732.1267,550
63.7760,719.2725,550
63.7855,720.9945,550
63.7857,712.0663,550
63.7857,723.6521,550
63.7864,716.8404,550
63.7896,714.2527,550
63.7918,721.0507,550
63.7942,712.3195,550
63.7943,729.3209,550
63.7963,726.7553,550
63.7984,715.2655,550
63.7989,720.8865,550
63.8020,714.9194,550
63.8040,754.2587,550
63.8051,717.9866,550
63.8052,733.8001,550
63.8071,725.5275,550
63.8083,723.8042,550
63.8091,737.0498,550
63.8149,723.5174,550
63.8156,730.6185,550
63.8206,725.5638,550
63.8208,718.8171,550
63.8217,713.4091,550
63.8248,727.6112,550
63.8248,718.0517,550
63.8320,721.3197,550
63.8348,724.4413,550
63.8431,721.8089,550
63.8432,708.8717,550
63.8462,710.9738,550
63.8471,711.6357,550
63.8477,746.1067,550
63.8495,712.6413,550
63.8501,707.6542,550
63.8503,715.7991,550
63.8567,717.8320,550
63.8590,723.6963,550
63.8618,717.0100,550
63.8647,707.2372,550
63.8649,712.4638,550
63.8660,718.2885,550
63.8673,711.9258,550
63.8685,720.5113,550
63.8693,713.9526,550
63.8718,710.9091,550
63.8745,712.3952,550
63.8776,713.2441,550
63.8776,711.3713,550
63.8790,727.3904,550
63.8818,724.2804,550
63.8923,713.2968,550
63.8932,708.4125,550
63.8952,728.0639,550
63.8952,713.8817,550
63.8960,709.8822,550
63.8961,712.3428,550
63.8961,713.5972,550
63.8967,716.6104,550
63.9002,713.6777,550
63.9002,716.0213,550
63.9012,722.0898,550
63.9028,721.2136,550
63.9030,720.9605,550
63.9039,720.1931,550
63.9057,724.5327,550
63.9062,729.3154,550
63.9068,723.9322,550
63.9105,722.5302,550
63.9126,733.7493,550
63.9127,722.8365,550
63.9127,722.8128,550
63.9133,733.1149,550
63.9143,824.4435,550
63.9183,738.4867,550
63.9184,727.9858,550
63.9204,729.6361,550
63.9226,726.8687,550
63.9253,726.3534,550
63.9255,736.5053,550
63.9265,730.2933,550
63.9277,767.6205,550
63.9277,737.5045,550
63.9282,744.3138,550
63.9329,738.6487,550
63.9331,732.1683,550
63.9371,733.6454,550
63.9377,730.3363,550
63.9387,728.8848,550
63.9434,730.9052,550
63.9446,726.9422,550
63.9454,733.0960,550
63.9456,742.3100,550
63.9470,734.8635,550
63.9481,743.8232,550
63.9493,735.9147,550
63.9505,741.3924,550
63.9522,753.0312,550
63.9586,746.1222,550
63.9600,731.8403,550
63.9640,727.8544,550
63.9645,731.5969,550
63.9650,735.5428,550
63.9651,735.5029,550
63.9674,732.5637,550
63.9677,737.9313,550
63.9687,739.0996,550
63.9713,733.9542,550
63.9790,734.7425,550
63.9830,738.9905,550
63.9859,735.5746,550
63.9861,739.9719,550
63.9869,732.0887,550
63.9888,732.7089,550
63.9931,732.8010,550
63.9965,725.5175,550
63.9993,743.6589,550
63.9995,735.5350,550
64.0006,731.2168,550
64.0035,727.5811,550
64.0051,741.8550,550
64.0052,734.1722,550
64.0052,742.8823,550
64.0074,736.4645,550
64.0079,736.0388,550
64.0080,738.2257,550
64.0088,746.9087,550
64.0142,732.7873,550
64.0143,736.9837,550
64.0153,737.3786,550
64.0157,745.6926,550
64.0168,741.4494,550
64.0174,743.0621,550
64.0178,768.7139,550
64.0201,744.3576,550
64.0202,746.0872,550
64.0203,747.1644,550
64.0213,743.3661,550
64.0221,758.7166,550
64.0229,745.7562,550
64.0258,755.3935,550
64.0266,755.3275,550
64.0278,737.1835,550
64.0278,754.9138,550
64.0299,754.3783,550
64.0306,756.2831,550
64.0373,749.9775,550
64.0378,752.4505,550
64.0379,746.2676,550
64.0394,759.6518,550
64.0395,769.8588,550
64.0402,758.7659,550
64.0429,755.4177,550
64.0430,760.1370,550
64.0440,767.0370,550
64.0441,772.2644,550
64.0488,767.6494,550
64.0533,761.2305,550
64.0534,765.7478,550
64.0540,760.0179,550
64.0541,767.0562,550
64.0569,772.7499,550
64.0577,762.1255,550
64.0602,764.6269,550
64.0609,763.4487,550
64.0618,759.4098,550
64.0618,773.1569,550
64.0690,758.4074,550
64.0690,769.2942,550
64.0727,761.9579,550
64.0744,761.1838,550
64.0797,766.3499,550
64.0798,758.4848,550
64.0811,765.0238,550
64.0819,762.3000,550
64.0832,762.6763,550
64.0838,772.9158,550
64.0844,765.5600,550
64.0845,769.5615,550
64.0897,768.8831,550
64.0904,763.6165,550
64.0983,758.4431,550
64.0988,761.2309,550
64.0989,767.7986,550
64.0997,762.9974,550
64.1005,762.4061,550
64.1014,766.2695,550
64.1040,777.2643,550
64.1059,772.7577,550
64.1060,767.2891,550
64.1069,766.9101,550
64.1070,785.8360,550
64.1107,776.3380,550
64.1199,761.9616,550
64.1224,761.7178,550
64.1245,763.8253,550
64.1246,762.7979,550
64.1274,767.7720,550
64.1301,762.7288,550
64.1359,756.9974,550
64.1366,758.5516,550
64.1388,759.2307,550
64.1395,774.3922,550
64.1408,761.0488,550
64.1408,771.8209,550
64.1437,768.9199,550
64.1437,767.0938,550
64.1453,764.6217,550
64.1458,767.9747,550
64.1488,758.9199,550
64.1498,769.5413,550
64.1547,763.8454,550
64.1597,774.4887,550
64.1643,758.2748,550
64.1732,755.1908,550
64.1733,752.7377,550
64.1740,751.9226,550
64.1740,759.0617,550
64.1761,758.8666,550
64.1790,757.5697,550
64.1809,756.3891,550
64.1827,759.5387,550
64.1834,763.9247,550
64.1838,750.8950,550
64.1843,760.1908,550
64.1880,761.6717,550
64.1907,757.1483,550
64.1908,764.6650,550
64.1938,767.3925,550
64.1953,763.7063,550
64.1967,759.2815,550
64.1983,760.0479,550
64.1984,762.8541,550
64.1984,761.1395,550
64.2014,777.2368,550
64.2021,768.2623,550
64.2034,763.4171,550
64.2035,766.8464,550
64.2045,770.4480,550
64.2081,770.5663,550
64.2082,771.4176,550
64.2096,779.0163,550
64.2105,771.7426,550
64.2105,771.7284,550
64.2186,766.4322,550
64.2197,765.3685,550
64.2203,775.5788,550
64.2210,767.0867,550
64.2221,778.7595,550
64.2264,765.5513,550
64.2278,776.6095,550
64.2288,780.2784,550
64.2313,776.1259,550
64.2324,763.5090,550
64.2333,784.8551,550
64.2333,806.8300,550
64.2338,787.9275,550
64.2339,783.6718,550
64.2362,774.0397,550
64.2399,777.5969,550
64.2400,781.1394,550
64.2411,779.4935,550
64.2429,791.8312,550
64.2431,771.1548,550
64.2479,776.9574,550
64.2492,775.6453,550
64.2500,784.8129,550
64.2529,778.2328,550
64.2560,784.7853,550
64.2561,786.3586,550
64.2624,776.5438,550
64.2660,771.8166,550
64.2669,772.6680,550
64.2669,775.5294,550
64.2678,789.7254,550
64.2694,776.5406,550
64.2700,777.0822,550
64.2702,784.1650,550
64.2719,782.5244,550
64.2746,779.3838,550
64.2746,782.2090,550
64.2750,791.1483,550
64.2793,781.7830,550
64.2804,777.8506,550
64.2842,782.0114,550
64.2883,777.8378,550
64.2896,782.1926,550
64.2900,781.1444,550
64.2901,781.1347,550
64.2906,784.8315,550
64.2952,782.0142,550
64.2957,793.5475,550
64.2998,780.0765,550
64.3027,812.7334,550
64.3037,775.6528,550
64.3044,779.3018,550
64.3044,788.9970,550
64.3054,780.5666,550
64.3060,789.9232,550
64.3060,787.3722,550
64.3086,784.2531,550
64.3118,787.6567,550
64.3134,789.5884,550
64.3135,789.4595,550
64.3145,786.0290,550
64.3257,780.6916,550
64.3266,781.4380,550
64.3315,778.9795,550
64.3364,775.6300,550
64.3432,772.1874,550
64.3435,778.2820,550
64.3446,766.5825,550
64.3461,771.5257,550
64.3466,783.4656,550
64.3526,771.4159,550
64.3561,771.0595,550
64.3562,771.8617,550
64.3579,782.8703,550
64.3590,775.7451,550
64.3591,772.1703,550
64.3618,772.9971,550
64.3625,772.0710,550
64.3647,776.0699,550
64.3690,771.1235,550
64.3756,772.3374,550
64.3757,764.4482,550
64.3776,770.3444,550
64.3777,777.0885,550
64.3777,778.2875,550
64.3777,770.1533,550
64.3793,782.6593,550
64.3822,786.5232,550
64.3823,781.8143,550
64.3859,775.0868,550
64.3983,759.8243,550
64.3999,770.5017,550
64.4003,768.3756,550
64.4065,762.1881,550
64.4071,770.8962,550
64.4120,756.7519,550
64.4120,766.5792,550
64.4124,764.7022,550
64.4137,775.2267,550
64.4138,769.2422,550
64.4278,755.2166,550
64.4301,757.9288,550
64.4333,754.7628,550
64.4344,755.2611,550
64.4348,757.1682,550
64.4355,758.4976,550
64.4362,769.3582,550
64.4369,761.7563,550
64.4374,771.0880,550
64.4378,760.1999,550
64.4401,759.0381,550
64.4401,762.5512,550
64.4422,777.8829,550
64.4430,770.3851,550
64.4440,764.5316,550
64.4503,766.4957,550
64.4516,765.1440,550
64.4524,776.6989,550
64.4540,766.2798,550
64.4560,764.3000,550
64.4572,765.7459,550
64.4580,776.1853,550
64.4587,766.8019,550
64.4590,757.2291,550
64.4611,768.2302,550
64.4637,770.4288,550
64.4644,769.4449,550
64.4653,772.8928,550
64.4693,782.0843,550
64.4703,770.6255,550
64.4709,784.0185,550
64.4716,782.2850,550
64.4760,772.4259,550
64.4761,773.4915,550
64.4822,781.0592,550
64.4830,776.8427,550
64.4854,780.8410,550
64.4860,771.9263,550
64.4887,766.2471,550
64.4892,771.0986,550
64.4898,774.3598,550
64.4915,784.7632,550
64.4917,772.5440,550
64.4917,776.7400,550
64.4976,772.4828,550
64.4994,769.0306,550
64.4995,779.5575,550
64.4995,788.2925,550
64.5001,784.1407,550
64.5006,775.6634,550
64.5007,787.6103,550
64.5053,786.8907,550
64.5060,782.4790,550
64.5061,783.1168,550
64.5092,783.3603,550
64.5093,784.0050,550
64.5101,785.4624,550
64.5132,781.5212,550
64.5152,794.7531,550
64.5162,784.4235,550
64.5195,787.2210,550
64.5221,790.0653,550
64.5221,784.1780,550
64.5278,824.5762,550
64.5279,783.7073,550
64.5310,781.1779,550
64.5339,797.1819,550
64.5345,793.9376,550
64.5374,780.7247,550
64.5388,783.8286,550
64.5393,786.2080,550
64.5510,774.9727,550
64.5518,787.2275,550
64.5525,778.4575,550
64.5569,761.2864,550
64.5569,777.1098,550
64.5579,786.6226,550
64.5607,777.6873,550
64.5638,777.3726,550
64.5638,777.3102,550
64.5638,780.7971,550
64.5646,781.1278,550
64.5662,781.7723,550
64.5695,789.4199,550
64.5704,782.4039,550
64.5705,782.6525,550
64.5706,791.4933,550
64.5736,819.1610,550
64.5736,782.0841,550
64.5764,790.9183,550
64.5765,782.5015,550
64.5786,787.4218,550
64.5814,781.3480,550
64.5834,790.2365,550
64.5834,783.8139,550
64.5839,799.2113,550
64.5919,784.3744,550
64.5938,786.1655,550
64.6007,775.7149,550
64.6016,780.4214,550
64.6022,781.1619,550
64.6054,781.0013,550
64.6058,782.0755,550
64.6099,776.9093,550
64.6225,771.1784,550
64.6227,771.2033,550
64.6228,776.5788,550
64.6228,772.3399,550
64.6228,784.0708,550
64.6233,779.1222,550
64.6262,784.8019,550
64.6267,787.3171,550
64.6360,771.5121,550
64.6447,763.2478,550
64.6457,774.3324,550
64.6463,766.3133,550
64.6472,777.2980,550
64.6472,777.8510,550
64.6484,771.7148,550
64.6504,769.6186,550
64.6509,773.4911,550
64.6558,768.8434,550
64.6595,768.8203,550
64.6596,785.1716,550
64.6634,769.0446,550
64.6636,774.9529,550
64.6697,770.5303,550
64.6697,768.8501,550
64.6705,769.5582,550
64.6727,775.2955,550
64.6728,771.6611,550
64.6731,776.2611,550
64.6777,770.3312,550
64.6806,767.4414,550
64.6823,768.6097,550
64.6915,762.9581,550
64.6926,774.7309,550
64.6934,776.7183,550
64.6956,763.6878,550
64.6975,764.2143,550
64.6992,772.1863,550
64.7006,750.6804,550
64.7015,774.0666,550
64.7021,768.5022,550
64.7030,775.0315,550
64.7039,774.1390,550
64.7061,768.1707,550
64.7062,778.1822,550
64.7070,780.1815,550
64.7081,774.2932,550
64.7136,773.5628,550
64.7202,766.9517,550
64.7243,762.8553,550
64.7244,767.7743,550
64.7272,765.0228,550
64.7277,769.2766,550
64.7303,772.8364,550
64.7341,769.1158,550
64.7371,768.8230,550
64.7382,771.6605,550
64.7386,766.2107,550
64.7423,763.6045,550
64.7423,769.2808,550
64.7451,774.2437,550
64.7467,763.1010,550
64.7471,768.0761,550
64.7472,768.9313,550
64.7489,781.2148,550
64.7516,799.3174,550
64.7538,779.4532,550
64.7540,784.7266,550
64.7549,774.6788,550
64.7578,771.7581,550
64.7613,769.8131,550
64.7642,774.4986,550
64.7642,769.0654,550
64.7680,771.6501,550
64.7711,775.6758,550
64.7724,774.4336,550
64.7728,769.5172,550
64.7770,767.2623,550
64.7799,766.8600,550
64.7800,774.4565,550
64.7811,770.3402,550
64.7860,760.8146,550
64.7888,769.2099,550
64.7889,772.2483,550
64.7946,763.4239,550
64.7947,763.3580,550
64.7947,766.4529,550
64.7976,775.1493,550
64.7976,777.3777,550
64.8033,760.8041,550
64.8063,751.1502,550
64.8065,771.4754,550
64.8085,765.6896,550
64.8128,762.2171,550
64.8128,765.1303,550
64.8203,769.7815,550
64.8214,761.1419,550
64.8239,758.6446,550
64.8295,756.9651,550
64.8354,754.6746,550
64.8404,762.3214,550
64.8406,762.9702,550
64.8406,762.9399,550
64.8435,747.7720,550
64.8445,757.7939,550
64.8450,754.1252,550
64.8474,754.8805,550
64.8476,756.5808,550
64.8484,755.1527,550
64.8494,768.5702,550
64.8500,767.4236,550
64.8531,757.7706,550
64.8559,758.5755,550
64.8578,765.8175,550
64.8585,768.8753,550
64.8587,764.8753,550
64.8595,759.4492,550
64.8602,763.8704,550
64.8602,751.3583,550
64.8620,765.3730,550
64.8632,767.3724,550
64.8716,760.9919,550
64.8718,762.4340,550
64.8724,761.2722,550
64.8732,774.0962,550
64.8741,767.4219,550
64.8779,773.1558,550
64.8779,766.6482,550
64.8780,769.3473,550
64.8819,765.3677,550
64.8856,761.7489,550
64.8873,772.3558,550
64.8874,767.2644,550
64.8886,770.2904,550
64.8892,768.7134,550
64.8916,782.5779,550
64.9006,759.0655,550
64.9071,752.5676,550
64.9079,757.0696,550
64.9086,760.1367,550
64.9086,791.6404,550
64.9087,775.6414,550
64.9100,774.3365,550
64.9125,761.6998,550
64.9126,765.1998,550
64.9133,760.8820,550
64.9142,769.5092,550
64.9152,768.5589,550
64.9194,776.0040,550
64.9220,764.5705,550
64.9221,777.5191,550
64.9248,800.5872,550
64.9299,765.5338,550
64.9336,761.8197,550
64.9369,762.6492,550
64.9414,758.8883,550
64.9468,763.9505,550
64.9494,754.8699,550
64.9496,759.3585,550
64.9515,759.6582,550
64.9535,760.1737,550
64.9540,757.8347,550
64.9554,767.7141,550
64.9582,765.9946,550
64.9589,760.8749,550
64.9590,767.3024,550
64.9602,756.4891,550
64.9633,760.6005,550
64.9634,756.4000,550
64.9635,768.1257,550
64.9635,778.1653,550
64.9658,766.1445,550
64.9659,767.9675,550
64.9667,770.4671,550
64.9687,769.3553,550
64.9688,782.2738,550
64.9693,781.5510,550
64.9738,770.3011,550
64.9739,773.4266,550
64.9752,776.5320,550
64.9770,771.3253,550
64.9772,821.9483,550
64.9779,784.2708,550
64.9809,789.6807,550
64.9818,780.3280,550
64.9845,776.2070,550
64.9870,784.4776,550
64.9877,780.2139,550
64.9880,782.6113,550
64.9910,792.6638,550
64.9910,776.8375,550
64.9914,780.9523,550
64.9939,781.7761,550
64.9956,788.0279,550
64.9968,781.6855,550
64.9991,789.0165,550
64.9992,784.4901,550
65.0020,781.7029,550
65.0029,782.9912,550
65.0036,796.3319,550
65.0062,789.2088,550
65.0074,786.1017,550
65.0105,797.9313,550
65.0127,783.1038,550
65.0129,790.7775,550
65.0165,776.5742,550
65.0173,793.2113,550
65.0205,778.6295,550
65.0216,796.3728,550
65.0239,780.1988,550
65.0249,785.6807,550
65.0273,791.4210,550
65.0278,790.1847,550
65.0334,777.1232,550
65.0344,790.1215,550
65.0353,782.9930,550
65.0407,791.4406,550
65.0417,783.4764,550
65.0445,778.3979,550
65.0446,794.5709,550
65.0453,783.4345,550
65.0458,786.3318,550
65.0458,793.3504,550
65.0463,788.8669,550
65.0489,802.3056,550
65.0495,789.6414,550
65.0529,789.9260,550
65.0557,783.4841,550
65.0564,800.9190,550
65.0576,790.5815,550
65.0597,793.5633,550
65.0607,800.4264,550
65.0608,793.7977,550
65.0648,798.2028,550
65.0662,789.1613,550
65.0730,791.0181,550
65.0731,792.2455,550
65.0734,790.1148,550
65.0736,791.7532,550
65.0740,795.1031,550
65.0754,802.4869,550
65.0762,795.6719,550
65.0771,797.2666,550
65.0810,792.7833,550
65.0879,790.0279,550
65.0911,788.7431,550
65.0912,800.1559,550
65.0923,791.9851,550
65.0976,794.1712,550
65.0976,794.1012,550
65.0991,791.5658,550
65.1017,790.0228,550
65.1018,792.9928,550
65.1021,793.6884,550
65.1049,795.6133,550
65.1062,798.2190,550
65.1069,793.6112,550
65.1071,804.4535,550
65.1106,804.7702,550
65.1136,800.6940,550
65.1136,800.2629,550
65.1156,798.7360,550
65.1193,802.5720,550
65.1211,794.9162,550
65.1239,796.3823,550
65.1240,804.4859,550
65.1241,797.7519,550
65.1241,797.2087,550
65.1261,813.1925,550
65.1270,793.2688,550
65.1271,802.5013,550
65.1292,802.9100,550
65.1292,807.4946,550
65.1292,805.7450,550
65.1317,806.0539,550
65.1359,799.0887,550
65.1361,798.9282,550
65.1361,802.4331,550
65.1392,818.2669,550
65.1393,808.0266,550
65.1393,808.5804,550
65.1425,808.5159,550
65.1426,811.3652,550
65.1435,819.9935,550
65.1480,823.5183,550
65.1490,817.6009,550
65.1536,818.3797,550
65.1537,806.0409,550
65.1546,811.7144,550
65.1554,810.9970,550
65.1594,811.8144,550
65.1611,822.3383,550
65.1644,806.5400,550
65.1645,819.1297,550
65.1688,809.0020,550
65.1689,818.2057,550
65.1721,809.2273,550
65.1722,824.0945,550
65.1722,816.6888,550
65.1728,813.8457,550
65.1735,830.0155,550
65.1759,830.2758,550
65.1760,815.4467,550
65.1767,820.1836,550
65.1857,817.9861,550
65.1886,811.3848,550
65.1903,809.8249,550
65.1904,827.2344,550
65.1918,814.3437,550
65.1924,816.4859,550
65.1955,825.8166,550
65.1969,819.5059,550
65.1976,820.1036,550
65.2015,809.3949,550
65.2016,825.6931,550
65.2043,826.2845,550
65.2073,813.7256,550
65.2086,812.7569,550
65.2091,813.4874,550
65.2092,822.1170,550
65.2121,818.4840,550
65.2161,822.7531,550
65.2219,812.2061,550
65.2219,822.6719,550
65.2226,816.9470,550
65.2249,825.4882,550
65.2278,815.9220,550
65.2278,819.4303,550
65.2282,818.4492,550
65.2309,821.9196,550
65.2328,817.6196,550
65.2368,813.6052,550
65.2374,815.3089,550
65.2399,819.2275,550
65.2410,817.3188,550
65.2427,815.6642,550
65.2428,818.8694,550
65.2428,821.6226,550
65.2433,824.2603,550
65.2485,831.2689,550
65.2497,833.8595,550
65.2506,820.1074,550
65.2506,816.6150,550
65.2506,826.1390,550
65.2542,835.9870,550
65.2571,822.6748,550
65.2591,820.5416,550
65.2595,833.7563,550
65.2633,826.5740,550
65.2646,821.6431,550
65.2663,828.7470,550
65.2663,826.9442,550
65.2682,824.9865,550
65.2687,825.6613,550
65.2687,839.3045,550
65.2716,836.7087,550
65.2719,836.4411,550
65.2725,830.9630,550
65.2775,827.3260,550
65.2776,824.8725,550
65.2783,832.9680,550
65.2784,844.8267,550
65.2826,842.6890,550
65.2836,829.1723,550
65.2865,840.6928,550
65.2876,835.6267,550
65.2904,928.4859,550
65.2914,846.6800,550
65.2914,834.8773,550
65.2918,831.1909,550
65.2928,846.0497,550
65.2935,836.6883,550
65.3009,835.5191,550
65.3013,837.4873,550
65.3014,836.7721,550
65.3021,834.3644,550
65.3052,837.0698,550
65.3053,838.7955,550
65.3053,843.1767,550
65.3063,852.8763,550
65.3095,844.4507,550
65.3096,849.9539,550
65.3105,843.3976,550
65.3110,843.0159,550
65.3149,849.8935,550
65.3155,856.2661,550
65.3179,847.1375,550
65.3276,843.3728,550
65.3300,835.0968,550
65.3300,841.0082,550
65.3300,826.1747,550
65.3327,837.4333,550
65.3329,842.2033,550
65.3335,842.0009,550
65.3357,842.6539,550
65.3436,848.9525,550
65.3437,839.0810,550
65.3441,850.5280,550
65.3513,834.8910,550
65.3514,836.9960,550
65.3555,833.0168,550
65.3611,828.4433,550
65.3621,835.5993,550
65.3621,833.9432,550
65.3667,843.4177,550
65.3719,835.5086,550
65.3720,828.5458,550
65.3751,829.3415,550
65.3755,828.8899,550
65.3814,828.7166,550
65.3851,839.2151,550
65.3852,824.9589,550
65.3852,835.3088,550
65.3867,829.1846,550
65.3927,839.2727,550
65.3928,830.9210,550
65.3928,839.1522,550
65.3931,833.7311,550
65.3952,837.4546,550
65.3980,838.5321,550
65.3990,831.6036,550
65.4015,835.5183,550
65.4016,832.4115,550
65.4062,857.5286,550
65.4062,834.9249,550
65.4062,835.9811,550
65.4110,841.5324,550
65.4129,831.2203,550
65.4136,843.4861,550
65.4144,842.0102,550
65.4169,834.8822,550
65.4194,831.5035,550
65.4237,827.2242,550
65.4268,832.8291,550
65.4315,824.8633,550
65.4315,828.7449,550
65.4327,856.1131,550
65.4383,825.8394,550
65.4433,829.5195,550
65.4434,837.8292,550
65.4444,834.4416,550
65.4474,825.3772,550
65.4492,827.8130,550
65.4532,823.8480,550
65.4546,829.7256,550
65.4573,823.9778,550
65.4632,844.8855,550
65.4637,828.6102,550
65.4661,822.2419,550
65.4662,819.3026,550
65.4691,823.1610,550
65.4707,815.5792,550
65.4732,827.0872,550
65.4739,829.2337,550
65.4748,827.0980,550
65.4783,824.8550,550
65.4812,829.2170,550
65.4825,820.1296,550
65.4841,829.9577,550
65.4873,823.1689,550
65.4882,824.9104,550
65.4949,827.8218,550
65.4998,808.2408,550
65.4999,813.2337,550
65.5037,810.8105,550
65.5044,818.3892,550
65.5055,821.4276,550
65.5066,817.0974,550
65.5097,819.2113,550
65.5098,860.5575,550
65.5108,818.1407,550
65.5116,828.9999,550
65.5142,827.7544,550
65.5148,835.1082,550
65.5180,827.8091,550
65.5181,835.3652,550
65.5223,819.7165,550
65.5224,823.3419,550
65.5228,837.3641,550
65.5252,820.5661,550
65.5253,825.0716,550
65.5285,827.8270,550
65.5350,818.9098,550
65.5369,820.7491,550
65.5380,822.1895,550
65.5413,818.8891,550
65.5425,819.7563,550
65.5434,829.6731,550
65.5434,829.6467,550
65.5443,822.6477,550
65.5457,824.6390,550
65.5461,826.2540,550
65.5532,819.8288,550
65.5533,822.7199,550
65.5541,822.4018,550
65.5565,834.4470,550
65.5574,821.0283,550
65.5580,832.9505,550
65.5583,828.7933,550
65.5586,825.7186,550
65.5595,860.0547,550
65.5628,828.1473,550
65.5629,828.0981,550
65.5641,841.5253,550
65.5642,842.8441,550
65.5642,835.8644,550
65.5686,831.0054,550
65.5720,832.1024,550
65.5767,839.5188,550
65.5793,828.6109,550
65.5817,835.3657,550
65.5852,821.8604,550
65.5882,833.0606,550
65.5883,828.3147,550
65.5913,828.3259,550
65.5930,831.2746,550
65.5938,827.9941,550
65.6010,820.2361,550
65.6026,821.6677,550
65.6044,826.7521,550
65.6104,813.8077,550
65.6128,822.8077,550
65.6139,845.2761,550
65.6140,821.5922,550
65.6174,817.6927,550
65.6184,834.6414,550
65.6229,825.8628,550
65.6230,850.4433,550
65.6230,829.3081,550
65.6230,825.7723,550
65.6257,819.3585,550
65.6284,830.7860,550
65.6320,814.6818,550
65.6332,822.9512,550
65.6337,827.7935,550
65.6362,828.4328,550
65.6376,820.9572,550
65.6385,833.6821,550
65.6409,821.6156,550
65.6463,825.0015,550
65.6473,817.6266,550
65.6528,824.6467,550
65.6641,808.1659,550
65.6642,820.0523,550
65.6642,813.2587,550
65.6642,812.8007,550
65.6704,817.5033,550
65.6704,813.7429,550
65.6713,816.6857,550
65.6721,813.1720,550
65.6742,845.8045,550
65.6751,817.3963,550
65.6762,818.2461,550
65.6795,827.8616,550
65.6796,821.2271,550
65.6806,830.5942,550
65.6833,820.6860,550
65.6837,820.6391,550
65.6868,820.1637,550
65.6876,819.3726,550
65.6877,830.2035,550
65.6912,819.9477,550
65.6982,815.2719,550
65.6982,822.1794,550
65.6993,826.6490,550
65.7005,819.9294,550
65.7005,823.0522,550
65.7029,829.7548,550
65.7080,822.1919,550
65.7092,822.0050,550
65.7111,818.4934,550
65.7146,815.6946,550
65.7147,823.0401,550
65.7162,824.4783,550
65.7163,831.0749,550
65.7187,822.0444,550
65.7194,822.0291,550
65.7215,821.9126,550
65.7216,839.3213,550
65.7251,824.6145,550
65.7257,835.6084,550
65.7303,819.4353,550
65.7304,823.7313,550
65.7324,825.7371,550
65.7331,831.3374,550
65.7339,830.5598,550
65.7379,830.8515,550
65.7400,823.7239,550
65.7436,856.4481,550
65.7460,816.7778,550
65.7501,823.7865,550
65.7510,821.6719,550
65.7567,817.1943,550
65.7590,816.5036,550
65.7591,817.5924,550
65.7591,826.5872,550
65.7607,846.9359,550
65.7630,826.2542,550
65.7651,821.1359,550
65.7655,830.6371,550
65.7697,828.8202,550
65.7716,832.9272,550
65.7717,822.4627,550
65.7723,823.7867,550
65.7748,822.9873,550
65.7749,822.0807,550
65.7767,824.3688,550
65.7768,829.5696,550
65.7784,827.9903,550
65.7819,825.1568,550
65.7848,827.5321,550
65.7865,830.3103,550
65.7866,830.2315,550
65.7866,829.4377,550
65.7874,830.3035,550
65.7878,829.9725,550
65.7906,832.8123,550
65.7910,832.7300,550
65.7914,843.3968,550
65.7934,843.2867,550
65.7936,837.0008,550
65.7940,833.3254,550
65.7948,844.8065,550
65.7976,837.1855,550
65.7978,837.8215,550
65.7979,845.7613,550
65.8026,844.3214,550
65.8041,837.4982,550
65.8042,847.1299,550
65.8097,841.6623,550
65.8104,839.2079,550
65.8114,840.6056,550
65.8115,839.0665,550
65.8163,850.5843,550
65.8164,842.9282,550
65.8186,841.5103,550
65.8213,855.8027,550
65.8218,845.5769,550
65.8227,844.6900,550
65.8240,847.3271,550
65.8351,832.3397,550
65.8433,837.0944,550
65.8455,825.8362,550
65.8465,830.7958,550
65.8466,830.7005,550
65.8499,842.3023,550
65.8499,832.5806,550
65.8532,831.3192,550
65.8544,834.9922,550
65.8546,829.4912,550
65.8568,832.6693,550
65.8570,829.1956,550
65.8603,834.6834,550
65.8604,848.8897,550
65.8604,836.1738,550
65.8623,836.3572,550
65.8641,837.7887,550
65.8686,835.1657,550
65.8688,837.8112,550
65.8709,829.5305,550
65.8710,841.7172,550
65.8717,837.4958,550
65.8744,842.1162,550
65.8781,837.9870,550
65.8790,847.7517,550
65.8841,835.6822,550
65.8859,839.2300,550
65.8859,846.1078,550
65.8865,839.5739,550
65.8890,837.8029,550
65.8891,842.9704,550
65.8909,845.1595,550
65.8920,841.4585,550
65.8921,846.9595,550
65.9030,839.8864,550
65.9059,840.8329,550
65.9098,833.1610,550
65.9107,843.4764,550
65.9193,836.6156,550
65.9242,821.3806,550
65.9275,826.7427,550
65.9283,825.8979,550
65.9324,820.6674,550
65.9361,829.4970,550
65.9361,821.6419,550
65.9394,834.5404,550
65.9399,826.2291,550
65.9399,823.4452,550
65.9462,833.8159,550
65.9463,819.8575,550
65.9473,822.5508,550
65.9498,824.0772,550
65.9501,824.6209,550
65.9501,823.8072,550
65.9501,825.4541,550
65.9501,837.6548,550
65.9528,829.3507,550
65.9544,829.8540,550
65.9569,835.7578,550
65.9576,829.0502,550
65.9583,817.2274,550
65.9622,834.9652,550
65.9655,831.7330,550
65.9663,830.9490,550
65.9712,825.9769,550
65.9723,836.4541,550
65.9726,833.9916,550
65.9726,829.4890,550
65.9791,833.4223,550
65.9792,828.0687,550
65.9797,833.7013,550
65.9807,827.1332,550
65.9813,844.3948,550
65.9831,833.0214,550
65.9862,842.4091,550
65.9862,841.6846,550
65.9879,845.3640,550
65.9885,867.9432,550
65.9928,835.7599,550
65.9929,843.4683,550
65.9950,836.9090,550
65.9952,836.4196,550
65.9990,843.2446,550
65.9992,833.3546,550
66.0005,841.1245,550
66.0048,835.6497,550
66.0078,834.4664,550
66.0079,837.5721,550
66.0084,837.5295,550
66.0127,834.8360,550
66.0128,837.8581,550
66.0129,824.5602,550
66.0205,832.5539,550
66.0222,838.8676,550
66.0264,839.8547,550
66.0265,842.7447,550
66.0294,840.3514,550
66.0298,836.4140,550
66.0305,832.9296,550
66.0316,837.6841,550
66.0322,837.8690,550
66.0331,844.9721,550
66.0336,845.1397,550
66.0396,841.3597,550
66.0467,831.3863,550
66.0517,827.5306,550
66.0518,835.9603,550
66.0534,826.7671,550
66.0535,832.8529,550
66.0556,831.3115,550
66.0557,837.9112,550
66.0560,831.7695,550
66.0607,838.9616,550
66.0617,836.0278,550
66.0666,841.3651,550
66.0693,828.1307,550
66.0695,847.2752,550
66.0697,843.6396,550
66.0732,839.1727,550
66.0742,833.8350,550
66.0742,850.2610,550
66.0781,834.2375,550
66.0811,832.1792,550
66.0822,842.3059,550
66.0863,869.2421,550
66.0894,828.9293,550
66.0920,816.0067,550
66.0921,835.2885,550
66.0928,834.3533,550
66.0931,843.2530,550
66.0977,829.7536,550
66.0998,832.5797,550
66.0999,843.7250,550
66.1006,843.0444,550
66.1034,828.1334,550
66.1041,850.7241,550
66.1045,834.4625,550
66.1048,838.8931,550
66.1111,832.5912,550
66.1116,833.1637,550
66.1120,846.3759,550
66.1151,845.1594,550
66.1163,838.6037,550
66.1189,840.4029,550
66.1212,839.8804,550
66.1212,845.4500,550
66.1212,849.6215,550
66.1222,841.0796,550
66.1231,838.5721,550
66.1239,852.7087,550
66.1248,845.5061,550
66.1290,841.2634,550
66.1330,826.3701,550
66.1331,848.4872,550
66.1341,844.4418,550
66.1346,846.5454,550
66.1359,846.6572,550
66.1370,844.5686,550
66.1373,851.2871,550
66.1395,863.2357,550
66.1414,847.5161,550
66.1414,851.2424,550
66.1414,885.4862,550
66.1433,852.2671,550
66.1438,880.8532,550
66.1463,856.8631,550
66.1473,858.1841,550
66.1486,858.9543,550
66.1533,860.1235,550
66.1537,838.9798,550
66.1537,841.9591,550
66.1589,855.0471,550
66.1612,866.1076,550
66.1613,863.4053,550
66.1622,852.2577,550
66.1630,859.5247,550
66.1644,857.9406,550
66.1697,857.2621,550
66.1706,864.9713,550
66.1716,861.5661,550
66.1741,852.2417,550
66.1745,861.3771,550
66.1746,861.1547,550
66.1769,862.1793,550
66.1785,846.3671,550
66.1818,857.5337,550
66.1844,861.4306,550
66.1853,861.3553,550
66.1938,852.1936,550
66.1938,858.0697,550
66.1950,859.4077,550
66.1965,855.5678,550
66.1995,848.1679,550
66.2033,853.1183,550
66.2069,855.1493,550
66.2072,859.9041,550
66.2093,857.8386,550
66.2094,855.0063,550
66.2104,852.5373,550
66.2112,857.0342,550
66.2149,855.2152,550
66.2150,854.3000,550
66.2169,864.0759,550
66.2170,858.0362,550
66.2184,856.4954,550
66.2184,877.4766,550
66.2194,858.6405,550
66.2218,900.0860,550
66.2219,877.8983,550
66.2257,866.2561,550
66.2258,865.0452,550
66.2307,860.1288,550
66.2313,872.4803,550
66.2325,863.3758,550
66.2331,906.4916,550
66.2336,866.2131,550
66.2368,873.5545,550
66.2394,870.5717,550
66.2400,877.6073,550
66.2411,874.9648,550
66.2416,868.7457,550
66.2419,885.4535,550
66.2452,910.9741,550
66.2453,868.6748,550
66.2461,875.7476,550
66.2494,878.3459,550
66.2498,876.6638,550
66.2505,882.0119,550
66.2527,877.8681,550
66.2547,873.5656,550
66.2565,880.7916,550
66.2694,861.9410,550
66.2768,889.5562,550
66.2769,860.8524,550
66.2777,864.0858,550
66.2796,859.9571,550
66.2861,866.8021,550
66.2870,865.2222,550
66.2904,861.1500,550
66.2906,861.6732,550
66.2923,863.2620,550
66.3016,849.2697,550
66.3059,848.9873,550
66.3067,846.1892,550
66.3076,857.4453,550
66.3119,851.1308,550
66.3170,850.0702,550
66.3171,848.6882,550
66.3209,848.2669,550
66.3220,850.9805,550
66.3232,891.3577,550
66.3242,851.9292,550
66.3255,859.7354,550
66.3321,852.5021,550
66.3322,839.5295,550
66.3323,844.4762,550
66.3344,852.0152,550
66.3346,846.2196,550
66.3346,854.2126,550
66.3357,895.7309,550
66.3365,853.1903,550
66.3407,847.5924,550
66.3420,856.6304,550
66.3483,847.8059,550
66.3559,843.6307,550
66.3567,842.8488,550
66.3594,836.7170,550
66.3594,847.9319,550
66.3612,846.9914,550
66.3682,841.7735,550
66.3766,833.4004,550
66.3800,834.6331,550
66.3801,839.3225,550
66.3807,834.7514,550
66.3858,817.7352,550
66.3863,833.0738,550
66.3891,832.9962,550
66.3898,835.2777,550
66.3947,817.6587,550
66.3948,832.5017,550
66.3964,833.8249,550
66.3980,842.5890,550
66.4056,827.6770,550
66.4192,813.4361,550
66.4222,815.5138,550
66.4225,824.4751,550
66.4225,817.6203,550
66.4225,824.4564,550
66.4241,821.4381,550
66.4244,857.2993,550
66.4332,817.1335,550
66.4339,819.2328,550
66.4389,817.5864,550
66.4399,829.2041,550
66.4428,814.6245,550
66.4518,807.0414,550
66.4546,816.1623,550
66.4556,802.6690,550
66.4583,805.3663,550
66.4604,793.4214,550
66.4633,812.4996,550
66.4654,807.9140,550
66.4673,817.1526,550
66.4674,806.6117,550
66.4677,806.3337,550
66.4684,820.3774,550
66.4702,811.5436,550
66.4704,814.0444,550
66.4720,809.9239,550
66.4810,820.7767,550
66.4811,814.1098,550
66.4819,810.3583,550
66.4826,809.7169,550
66.4838,818.5680,550
66.4869,808.3861,550
66.4898,805.4244,550
66.4966,807.0282,550
66.4989,805.2926,550
66.5002,806.2458,550
66.5036,805.1249,550
66.5037,821.1933,550
66.5038,808.4321,550
66.5038,818.0652,550
66.5059,812.2682,550
66.5104,804.3489,550
66.5104,809.1549,550
66.5114,806.3907,550
66.5115,813.0351,550
66.5124,811.8840,550
66.5220,812.2717,550
66.5221,805.2118,550
66.5235,805.7778,550
66.5249,808.2770,550
66.5279,801.1818,550
66.5290,816.9957,550
66.5296,813.8659,550
66.5296,812.3881,550
66.5296,812.2888,550
66.5320,814.8334,550
66.5337,813.6379,550
66.5369,809.6909,550
66.5369,823.1192,550
66.5398,817.5618,550
66.5401,812.9859,550
66.5425,825.9724,550
66.5434,814.3035,550
66.5442,824.2120,550
66.5495,811.0428,550
66.5501,812.0678,550
66.5539,814.3783,550
66.5545,815.5783,550
66.5546,817.4499,550
66.5562,823.7495,550
66.5575,821.9544,550
66.5678,824.8473,550
66.5679,812.0084,550
66.5753,804.3509,550
66.5812,802.9065,550
66.5813,800.9463,550
66.5820,804.1951,550
66.5821,808.4956,550
66.5841,808.2626,550
66.5865,806.3244,550
66.5890,848.2814,550
66.5955,810.5852,550
66.5959,806.7510,550
66.5968,808.9876,550
66.5968,801.7610,550
66.5984,807.4489,550
66.5995,808.4757,550
66.6046,817.3062,550
66.6046,818.0332,550
66.6062,807.7169,550
66.6113,801.7236,550
66.6142,808.3986,550
66.6143,816.4848,550
66.6210,801.3151,550
66.6222,801.3253,550
66.6228,802.8839,550
66.6235,805.0096,550
66.6261,815.7650,550
66.6261,805.2876,550
66.6261,821.1159,550
66.6272,810.4835,550
66.6348,803.2431,550
66.6383,799.6670,550
66.6392,806.0052,550
66.6393,801.6111,550
66.6393,804.6210,550
66.6398,810.4640,550
66.6418,819.6771,550
66.6438,808.7136,550
66.6469,806.3924,550
66.6530,813.2812,550
66.6535,802.2303,550
66.6571,795.5723,550
66.6572,816.5778,550
66.6572,810.3829,550
66.6584,799.5841,550
66.6611,810.7160,550
66.6629,809.3396,550
66.6657,806.0065,550
66.6657,807.7279,550
66.6667,823.2638,550
66.6679,808.1389,550
66.6703,843.4439,550
66.6711,811.4689,550
66.6712,811.5473,550
66.6737,812.7930,550
66.6738,824.6723,550
66.6758,811.2723,550
66.6774,814.3671,550
66.6775,821.1110,550
66.6818,819.8462,550
66.6819,819.8822,550
66.6820,816.7247,550
66.6839,821.2314,550
66.6852,823.4220,550
66.6853,819.9321,550
66.6857,828.4049,550
66.6873,820.7436,550
66.6881,816.0729,550
66.6883,825.6856,550
66.6891,831.4286,550
66.6920,825.8785,550
66.6943,827.7306,550
66.6950,829.8344,550
66.6963,836.4693,550
66.6969,830.1448,550
66.6977,829.4752,550
66.6978,832.5050,550
66.6990,834.8683,550
66.7005,832.5028,550
66.7015,841.1368,550
66.7022,849.8280,550
66.7050,835.2671,550
66.7055,841.1040,550
66.7093,841.1377,550
66.7108,836.0483,550
66.7119,839.2414,550
66.7138,844.6766,550
66.7160,835.8841,550
66.7187,836.1042,550
66.7278,831.1360,550
66.7311,840.5747,550
66.7324,873.2418,550
66.7384,823.8968,550
66.7390,823.3446,550
66.7391,836.3081,550
66.7430,825.0924,550
66.7456,832.5674,550
66.7462,834.3305,550
66.7462,839.5140,550
66.7470,828.5277,550
66.7485,833.1819,550
66.7494,830.9743,550
66.7534,827.4612,550
66.7562,834.8127,550
66.7597,833.0580,550
66.7634,824.6677,550
66.7686,821.6803,550
66.7695,831.3690,550
66.7701,830.6742,550
66.7728,821.7902,550
66.7729,825.1564,550
66.7729,827.8278,550
66.7786,831.8885,550
66.7800,826.5915,550
66.7838,822.1925,550
66.7839,834.5135,550
66.7855,826.7418,550
66.7871,828.6579,550
66.7899,825.8742,550
66.7914,824.4194,550
66.7920,836.5009,550
66.7936,840.6781,550
66.7965,819.2223,550
66.8008,827.6858,550
66.8038,822.5289,550
66.8104,815.8997,550
66.8107,832.7319,550
66.8150,817.0950,550
66.8172,829.7056,550
66.8192,809.2249,550
66.8215,817.0152,550
66.8220,826.6986,550
66.8220,826.4862,550
66.8226,817.8675,550
66.8266,820.2781,550
66.8272,821.2965,550
66.8295,822.1196,550
66.8302,821.3942,550
66.8376,816.1842,550
66.8393,816.2831,550
66.8456,819.2256,550
66.8456,813.5942,550
66.8462,813.0269,550
66.8468,815.5545,550
66.8492,850.1672,550
66.8501,815.5269,550
66.8543,814.1150,550
66.8545,819.9186,550
66.8548,819.6210,550
66.8555,829.7664,550
66.8580,825.5337,550
66.8599,827.4343,550
66.8613,823.9304,550
66.8615,821.2111,550
66.8648,835.0428,550
66.8649,830.4937,550
66.8677,819.6586,550
66.8685,835.8638,550
66.8728,815.0711,550
66.8735,820.5178,550
66.8778,817.2432,550
66.8783,828.7090,550
66.8783,826.7042,550
66.8800,819.3991,550
66.8807,823.6737,550
66.8810,826.0600,550
66.8854,832.8531,550
66.8859,829.9725,550
66.8891,838.7042,550
66.8917,823.4968,550
66.8917,828.4946,550
66.8917,836.9073,550
66.8954,826.7593,550
66.8973,835.0374,550
66.8999,834.3271,550
66.9001,827.7216,550
66.9017,827.3469,550
66.9019,830.3726,550
66.9020,835.2756,550
66.9056,831.9404,550
66.9067,842.2772,550
66.9121,826.1916,550
66.9154,867.5791,550
66.9170,828.6163,550
66.9187,826.4235,550
66.9188,830.1263,550
66.9211,830.3625,550
66.9235,838.7591,550
66.9237,833.0327,550
66.9303,826.4476,550
66.9354,824.3719,550
66.9354,824.3151,550
66.9360,831.5606,550
66.9428,821.5195,550
66.9440,824.0694,550
66.9441,858.5492,550
66.9462,824.6687,550
66.9463,832.6822,550
66.9490,837.0622,550
66.9511,824.8783,550
66.9534,825.5803,550
66.9536,821.5886,550
66.9567,830.7939,550
66.9577,826.8858,550
66.9611,824.9480,550
66.9612,833.0543,550
66.9658,825.0313,550
66.9660,828.2654,550
66.9710,827.7702,550
66.9735,820.7724,550
66.9756,822.3640,550
66.9757,833.1631,550
66.9757,826.5065,550
66.9762,829.0599,550
66.9764,829.1754,550
66.9798,828.5135,550
66.9799,831.4769,550
66.9799,832.1089,550
66.9819,826.9526,550
66.9844,833.9648,550
66.9846,834.2867,550
66.9857,844.2367,550
66.9861,840.6408,550
66.9877,844.0860,550
66.9877,839.4550,550
66.9884,837.9930,550
66.9916,839.1171,550
66.9917,842.0380,550
66.9928,847.6485,550
66.9938,850.4315,550
66.9947,842.9650,550
66.9948,850.2158,550
67.0050,838.5488,550
67.0068,841.8529,550
67.0074,831.6843,550
67.0075,844.4232,550
67.0124,839.5855,550
67.0124,852.4477,550
67.0124,853.0621,550
67.0125,845.5783,550
67.0131,845.1792,550
67.0200,838.2184,550
67.0252,844.1772,550
67.0270,837.4196,550
67.0270,842.9438,550
67.0270,853.2358,550
67.0288,849.1262,550
67.0294,843.7782,550
67.0295,851.4310,550
67.0325,845.4673,550
67.0325,859.8088,550
67.0393,840.9821,550
67.0429,851.4650,550
67.0430,838.4302,550
67.0458,842.4807,550
67.0470,835.7991,550
67.0509,842.1679,550
67.0510,837.2950,550
67.0558,837.8016,550
67.0577,841.7135,550
67.0611,822.0430,550
67.0612,838.6564,550
67.0691,833.6662,550
67.0704,835.4637,550
67.0709,834.9493,550
67.0720,850.2026,550
67.0721,850.8394,550
67.0745,838.8498,550
67.0746,837.8362,550
67.0772,835.3969,550
67.0783,837.4205,550
67.0806,839.8752,550
67.0815,840.1204,550
67.0824,836.7669,550
67.0833,835.2129,550
67.0871,855.8534,550
67.0894,841.9662,550
67.0921,849.9319,550
67.0951,836.7277,550
67.0952,842.9155,550
67.0975,849.2328,550
67.0976,840.5353,550
67.0979,837.7040,550
67.0992,844.4020,550
67.1024,843.1121,550
67.1088,835.6495,550
67.1138,844.3396,550
67.1143,849.4881,550
67.1163,831.1759,550
67.1218,831.7956,550
67.1219,871.1818,550
67.1264,833.8507,550
67.1272,833.0474,550
67.1309,840.6652,550
67.1370,831.2451,550
67.1378,843.6623,550
67.1385,830.0554,550
67.1452,826.5619,550
67.1453,829.3769,550
67.1453,830.1699,550
67.1491,832.6468,550
67.1492,834.8446,550
67.1499,832.0539,550
67.1511,830.9847,550
67.1518,830.6955,550
67.1579,836.9140,550
67.1600,829.3663,550
67.1639,838.4179,550
67.1676,826.1610,550
67.1677,836.7805,550
67.1707,835.0002,550
67.1764,822.7749,550
67.1826,818.7068,550
67.1850,816.8472,550
67.1851,820.5542,550
67.1875,820.6570,550
67.1913,828.1839,550
67.1976,816.3239,550
67.1983,827.6040,550
67.2003,816.9709,550
67.2011,810.4974,550
67.2011,818.8946,550
67.2014,818.1233,550
67.2021,818.6166,550
67.2071,825.9868,550
67.2072,827.7761,550
67.2072,849.4295,550
67.2072,829.9529,550
67.2084,835.3925,550
67.2113,825.8884,550
67.2114,837.0438,550
67.2135,825.0484,550
67.2175,830.3413,550
67.2176,820.9248,550
67.2176,832.3928,550
67.2187,837.9781,550
67.2223,826.2119,550
67.2224,840.3592,550
67.2226,840.1216,550
67.2264,832.3787,550
67.2265,830.9654,550
67.2265,844.0447,550
67.2274,834.6575,550
67.2295,847.1248,550
67.2306,835.4106,550
67.2361,829.8818,550
67.2391,842.3998,550
67.2397,830.8758,550
67.2420,832.4169,550
67.2421,832.8814,550
67.2456,841.2230,550
67.2458,838.3967,550
67.2488,835.7042,550
67.2490,835.1685,550
67.2498,841.0156,550
67.2519,840.0712,550
67.2550,835.2443,550
67.2567,839.2240,550
67.2580,844.0188,550
67.2596,840.6197,550
67.2601,830.6831,550
67.2638,833.2722,550
67.2660,839.8939,550
67.2661,842.7972,550
67.2681,838.0935,550
67.2682,846.8677,550
67.2682,841.2956,550
67.2687,843.3399,550
67.2688,843.2257,550
67.2688,848.7691,550
67.2699,871.4383,550
67.2699,854.8133,550
67.2723,860.7834,550
67.2770,846.9554,550
67.2774,857.4371,550
67.2799,859.6171,550
67.2829,851.2388,550
67.2830,863.7551,550
67.2970,837.4030,550
67.2972,838.0373,550
67.2981,841.4321,550
67.3002,846.8103,550
67.3004,834.5183,550
67.3004,843.3221,550
67.3027,845.0221,550
67.3027,852.9802,550
67.3080,842.8892,550
67.3097,849.7512,550
67.3128,841.8571,550
67.3141,843.8969,550
67.3170,846.2332,550
67.3182,840.4426,550
67.3183,839.2999,550
67.3183,851.9533,550
67.3206,843.3593,550
67.3207,849.0362,550
67.3211,857.4846,550
67.3237,857.6690,550
67.3238,857.3137,550
67.3238,852.0316,550
67.3266,851.4019,550
67.3314,850.3812,550
67.3334,847.6469,550
67.3363,850.2621,550
67.3370,849.4684,550
67.3377,848.5700,550
67.3402,854.3768,550
67.3403,852.4212,550
67.3412,853.4404,550
67.3451,864.5575,550
67.3454,853.3012,550
67.3454,862.6502,550
67.3454,857.0363,550
67.3462,857.4663,550
67.3473,866.3320,550
67.3490,865.3107,550
67.3500,866.8210,550
67.3501,861.6052,550
67.3519,872.8685,550
67.3519,862.8622,550
67.3519,866.1205,550
67.3548,865.9350,550
67.3549,873.2218,550
67.3549,872.1120,550
67.3558,874.5964,550
67.3590,865.7560,550
67.3619,871.7359,550
67.3646,964.6338,550
67.3655,878.0552,550
67.3658,863.4093,550
67.3718,865.6588,550
67.3787,862.1387,550
67.3788,869.8167,550
67.3788,869.8079,550
67.3819,849.1358,550
67.3837,864.3636,550
67.3896,863.2007,550
67.3897,865.8731,550
67.3924,856.2509,550
67.3954,857.2734,550
67.3976,861.7047,550
67.3995,859.7805,550
67.3996,867.6046,550
67.4015,862.3375,550
67.4045,866.1037,550
67.4052,862.0019,550
67.4083,864.9455,550
67.4084,864.1373,550
67.4089,872.2871,550
67.4102,874.8443,550
67.4122,876.7907,550
67.4131,875.8231,550
67.4152,867.0011,550
67.4170,876.5816,550
67.4191,875.1634,550
67.4216,876.9993,550
67.4235,862.8415,550
67.4299,874.5000,550
67.4312,863.0308,550
67.4312,866.5315,550
67.4330,865.6583,550
67.4340,866.9200,550
67.4363,865.4396,550
67.4378,869.4074,550
67.4384,868.7303,550
67.4385,871.6301,550
67.4412,868.9032,550
67.4432,870.0153,550
67.4442,897.7712,550
67.4443,872.6006,550
67.4454,871.4481,550
67.4489,865.3171,550
67.4491,870.5013,550
67.4520,872.4932,550
67.4530,882.9671,550
67.4530,875.6099,550
67.4552,876.7764,550
67.4553,889.0157,550
67.4553,879.8170,550
67.4570,892.5251,550
67.4589,877.0266,550
67.4631,878.7847,550
67.4654,873.4952,550
67.4671,885.1494,550
67.4702,874.9737,550
67.4704,884.9469,550
67.4714,876.6124,550
67.4720,883.2743,550
67.4751,894.3717,550
67.4752,886.8336,550
67.4784,887.0594,550
67.4799,882.0940,550
67.4837,876.2954,550
67.4844,877.5789,550
67.4888,877.3134,550
67.4910,875.0863,550
67.4921,881.1755,550
67.4921,879.7845,550
67.4978,883.4904,550
67.5014,878.9041,550
67.5032,884.9148,550
67.5040,884.2990,550
67.5046,876.7756,550
67.5049,890.5946,550
67.5055,883.6454,550
67.5059,892.8602,550
67.5071,891.5945,550
67.5072,890.0273,550
67.5089,902.8329,550
67.5095,893.4515,550
67.5110,900.6908,550
67.5131,902.7867,550
67.5143,889.1386,550
67.5172,898.2766,550
67.5177,888.0173,550
67.5322,873.8508,550
67.5323,870.6856,550
67.5323,886.9861,550
67.5369,878.9746,550
67.5389,880.4137,550
67.5390,876.9187,550
67.5419,885.3022,550
67.5456,884.2867,550
67.5458,876.8804,550
67.5472,880.0708,550
67.5540,880.8505,550
67.5586,868.6420,550
67.5611,873.2920,550
67.5659,868.4387,550
67.5682,880.2479,550
67.5708,875.6516,550
67.5720,875.5597,550
67.5737,871.6289,550
67.5738,870.9567,550
67.5751,873.9864,550
67.5759,884.6580,550
67.5798,869.8691,550
67.5799,870.5344,550
67.5799,859.5549,550
67.5811,882.9478,550
67.5835,877.0495,550
67.5837,874.6491,550
67.5837,882.8660,550
67.5876,916.8133,550
67.5876,888.6511,550
67.5897,885.0262,550
67.5898,892.1872,550
67.5898,879.9132,550
67.5908,897.1214,550
67.5915,884.1182,550
67.5916,887.0685,550
67.5967,879.4439,550
67.5968,896.8442,550
67.5976,886.2884,550
67.6004,894.6409,550
67.6027,898.0702,550
67.6027,887.5342,550
67.6046,882.8363,550
67.6095,877.9586,550
67.6146,894.6975,550
67.6258,872.4794,550
67.6282,877.8881,550
67.6283,871.6579,550
67.6334,870.7775,550
67.6335,876.5447,550
67.6338,870.6104,550
67.6338,880.2514,550
67.6365,887.5268,550
67.6366,879.6018,550
67.6366,879.3954,550
67.6378,878.1255,550
67.6379,891.0772,550
67.6379,884.1261,550
67.6387,919.3618,550
67.6387,890.3700,550
67.6420,897.4591,550
67.6481,881.1834,550
67.6531,884.0287,550
67.6531,891.6575,550
67.6549,874.0458,550
67.6549,880.4787,550
67.6568,885.6982,550
67.6568,895.1605,550
67.6573,897.5904,550
67.6579,885.7805,550
67.6620,886.7098,550
67.6640,894.2644,550
67.6640,885.3658,550
67.6646,892.8761,550
67.6673,891.8115,550
67.6674,901.1196,550
67.6784,881.3906,550
67.6796,882.2901,550
67.6813,887.2122,550
67.6864,864.8360,550
67.6902,885.4853,550
67.6903,879.1044,550
67.6911,892.0846,550
67.6931,888.8177,550
67.6940,879.0960,550
67.6941,897.4162,550
67.6941,879.0123,550
67.6950,899.7592,550
67.6957,887.5155,550
67.6958,884.2154,550
67.6990,895.6636,550
67.7063,885.4686,550
67.7069,894.2440,550
67.7077,900.6029,550
67.7078,896.6819,550
67.7087,895.1333,550
67.7098,890.8199,550
67.7106,886.9139,550
67.7133,893.0393,550
67.7150,898.1701,550
67.7151,888.8089,550
67.7193,884.6679,550
67.7194,890.1904,550
67.7272,894.4226,550
67.7286,889.4171,550
67.7291,897.8770,550
67.7291,902.4078,550
67.7308,892.0957,550
67.7316,906.7158,550
67.7326,894.0866,550
67.7365,889.1055,550
67.7365,894.2150,550
67.7373,894.2373,550
67.7396,903.9441,550
67.7397,896.4013,550
67.7438,899.8429,550
67.7443,895.6045,550
67.7486,895.0099,550
67.7486,900.2499,550
67.7505,888.8438,550
67.7505,898.1444,550
67.7511,897.7978,550
67.7513,903.4365,550
67.7535,902.5081,550
67.7559,900.0980,550
67.7609,901.3542,550
67.7610,901.7149,550
67.7610,915.6584,550
67.7631,908.5926,550
67.7639,942.1964,550
67.7663,906.2717,550
67.7663,910.6232,550
67.7668,918.8982,550
67.7669,907.2935,550
67.7674,909.2941,550
67.7744,916.1586,550
67.7745,916.3326,550
67.7746,922.0422,550
67.7746,908.7149,550
67.7778,908.1297,550
67.7780,913.3753,550
67.7795,907.0487,550
67.7841,908.2621,550
67.7863,908.1251,550
67.7866,910.0409,550
67.7870,920.1152,550
67.7901,911.0108,550
67.7944,914.2454,550
67.7984,906.5565,550
67.8009,901.3804,550
67.8010,918.0285,550
67.8044,901.6840,550
67.8045,908.0555,550
67.8045,913.6758,550
67.8079,908.9201,550
67.8080,911.7692,550
67.8108,922.6019,550
67.8175,907.3750,550
67.8198,910.2944,550
67.8199,905.7370,550
67.8238,911.3206,550
67.8247,914.3214,550
67.8249,910.1464,550
67.8293,905.7486,550
67.8306,908.0575,550
67.8307,917.9199,550
67.8378,908.6736,550
67.8392,895.8939,550
67.8400,899.0387,550
67.8473,904.7960,550
67.8483,900.0614,550
67.8543,892.5007,550
67.8566,908.2214,550
67.8586,897.5819,550
67.8586,896.4698,550
67.8593,905.9217,550
67.8594,897.4896,550
67.8624,901.3192,550
67.8634,887.9579,550
67.8647,912.0086,550
67.8660,899.2897,550
67.8660,903.4693,550
67.8680,904.1176,550
67.8690,898.0794,550
67.8691,921.1586,550
67.8699,913.0204,550
67.8701,911.4482,550
67.8760,906.3841,550
67.8762,912.3894,550
67.8762,912.8974,550
67.8775,911.5566,550
67.8810,909.2512,550
67.8823,922.0159,550
67.8829,918.7589,550
67.8830,908.9231,550
67.8868,911.7421,550
67.8870,912.7594,550
67.8879,912.5216,550
67.8907,913.6262,550
67.8922,916.1252,550
67.8978,917.1490,550
67.8979,911.8592,550
67.9025,906.5366,550
67.9061,908.0982,550
67.9095,911.9656,550
67.9119,918.6653,550
67.9119,914.2277,550
67.9125,918.9167,550
67.9176,914.2285,550
67.9186,906.6879,550
67.9197,905.5764,550
67.9198,916.8292,550
67.9211,916.0000,550
67.9212,914.1805,550
67.9261,910.5048,550
67.9305,901.0200,550
67.9306,914.9895,550
67.9330,913.5738,550
67.9331,912.3499,550
67.9331,905.6306,550
67.9332,920.7365,550
67.9339,916.1291,550
67.9354,931.4269,550
67.9368,926.2713,550
67.9383,915.5625,550
67.9416,910.4785,550
67.9416,922.3106,550
67.9451,921.7082,550
67.9468,910.9166,550
67.9475,919.3152,550
67.9496,911.1071,550
67.9508,916.8498,550
67.9509,920.6762,550
67.9536,919.6110,550
67.9673,911.5906,550
67.9674,907.1365,550
67.9742,904.6704,550
67.9742,910.8022,550
67.9742,918.6685,550
67.9749,905.2342,550
67.9769,915.9827,550
67.9772,915.1167,550
67.9798,908.5492,550
67.9800,918.8297,550
67.9800,920.4416,550
67.9800,918.8083,550
67.9809,918.7428,550
67.9816,927.5979,550
67.9845,921.6792,550
67.9854,917.9923,550
67.9887,920.4545,550
67.9933,916.7280,550
67.9934,916.5973,550
67.9946,919.4920,550
67.9951,918.9101,550
67.9957,926.1544,550
67.9974,935.4385,550
68.0004,926.5928,550
68.0006,926.0297,550
68.0017,937.4179,550
68.0017,925.7373,550
68.0017,934.7592,550
68.0033,929.4320,550
68.0073,911.9573,550
68.0080,931.1134,550
68.0102,940.5508,550
68.0103,938.2961,550
68.0103,916.5973,550
68.0111,932.1423,550
68.0114,956.0662,550
68.0124,939.0974,550
68.0133,933.7959,550
68.0164,934.2557,550
68.0165,932.1493,550
68.0177,960.6407,550
68.0184,953.7117,550
68.0184,948.2265,550
68.0184,950.7152,550
68.0193,948.5280,550
68.0206,951.4989,550
68.0216,946.7160,550
68.0220,949.8879,550
68.0290,949.4105,550
68.0291,949.2863,550
68.0381,947.7998,550
68.0390,939.4463,550
68.0400,950.2692,550
68.0440,937.4598,550
68.0480,937.1267,550
68.0481,937.8047,550
68.0487,932.7289,550
68.0493,982.8022,550
68.0517,940.4287,550
68.0530,937.2477,550
68.0571,946.7422,550
68.0607,940.9676,550
68.0624,949.4918,550
68.0625,938.4763,550
68.0630,938.6620,550
68.0648,941.7958,550
68.0653,943.0917,550
68.0658,946.0856,550
68.0658,946.0855,550
68.0693,953.3904,550
68.0723,943.7334,550
68.0724,942.7049,550
68.0724,947.3462,550
68.0746,954.1121,550
68.0757,947.8274,550
68.0758,961.4455,550
68.0768,946.0650,550
68.0803,948.3319,550
68.0809,955.8675,550
68.0891,944.5760,550
68.0906,946.0536,550
68.0947,943.3234,550
68.0949,944.7907,550
68.0953,944.3778,550
68.0964,953.1538,550
68.1005,949.0940,550
68.1006,958.4816,550
68.1033,946.8133,550
68.1034,954.2762,550
68.1056,954.0398,550
68.1113,954.8027,550
68.1142,939.9970,550
68.1162,944.3417,550
68.1164,946.3645,550
68.1176,941.4866,550
68.1177,940.8582,550
68.1177,950.9861,550
68.1177,952.8831,550
68.1201,952.5868,550
68.1230,954.6281,550
68.1241,950.4079,550
68.1273,960.9428,550
68.1283,950.2969,550
68.1314,961.5974,550
68.1315,956.1580,550
68.1315,998.6779,550
68.1333,970.9890,550
68.1344,969.4229,550
68.1344,958.0150,550
68.1349,958.9105,550
68.1351,961.9816,550
68.1391,945.4891,550
68.1414,958.6054,550
68.1416,962.6989,550
68.1416,962.6819,550
68.1416,965.2848,550
68.1427,976.1229,550
68.1428,965.1894,550
68.1462,970.2710,550
68.1462,980.9684,550
68.1473,967.2412,550
68.1474,974.8912,550
68.1506,977.2643,550
68.1512,971.0874,550
68.1519,970.4053,550
68.1539,982.7879,550
68.1545,977.9177,550
68.1548,972.3475,550
68.1548,988.6806,550
68.1568,982.6699,550
68.1615,984.6488,550
68.1616,982.5664,550
68.1616,978.1674,550
68.1621,977.7058,550
68.1640,992.6884,550
68.1652,988.1144,550
68.1652,980.3216,550
68.1655,981.1870,550
68.1659,987.3876,550
68.1688,1010.5897,550
68.1694,971.6818,550
68.1695,988.2862,550
68.1695,991.3710,550
68.1705,998.7112,550
68.1723,990.2657,550
68.1744,992.1811,550
68.1745,998.4413,550
68.1745,1006.3102,550
68.1750,1005.3108,550
68.1775,996.3494,550
68.1808,995.6875,550
68.1808,992.0660,550
68.1808,998.5560,550
68.1850,995.8382,550
68.1852,1003.8828,550
68.1889,1006.5532,550
68.1889,1000.1050,550
68.1889,1001.0391,550
68.1918,1012.8251,550
68.1977,991.3639,550
68.1978,998.1814,550
68.2006,997.5534,550
68.2008,1013.3469,550
68.2025,1013.3238,550
68.2043,1007.1787,550
68.2082,994.6875,550
68.2088,999.9169,550
68.2135,1000.0413,550
68.2159,996.1969,550
68.2165,995.6256,550
68.2176,998.1420,550
68.2290,993.1292,550
68.2298,986.8034,550
68.2328,994.0078,550
68.2358,1002.6030,550
68.2367,986.1341,550
68.2413,995.6611,550
68.2414,1003.2521,550
68.2421,1000.3147,550
68.2445,995.2989,550
68.2447,992.3224,550
68.2469,995.4352,550
68.2476,997.0588,550
68.2481,994.2447,550
68.2517,1003.9276,550
68.2518,994.0238,550
68.2544,991.9215,550
68.2555,1000.0859,550
68.2600,989.2389,550
68.2620,997.2618,550
68.2627,992.9045,550
68.2631,992.9005,550
68.2632,997.0533,550
68.2641,998.9760,550
68.2718,1090.3655,550
68.2735,993.8542,550
68.2767,997.3579,550
68.2816,1002.5895,550
68.2843,998.9915,550
68.2843,990.3570,550
68.2844,989.0826,550
68.2844,999.8276,550
68.2844,1010.4567,550
68.2855,1003.5927,550
68.2878,997.6125,550
68.2879,998.2723,550
68.2884,1006.4403,550
68.2955,1000.1818,550
68.2956,990.5677,550
68.2963,998.5755,550
68.2963,994.9322,550
68.2970,1005.1701,550
68.2970,1013.2493,550
68.3005,1004.7197,550
68.3057,998.6442,550
68.3059,1001.6830,550
68.3076,999.9482,550
68.3077,1010.8186,550
68.3091,1006.4895,550
68.3092,996.0931,550
68.3119,1011.8440,550
68.3160,1003.4980,550
68.3217,1001.6186,550
68.3245,1004.7876,550
68.3255,1036.5963,550
68.3312,995.3004,550
68.3340,998.4991,550
68.3342,995.5206,550
68.3429,983.5862,550
68.3438,995.2695,550
68.3453,992.8558,550
68.3454,992.7891,550
68.3468,994.7541,550
68.3488,979.0048,550
68.3507,990.4972,550
68.3537,993.6553,550
68.3578,1000.1335,550
68.3586,989.4017,550
68.3612,991.2475,550
68.3647,994.5955,550
68.3677,991.5835,550
68.3678,1000.7357,550
68.3678,1001.2588,550
68.3690,999.5338,550
68.3708,993.5376,550
68.3710,998.8330,550
68.3737,1007.5202,550
68.3804,993.7097,550
68.3804,998.0790,550
68.3806,991.6412,550
68.3876,993.3686,550
68.3886,996.6448,550
68.3958,985.1930,550
68.4030,975.0753,550
68.4031,981.4501,550
68.4049,980.8293,550
68.4063,988.3088,550
68.4078,982.4059,550
68.4107,980.0425,550
68.4130,982.7266,550
68.4137,984.0074,550
68.4137,986.7593,550
68.4161,986.8916,550
68.4166,986.3108,550
68.4170,1001.9704,550
68.4214,984.3108,550
68.4244,1016.5998,550
68.4271,993.3340,550
68.4272,1013.8832,550
68.4383,970.0131,550
68.4390,981.5053,550
68.4445,974.4134,550
68.4459,973.9267,550
68.4474,977.1816,550
68.4477,973.2334,550
68.4478,977.9103,550
68.4540,973.7479,550
68.4569,977.2963,550
68.4600,977.5580,550
68.4628,976.0000,550
68.4629,981.8760,550
68.4657,998.2613,550
68.4688,981.6023,550
68.4719,964.7373,550
68.4736,972.4418,550
68.4787,966.7308,550
68.4787,971.6627,550
68.4798,970.6003,550
68.4856,965.3029,550
68.4926,971.3459,550
68.4981,965.7490,550
68.5042,952.4240,550
68.5044,962.2191,550
68.5049,956.2460,550
68.5057,996.2262,550
68.5082,960.2608,550
68.5088,962.8861,550
68.5094,958.8952,550
68.5111,976.2855,550
68.5154,956.2522,550
68.5181,955.4445,550
68.5182,969.1873,550
68.5210,953.6737,550
68.5229,959.9188,550
68.5230,964.3845,550
68.5281,958.4051,550
68.5290,950.5531,550
68.5292,971.4078,550
68.5317,957.8665,550
68.5318,970.0927,550
68.5346,961.2429,550
68.5387,959.0049,550
68.5388,962.9976,550
68.5415,971.7551,550
68.5417,960.9140,550
68.5423,966.8403,550
68.5441,964.4466,550
68.5442,978.1894,550
68.5463,962.2698,550
68.5470,977.8420,550
68.5495,970.2855,550
68.5512,966.4672,550
68.5579,966.5007,550
68.5596,965.2288,550
68.5603,976.6068,550
68.5635,966.3851,550
68.5649,961.5512,550
68.5677,966.0585,550
68.5687,974.8058,550
68.5688,963.5804,550
68.5697,972.8227,550
68.5729,965.9781,550
68.5736,965.8095,550
68.5749,967.5453,550
68.5754,977.0017,550
68.5801,971.6038,550
68.5820,967.0464,550
68.5838,965.2777,550
68.5838,969.6452,550
68.5859,972.5225,550
68.5879,966.1526,550
68.5891,977.6442,550
68.5899,969.9853,550
68.5907,976.3666,550
68.5971,977.9567,550
68.6026,956.3047,550
68.6028,968.8782,550
68.6033,967.3771,550
68.6082,967.2205,550
68.6089,969.5083,550
68.6097,965.4220,550
68.6097,968.6580,550
68.6153,963.0990,550
68.6154,973.2539,550
68.6162,966.3175,550
68.6173,977.5081,550
68.6192,977.1016,550
68.6206,969.8105,550
68.6210,970.6619,550
68.6215,979.1203,550
68.6220,972.1633,550
68.6240,973.7250,550
68.6251,983.7003,550
68.6260,988.0264,550
68.6260,987.2152,550
68.6270,977.7965,550
68.6295,980.1500,550
68.6373,977.6019,550
68.6374,982.8595,550
68.6374,974.9562,550
68.6417,983.5238,550
68.6418,985.3188,550
68.6434,968.5022,550
68.6434,982.7729,550
68.6440,987.9762,550
68.6440,995.0619,550
68.6544,966.7468,550
68.6545,981.5824,550
68.6558,976.1444,550
68.6575,977.3753,550
68.6610,978.0721,550
68.6610,979.0199,550
68.6617,981.7240,550
68.6643,978.2420,550
68.6663,984.3551,550
68.6664,980.7192,550
68.6664,981.2006,550
68.6676,995.3877,550
68.6677,985.2214,550
68.6677,982.3237,550
68.6689,992.3711,550
68.6690,989.9038,550
68.6758,982.1747,550
68.6768,995.0161,550
68.6818,982.5347,550
68.6819,984.3047,550
68.6898,981.9843,550
68.6898,975.1759,550
68.6908,1025.4127,550
68.6915,969.7418,550
68.6939,992.7225,550
68.6940,982.7157,550
68.6940,996.7068,550
68.6940,988.5752,550
68.6940,997.4677,550
68.6988,995.2371,550
68.6993,983.2727,550
68.7003,987.2926,550
68.7016,997.2746,550
68.7037,990.4087,550
68.7040,978.5710,550
68.7061,978.5632,550
68.7071,998.0012,550
68.7115,1004.6422,550
68.7154,987.0269,550
68.7155,993.5150,550
68.7172,988.3624,550
68.7198,992.3692,550
68.7223,993.9042,550
68.7227,993.5215,550
68.7231,993.5519,550
68.7256,1001.8040,550
68.7320,992.8167,550
68.7338,984.6369,550
68.7340,1001.1378,550
68.7340,993.4459,550
68.7345,1006.4606,550
68.7379,994.2438,550
68.7440,999.5374,550
68.7465,990.9909,550
68.7551,983.0740,550
68.7552,985.8293,550
68.7578,989.7426,550
68.7579,984.1770,550
68.7585,991.7589,550
68.7635,985.6377,550
68.7657,991.9047,550
68.7662,987.9995,550
68.7663,1023.8810,550
68.7672,996.1166,550
68.7687,989.4848,550
68.7697,1086.2106,550
68.7707,986.9182,550
68.7717,993.7094,550
68.7718,1002.6959,550
68.7726,994.5778,550
68.7735,1003.1680,550
68.7759,998.3132,550
68.7787,995.8144,550
68.7814,1001.6722,550
68.7815,995.1640,550
68.7844,995.1369,550
68.7849,1000.2128,550
68.7850,999.5615,550
68.7883,995.3595,550
68.7918,990.6939,550
68.7925,997.9197,550
68.7925,1010.5378,550
68.7970,1008.1322,550
68.7970,1005.4946,550
68.7979,1010.0353,550
68.7989,1031.3475,550
68.8005,1001.9768,550
68.8031,1005.2241,550
68.8045,998.4642,550
68.8071,998.5229,550
68.8078,1000.5530,550
68.8096,999.2688,550
68.8119,1000.5721,550
68.8120,996.2747,550
68.8121,1001.5376,550
68.8124,1005.4927,550
68.8132,1010.4981,550
68.8132,1015.5758,550
68.8140,1010.3877,550
68.8141,1024.9936,550
68.8168,1022.8611,550
68.8198,1018.2629,550
68.8205,1011.2932,550
68.8250,1012.9547,550
68.8285,1011.7932,550
68.8317,1016.6737,550
68.8353,1018.4671,550
68.8364,1004.5003,550
68.8412,1002.8823,550
68.8455,986.2682,550
68.8469,1098.9358,550
68.8490,996.1646,550
68.8509,1005.9690,550
68.8510,997.3981,550
68.8550,1003.4500,550
68.8572,1015.1930,550
68.8583,1033.4812,550
68.8620,995.8906,550
68.8624,1002.9530,550
68.8715,1003.5535,550
68.8736,1006.1447,550
68.8776,992.4729,550
68.8784,994.6634,550
68.8793,995.8004,550
68.8793,996.1185,550
68.8799,995.1890,550
68.8836,1002.3758,550
68.8838,997.2423,550
68.8851,996.1552,550
68.8852,1006.5394,550
68.8883,1000.3766,550
68.8890,1009.9639,550
68.8914,1000.3681,550
68.8915,1009.7729,550
68.8915,1005.7432,550
68.8952,1003.0231,550
68.8964,1001.8193,550
68.8974,1011.5855,550
68.8974,1036.9637,550
68.8980,1012.0045,550
68.8988,1010.8809,550
68.8989,1043.7205,550
68.8998,1013.1710,550
68.9023,1016.1819,550
68.9052,1025.5300,550
68.9052,1010.2144,550
68.9053,1013.1878,550
68.9083,1013.5529,550
68.9084,1013.5116,550
68.9108,1014.5830,550
68.9110,1013.6081,550
68.9139,1016.3597,550
68.9142,1018.9534,550
68.9155,1034.2284,550
68.9156,1018.3035,550
68.9165,1020.5947,550
68.9166,1025.2990,550
68.9169,1025.6398,550
68.9178,1021.9253,550
68.9213,1022.0872,550
68.9213,1027.9436,550
68.9219,1027.3284,550
68.9246,1024.6893,550
68.9250,1053.2493,550
68.9251,1031.3594,550
68.9258,1032.3229,550
68.9320,1038.7254,550
68.9386,1024.0405,550
68.9409,1033.0231,550
68.9460,1023.2658,550
68.9460,1027.2663,550
68.9474,1022.9142,550
68.9474,1018.7772,550
68.9503,1027.1069,550
68.9508,1027.3014,550
68.9516,1034.2402,550
68.9517,1039.8188,550
68.9545,1033.9042,550
68.9546,1031.2286,550
68.9551,1043.8523,550
68.9559,1033.3874,550
68.9588,1037.6600,550
68.9599,1039.4987,550
68.9635,1024.9113,550
68.9642,1043.0318,550
68.9647,1042.1957,550
68.9706,1028.8016,550
68.9811,1021.3604,550
68.9839,1026.0973,550
68.9841,1025.5833,550
68.9841,1022.7396,550
68.9878,1025.0772,550
68.9879,1024.9599,550
68.9886,1031.9516,550
68.9887,1027.8121,550
68.9887,1040.4868,550
68.9891,1024.6343,550
68.9892,1038.9672,550
68.9904,1031.4920,550
68.9921,1033.7607,550
68.9928,1035.7707,550
68.9935,1047.1950,550
69.0007,1035.9921,550
69.0007,1033.3009,550
69.0007,1039.9137,550
69.0027,1034.2896,550
69.0028,1049.2987,550
69.0075,1049.0364,550
69.0082,1034.4646,550
69.0107,1078.2826,550
69.0136,1047.4687,550
69.0137,1041.2478,550
69.0176,1048.1820,550
69.0219,1037.2297,550
69.0264,1032.7935,550
69.0265,1041.7515,550
69.0270,1037.3402,550
69.0278,1036.5777,550
69.0305,1034.5697,550
69.0313,1032.9698,550
69.0324,1035.8868,550
69.0332,1040.4478,550
69.0357,1035.7484,550
69.0365,1034.8404,550
69.0375,1043.1667,550
69.0382,1052.0542,550
69.0389,1046.6805,550
69.0453,1044.9850,550
69.0499,1034.3835,550
69.0529,1036.0720,550
69.0621,1028.2266,550
69.0654,1026.2975,550
69.0654,1026.9449,550
69.0677,1023.3534,550
69.0681,1032.3355,550
69.0743,1029.2083,550
69.0744,1034.0469,550
69.0769,1027.3603,550
69.0770,1030.9419,550
69.0805,1025.2014,550
69.0837,1024.6753,550
69.0841,1023.8722,550
69.0865,1025.3781,550
69.0869,1032.3189,550
69.0883,1041.9202,550
69.0890,1027.8465,550
69.0929,1029.9985,550
69.0950,1041.7087,550
69.0952,1028.9867,550
69.0959,1028.1939,550
69.0960,1038.3900,550
69.0968,1030.8694,550
69.1055,1031.2930,550
69.1055,1028.6989,550
69.1055,1017.3025,550
69.1086,1025.8080,550
69.1107,1031.4976,550
69.1108,1031.3927,550
69.1136,1034.7878,550
69.1140,1032.0806,550
69.1156,1035.5787,550
69.1177,1027.0243,550
69.1178,1042.0253,550
69.1205,1034.9486,550
69.1206,1034.7896,550
69.1243,1034.0181,550
69.1247,1035.1163,550
69.1248,1038.2976,550
69.1296,1039.3715,550
69.1299,1038.1890,550
69.1310,1038.0148,550
69.1342,1043.3213,550
69.1367,1035.2412,550
69.1372,1047.3424,550
69.1373,1034.6445,550
69.1392,1045.3707,550
69.1401,1041.9123,550
69.1447,1036.7346,550
69.1447,1077.5836,550
69.1456,1047.0996,550
69.1478,1025.4690,550
69.1479,1041.0014,550
69.1486,1053.6546,550
69.1515,1043.1113,550
69.1527,1046.2208,550
69.1538,1042.9875,550
69.1557,1051.2128,550
69.1597,1044.9713,550
69.1607,1042.8525,550
69.1608,1049.3485,550
69.1664,1056.2133,550
69.1684,1045.9355,550
69.1685,1043.6834,550
69.1713,1043.1198,550
69.1714,1031.4982,550
69.1714,1050.8564,550
69.1733,1054.6894,550
69.1752,1056.2981,550
69.1758,1056.4458,550
69.1784,1052.7372,550
69.1849,1042.4275,550
69.1889,1039.6391,550
69.1908,1048.2942,550
69.1909,1045.9784,550
69.1910,1045.9421,550
69.1917,1045.2337,550
69.1949,1052.9197,550
69.1963,1046.7982,550
69.1972,1046.1297,550
69.1998,1044.0251,550
69.2000,1054.0850,550
69.2015,1057.0684,550
69.2054,1049.9790,550
69.2062,1058.0984,550
69.2097,1048.3156,550
69.2099,1041.2298,550
69.2099,1051.1504,550
69.2122,1060.9185,550
69.2137,1048.4120,550
69.2169,1063.2983,550
69.2208,1041.7993,550
69.2209,1046.4941,550
69.2229,1051.0473,550
69.2289,1049.6397,550
69.2299,1059.7010,550
69.2301,1057.5070,550
69.2308,1061.9867,550
69.2328,1034.5413,550
69.2359,1045.5640,550
69.2382,1050.0925,550
69.2407,1046.8777,550
69.2437,1045.9434,550
69.2475,1042.7349,550
69.2487,1052.7417,550
69.2504,1055.1048,550
69.2654,1035.0013,550
69.2667,1041.6723,550
69.2671,1044.3149,550
69.2712,1044.4197,550
69.2719,1037.0597,550
69.2724,1043.4337,550
69.2772,1047.1054,550
69.2800,1032.0549,550
69.2819,1029.4897,550
69.2851,1037.9681,550
69.2851,1040.9439,550
69.2892,1041.0678,550
69.2904,1032.8958,550
69.2905,1033.6552,550
69.2931,1033.5365,550
69.2932,1032.3250,550
69.2939,1035.5531,550
69.2948,1039.2405,550
69.2953,1039.7410,550
69.2977,1036.3541,550
69.2979,1038.3856,550
69.3142,1019.9306,550
69.3143,1029.0069,550
69.3150,1030.4490,550
69.3185,1033.3095,550
69.3191,1031.6118,550
69.3200,1037.7845,550
69.3210,1030.6109,550
69.3223,1030.0592,550
69.3267,1030.7194,550
69.3280,1032.2989,550
69.3314,1028.8751,550
69.3343,1041.7361,550
69.3349,1041.0788,550
69.3384,1027.2627,550
69.3430,1023.0586,550
69.3460,1020.9775,550
69.3482,1036.5219,550
69.3486,1028.1825,550
69.3508,1025.0763,550
69.3522,1069.5752,550
69.3531,1026.5908,550
69.3531,1036.4707,550
69.3567,1030.0195,550
69.3572,1030.1323,550
69.3583,1028.4490,550
69.3609,1036.0247,550
69.3631,1028.7755,550
69.3631,1129.0030,550
69.3672,1033.3183,550
69.3683,1032.0967,550
69.3694,1035.8396,550
69.3711,1031.8992,550
69.3733,1030.2187,550
69.3801,1028.6259,550
69.3802,1028.9179,550
69.3802,1028.5080,550
69.3808,1029.0670,550
69.3811,1033.3707,550
69.3854,1029.7487,550
69.3886,1030.2489,550
69.3900,1029.5299,550
69.3938,1027.4718,550
69.3948,1063.0715,550
69.4048,1014.7450,550
69.4073,1032.2114,550
69.4073,1026.0408,550
69.4082,1022.0167,550
69.4111,1024.9388,550
69.4170,1018.5082,550
69.4186,1017.4652,550
69.4197,1020.5857,550
69.4242,1023.1121,550
69.4268,1020.5209,550
69.4308,1020.0677,550
69.4326,1020.6787,550
69.4327,1032.3578,550
69.4357,1017.5584,550
69.4373,1020.5705,550
69.4374,1018.3665,550
69.4385,1019.3204,550
69.4393,1026.8602,550
69.4403,1022.0473,550
69.4424,1019.8986,550
69.4437,1022.3946,550
69.4483,1013.9786,550
69.4494,1006.3297,550
69.4500,1021.6036,550
69.4531,1031.6459,550
69.4590,1051.4265,550
69.4605,1026.2695,550
69.4639,1016.5425,550
69.4686,999.3742,550
69.4693,1012.7954,550
69.4701,1042.4244,550
69.4731,1015.3740,550
69.4739,1015.1273,550
69.4761,1016.0033,550
69.4761,1027.0947,550
69.4765,1022.3885,550
69.4768,1023.7333,550
69.4778,1021.9748,550
69.4778,1020.2314,550
69.4791,1024.1255,550
69.4817,1030.7607,550
69.4818,1036.3948,550
69.4818,1041.1521,550
69.4889,1023.7078,550
69.4908,1035.1914,550
69.4916,1027.3019,550
69.4920,1036.4087,550
69.4948,1027.3139,550
69.4978,1021.8341,550
69.5016,1024.4751,550
69.5047,1021.5064,550
69.5076,1027.2495,550
69.5116,1022.8874,550
69.5130,1025.1040,550
69.5155,1027.7724,550
69.5159,1022.2836,550
69.5172,1017.1005,550
69.5184,1024.8313,550
69.5244,1018.8266,550
69.5250,1018.2704,550
69.5282,1026.0651,550
69.5282,1034.2692,550
69.5299,1005.4426,550
69.5308,1036.2765,550
69.5312,1026.0899,550
69.5312,1036.9693,550
69.5320,1026.0931,550
69.5363,1066.2077,550
69.5370,1025.5223,550
69.5374,1034.8166,550
69.5409,1026.4837,550
69.5411,1027.0137,550
69.5433,1026.6864,550
69.5434,1038.8171,550
69.5446,1038.1932,550
69.5479,1035.6586,550
69.5516,1025.1599,550
69.5529,1031.8921,550
69.5530,1031.9484,550
69.5555,1036.5182,550
69.5563,1028.7659,550
69.5569,1032.1413,550
69.5614,1027.9880,550
69.5617,1038.1877,550
69.5636,1039.1279,550
69.5698,1022.7685,550
69.5698,1028.6541,550
69.5701,1029.8406,550
69.5726,1030.4891,550
69.5740,1029.1088,550
69.5814,1024.9607,550
69.5817,1027.5002,550
69.5843,1029.6766,550
69.5851,1031.0925,550
69.5852,1024.0837,550
69.5864,1032.2974,550
69.5870,1046.0601,550
69.5871,1046.1708,550
69.5880,1044.0939,550
69.5886,1044.5202,550
69.5893,1049.3083,550
69.5906,1036.9901,550
69.5940,1038.2357,550
69.5947,1037.4995,550
69.5968,1038.4753,550
69.5968,1038.5076,550
69.5987,1042.2145,550
69.6001,1052.8568,550
69.6001,1048.5977,550
69.6047,1050.5315,550
69.6048,1042.0609,550
69.6048,1054.0900,550
69.6109,1041.8158,550
69.6118,1043.2038,550
69.6126,1042.4707,550
69.6136,1051.7793,550
69.6152,1043.7899,550
69.6203,1045.0865,550
69.6213,1047.9287,550
69.6236,1041.7171,550
69.6237,1054.2324,550
69.6256,1051.2363,550
69.6257,1044.4471,550
69.6270,1046.1375,550
69.6309,1043.9131,550
69.6347,1043.2293,550
69.6368,1040.5448,550
69.6395,1041.2317,550
69.6403,1036.5931,550
69.6410,1048.8510,550
69.6422,1049.5798,550
69.6425,1047.3607,550
69.6431,1053.9487,550
69.6474,1051.9864,550
69.6499,1040.4911,550
69.6599,1036.0305,550
69.6615,1046.3827,550
69.6622,1063.9808,550
69.6626,1041.9928,550
69.6709,1042.0123,550
69.6713,1035.1782,550
69.6762,1036.0359,550
69.6796,1030.9214,550
69.6797,1035.8302,550
69.6842,1038.8886,550
69.6868,1031.0232,550
69.6875,1035.5713,550
69.6895,1026.0207,550
69.6910,1034.7158,550
69.6927,1025.1220,550
69.6938,1035.5547,550
69.6956,1032.8581,550
69.6978,1031.5042,550
69.6978,1034.9933,550
69.6978,1037.2244,550
69.7005,1035.8698,550
69.7006,1041.5694,550
69.7006,1041.6358,550
69.7024,1039.8653,550
69.7028,1037.5567,550
69.7057,1041.2958,550
69.7116,1039.5138,550
69.7117,1048.6984,550
69.7160,1054.4324,550
69.7161,1035.8222,550
69.7181,1034.1830,550
69.7211,1036.9596,550
69.7232,1034.7216,550
69.7314,1042.6822,550
69.7314,1033.7639,550
69.7320,1035.3949,550
69.7359,1043.6727,550
69.7360,1030.3730,550
69.7360,1039.6928,550
69.7360,1033.6787,550
69.7366,1041.0421,550
69.7400,1051.2855,550
69.7415,1036.7795,550
69.7421,1036.6292,550
69.7457,1041.0039,550
69.7465,1039.4974,550
69.7475,1048.2376,550
69.7493,1037.8849,550
69.7494,1041.8752,550
69.7503,1051.3559,550
69.7526,1038.1246,550
69.7528,1042.9775,550
69.7565,1047.2585,550
69.7566,1055.9017,550
69.7582,1059.1989,550
69.7601,1050.6431,550
69.7602,1048.9045,550
69.7627,1054.7085,550
69.7627,1049.7035,550
69.7653,1052.0439,550
69.7695,1048.1048,550
69.7696,1046.8726,550
69.7700,1053.7980,550
69.7730,1063.1245,550
69.7730,1060.9247,550
69.7786,1047.5656,550
69.7786,1049.7413,550
69.7815,1044.6004,550
69.7825,1055.7960,550
69.7837,1037.3300,550
69.7837,1054.5150,550
69.7904,1047.7319,550
69.7905,1050.5144,550
69.7943,1041.8396,550
69.7949,1052.1918,550
69.7961,1061.7266,550
69.8017,1058.2348,550
69.8043,1061.2702,550
69.8071,1047.0825,550
69.8072,1051.5662,550
69.8108,1046.6554,550
69.8109,1059.0503,550
69.8110,1049.0263,550
69.8125,1051.6714,550
69.8126,1054.9144,550
69.8154,1056.3312,550
69.8155,1051.9915,550
69.8158,1053.6848,550
69.8176,1063.6790,550
69.8213,1062.7735,550
69.8214,1062.3609,550
69.8214,1056.9891,550
69.8226,1070.5741,550
69.8269,1059.9585,550
69.8269,1056.8248,550
69.8269,1056.8238,550
69.8280,1062.2915,550
69.8285,1075.0287,550
69.8293,1066.9733,550
69.8293,1073.9099,550
69.8307,1079.2928,550
69.8349,1067.2729,550
69.8379,1073.5652,550
69.8407,1061.4053,550
69.8429,1070.4380,550
69.8441,1065.9137,550
69.8468,1063.7173,550
69.8470,1071.3048,550
69.8470,1064.9079,550
69.8516,1061.7267,550
69.8547,1057.4821,550
69.8567,1061.5696,550
69.8567,1064.4704,550
69.8582,1064.1368,550
69.8588,1098.5963,550
69.8608,1066.0789,550
69.8627,1071.7603,550
69.8640,1067.2046,550
69.8652,1077.9384,550
69.8678,1074.6588,550
69.8685,1066.0094,550
69.8729,1065.9298,550
69.8729,1066.8835,550
69.8729,1078.5086,550
69.8729,1065.8951,550
69.8731,1071.5534,550
69.8737,1077.7415,550
69.8752,1082.1649,550
69.8795,1102.1300,550
69.8796,1074.8393,550
69.8825,1074.3160,550
69.8834,1074.7608,550
69.8837,1085.2446,550
69.8837,1078.9848,550
69.8842,1080.3324,550
69.8874,1075.5195,550
69.8875,1081.0569,550
69.8876,1081.5204,550
69.8876,1082.6960,550
69.8885,1089.1814,550
69.8920,1085.1217,550
69.8942,1095.6914,550
69.8943,1086.5135,550
69.8975,1087.2965,550
69.8985,1091.9862,550
69.9020,1079.7769,550
69.9024,1085.4415,550
69.9025,1099.9405,550
69.9032,1121.5466,550
69.9032,1086.8934,550
69.9032,1099.3730,550
69.9097,1084.0690,550
69.9121,1087.9314,550
69.9121,1088.4495,550
69.9121,1100.0589,550
69.9141,1095.4825,550
69.9141,1095.1092,550
69.9171,1094.4913,550
69.9171,1101.8250,550
69.9201,1107.4048,550
69.9202,1105.1309,550
69.9229,1107.8942,550
69.9230,1103.6962,550
69.9238,1099.0450,550
69.9281,1088.3731,550
69.9357,1098.7277,550
69.9367,1092.5151,550
69.9368,1092.5821,550
69.9483,1083.4170,550
69.9492,1085.1452,550
69.9557,1091.7169,550
69.9557,1091.8975,550
69.9656,1074.0154,550
69.9657,1076.3725,550
69.9657,1076.2474,550
69.9657,1081.6494,550
69.9664,1080.3371,550
69.9697,1075.0553,550
69.9698,1088.8746,550
69.9705,1087.9941,550
69.9768,1077.8748,550
69.9768,1086.0740,550
69.9780,1084.0724,550
69.9785,1087.3721,550
69.9786,1088.2647,550
69.9815,1090.4753,550
69.9816,1086.5858,550
69.9825,1090.8007,550
69.9850,1083.3313,550
69.9853,1090.8036,550
69.9876,1089.6203,550
69.9889,1087.9160,550
69.9946,1083.2719,550
69.9955,1087.1672,550
69.9976,1088.3603,550
69.9977,1088.8963,550
70.0052,1112.2347,550
70.0055,1084.8700,550
70.0065,1083.9004,550
70.0083,1085.4273,550
70.0097,1100.4511,550
70.0112,1072.2732,550
70.0154,1083.6268,550
70.0155,1087.0824,550
70.0189,1084.7996,550
70.0207,1099.9936,550
70.0218,1090.7894,550
70.0270,1083.1936,550
70.0270,1072.0342,550
70.0270,1090.4200,550
70.0271,1089.5646,550
70.0327,1084.7141,550
70.0364,1084.2864,550
70.0365,1090.8890,550
70.0366,1093.6202,550
70.0366,1086.9109,550
70.0397,1093.0187,550
70.0444,1079.0074,550
70.0467,1091.5522,550
70.0480,1087.3361,550
70.0506,1084.6494,550
70.0508,1092.4150,550
70.0539,1086.4037,550
70.0551,1088.0936,550
70.0580,1085.2437,550
70.0581,1087.9099,550
70.0609,1086.9751,550
70.0632,1096.5358,550
70.0685,1087.1255,550
70.0686,1071.7555,550
70.0696,1084.1402,550
70.0703,1101.7966,550
70.0716,1088.1310,550
70.0717,1092.3732,550
70.0724,1099.7792,550
70.0767,1103.7398,550
70.0768,1089.2673,550
70.0796,1097.8919,550
70.0801,1099.7613,550
70.0806,1091.7287,550
70.0825,1094.1657,550
70.0841,1093.1642,550
70.0851,1095.2802,550
70.0874,1089.8765,550
70.0883,1095.6198,550
70.0897,1104.7114,550
70.0952,1094.1450,550
70.0996,1094.7764,550
70.0996,1092.1681,550
70.0996,1108.2780,550
70.0996,1103.6625,550
70.0996,1098.8249,550
70.1004,1100.6227,550
70.1023,1093.6126,550
70.1023,1102.7256,550
70.1023,1100.8424,550
70.1023,1115.8320,550
70.1092,1109.0794,550
70.1114,1106.8886,550
70.1152,1104.8574,550
70.1154,1099.4636,550
70.1189,1095.5692,550
70.1211,1110.6400,550
70.1228,1095.4162,550
70.1238,1106.0724,550
70.1260,1105.7172,550
70.1262,1102.9381,550
70.1262,1116.0471,550
70.1277,1102.5918,550
70.1283,1109.0138,550
70.1289,1100.9065,550
70.1330,1105.0445,550
70.1347,1109.5557,550
70.1348,1111.7218,550
70.1384,1108.7779,550
70.1385,1113.6077,550
70.1404,1107.4134,550
70.1418,1110.3424,550
70.1433,1113.4433,550
70.1442,1108.4982,550
70.1449,1111.8845,550
70.1508,1116.8072,550
70.1510,1113.6410,550
70.1510,1096.2405,550
70.1510,1116.2984,550
70.1543,1107.5900,550
70.1549,1123.0704,550
70.1555,1113.9091,550
70.1625,1107.9756,550
70.1625,1116.8718,550
70.1652,1126.6506,550
70.1652,1112.8458,550
70.1652,1115.1824,550
70.1659,1130.5342,550
70.1660,1123.0562,550
70.1678,1125.7253,550
70.1688,1120.2305,550
70.1714,1133.3032,550
70.1723,1124.2825,550
70.1735,1119.4766,550
70.1741,1117.6929,550
70.1759,1121.9237,550
70.1759,1121.0992,550
70.1809,1123.2346,550
70.1810,1134.4517,550
70.1810,1134.4546,550
70.1817,1127.4257,550
70.1818,1126.9414,550
70.1825,1144.9809,550
70.1836,1132.3647,550
70.1877,1132.1433,550
70.1878,1134.8194,550
70.1909,1132.8950,550
70.1916,1131.5792,550
70.2009,1118.6580,550
70.2009,1131.4563,550
70.2009,1128.6087,550
70.2009,1130.3599,550
70.2027,1136.0394,550
70.2033,1131.4151,550
70.2033,1147.0864,550
70.2033,1136.0417,550
70.2057,1134.0406,550
70.2057,1136.0950,550
70.2065,1136.4960,550
70.2085,1151.6178,550
70.2087,1151.4757,550
70.2093,1141.1420,550
70.2153,1140.7281,550
70.2182,1136.4057,550
70.2184,1136.2041,550
70.2185,1137.5469,550
70.2212,1135.5493,550
70.2213,1128.0077,550
70.2221,1149.0264,550
70.2251,1139.5923,550
70.2271,1141.2648,550
70.2272,1128.8156,550
70.2306,1140.0965,550
70.2306,1144.0958,550
70.2315,1143.9788,550
70.2379,1126.0237,550
70.2380,1154.4628,550
70.2380,1141.6170,550
70.2380,1132.3507,550
70.2383,1155.2891,550
70.2396,1150.7448,550
70.2427,1151.7459,550
70.2427,1149.7334,550
70.2460,1144.2963,550
70.2479,1147.4199,550
70.2504,1150.6319,550
70.2529,1152.1417,550
70.2538,1148.5717,550
70.2564,1150.6347,550
70.2601,1153.8911,550
70.2623,1149.1618,550
70.2637,1156.9928,550
70.2659,1156.1644,550
70.2661,1147.4429,550
70.2676,1153.1355,550
70.2708,1159.0772,550
70.2747,1145.2625,550
70.2755,1146.1925,550
70.2778,1143.8172,550
70.2804,1146.5803,550
70.2805,1146.4842,550
70.2825,1160.8232,550
70.2829,1153.9948,550
70.2845,1150.2913,550
70.2847,1164.6690,550
70.2848,1158.2275,550
70.2866,1159.3129,550
70.2875,1166.9095,550
70.2879,1155.4226,550
70.2880,1158.2645,550
70.2903,1155.5176,550
70.2911,1157.7474,550
70.2930,1156.6673,550
70.2962,1158.1642,550
70.2994,1166.1710,550
70.3077,1147.1085,550
70.3078,1154.4103,550
70.3083,1153.1774,550
70.3112,1161.8442,550
70.3113,1157.9995,550
70.3133,1152.7248,550
70.3137,1166.4211,550
70.3143,1158.7718,550
70.3155,1192.1015,550
70.3161,1164.9522,550
70.3161,1164.0095,550
70.3182,1162.4290,550
70.3223,1162.0863,550
70.3223,1169.6210,550
70.3226,1165.1688,550
70.3280,1160.1477,550
70.3291,1162.0010,550
70.3319,1159.5907,550
70.3333,1161.2905,550
70.3348,1159.7354,550
70.3377,1164.4153,550
70.3378,1170.5920,550
70.3448,1160.3909,550
70.3448,1166.6829,550
70.3448,1167.2832,550
70.3455,1166.0368,550
70.3485,1172.7700,550
70.3493,1159.9444,550
70.3499,1167.1697,550
70.3509,1162.4799,550
70.3543,1162.7350,550
70.3545,1166.3692,550
70.3563,1174.8277,550
70.3565,1169.7893,550
70.3565,1176.0508,550
70.3593,1168.8613,550
70.3643,1161.9826,550
70.3647,1178.7002,550
70.3661,1174.1339,550
70.3672,1172.0456,550
70.3678,1203.2766,550
70.3700,1166.7562,550
70.3708,1167.3904,550
70.3708,1176.2357,550
70.3729,1204.2461,550
70.3730,1176.7563,550
70.3753,1179.3407,550
70.3788,1174.5709,550
70.3808,1185.7203,550
70.3837,1170.9320,550
70.3838,1174.5664,550
70.3839,1169.9694,550
70.3888,1178.6473,550
70.3888,1174.4194,550
70.3910,1186.4418,550
70.3961,1178.1769,550
70.3988,1178.5543,550
70.3999,1179.6272,550
70.4016,1181.4138,550
70.4078,1181.2093,550
70.4086,1175.8674,550
70.4103,1172.1878,550
70.4103,1183.9894,550
70.4135,1170.6623,550
70.4172,1169.9419,550
70.4185,1180.0088,550
70.4186,1185.2679,550
70.4233,1169.6129,550
70.4234,1170.1049,550
70.4234,1158.9825,550
70.4276,1165.9040,550
70.4303,1171.8090,550
70.4326,1175.7352,550
70.4327,1185.4810,550
70.4327,1172.3478,550
70.4394,1175.8383,550
70.4416,1181.2371,550
70.4494,1161.7918,550
70.4495,1165.1581,550
70.4530,1174.0018,550
70.4539,1165.3201,550
70.4544,1168.4417,550
70.4550,1170.2854,550
70.4560,1166.8355,550
70.4592,1166.7808,550
70.4593,1174.2131,550
70.4593,1173.5460,550
70.4611,1164.8261,550
70.4613,1176.4320,550
70.4642,1180.9545,550
70.4643,1174.0136,550
70.4643,1184.4017,550
70.4646,1178.8089,550
70.4670,1186.0332,550
70.4699,1181.6879,550
70.4728,1180.8806,550
70.4758,1172.1890,550
70.4777,1174.6152,550
70.4807,1181.9104,550
70.4816,1174.0835,550
70.4816,1176.6302,550
70.4816,1179.7429,550
70.4817,1183.3817,550
70.4840,1177.9578,550
70.4859,1179.0966,550
70.4885,1179.4781,550
70.4943,1184.4949,550
70.4954,1175.3511,550
70.4993,1179.5175,550
70.4994,1176.6216,550
70.5024,1176.4594,550
70.5025,1177.5573,550
70.5026,1179.7192,550
70.5118,1184.7164,550
70.5118,1181.3543,550
70.5128,1180.4112,550
70.5129,1174.3726,550
70.5134,1178.0087,550
70.5182,1179.4179,550
70.5183,1177.4280,550
70.5190,1178.5662,550
70.5191,1180.7156,550
70.5246,1175.0096,550
70.5247,1179.4196,550
70.5247,1218.7946,550
70.5258,1183.0472,550
70.5259,1170.1620,550
70.5274,1185.1377,550
70.5276,1196.3187,550
70.5303,1191.3423,550
70.5340,1184.2204,550
70.5372,1185.7498,550
70.5373,1184.7841,550
70.5377,1192.0489,550
70.5414,1179.8403,550
70.5453,1182.3909,550
70.5454,1193.4120,550
70.5482,1190.6063,550
70.5483,1193.6472,550
70.5492,1229.8752,550
70.5524,1186.9776,550
70.5525,1197.0665,550
70.5526,1191.6540,550
70.5532,1200.0604,550
70.5563,1190.6645,550
70.5564,1190.5292,550
70.5573,1203.4094,550
70.5576,1180.1945,550
70.5614,1191.8596,550
70.5642,1200.6290,550
70.5660,1199.9534,550
70.5662,1194.5482,550
70.5667,1204.7387,550
70.5692,1194.8643,550
70.5815,1184.9512,550
70.5815,1193.5507,550
70.5815,1185.8077,550
70.5815,1185.7955,550
70.5833,1196.6004,550
70.5841,1200.8187,550
70.5842,1204.5728,550
70.5854,1195.3108,550
70.5884,1193.6410,550
70.5944,1197.3259,550
70.5944,1201.7560,550
70.5944,1194.3322,550
70.5944,1207.8332,550
70.5981,1198.7766,550
70.5982,1202.1858,550
70.5982,1197.3934,550
70.6021,1193.6438,550
70.6028,1211.6670,550
70.6036,1198.6710,550
70.6037,1201.0251,550
70.6042,1203.2596,550
70.6075,1213.8786,550
70.6090,1201.4694,550
70.6105,1214.3743,550
70.6106,1199.7857,550
70.6173,1197.1280,550
70.6175,1207.4043,550
70.6248,1196.8709,550
70.6249,1192.3277,550
70.6250,1205.5543,550
70.6250,1205.0430,550
70.6292,1192.2265,550
70.6293,1200.6907,550
70.6293,1202.6592,550
70.6337,1200.1148,550
70.6386,1199.6622,550
70.6402,1202.5873,550
70.6403,1200.0024,550
70.6403,1197.2905,550
70.6428,1222.5722,550
70.6429,1201.4749,550
70.6429,1199.8599,550
70.6429,1205.4390,550
70.6450,1206.8187,550
70.6459,1211.3853,550
70.6503,1200.6655,550
70.6524,1205.5408,550
70.6543,1205.8696,550
70.6620,1201.1800,550
70.6652,1200.1505,550
70.6669,1199.2331,550
70.6671,1199.1014,550
70.6719,1199.1654,550
70.6736,1197.8806,550
70.6761,1208.6460,550
70.6798,1200.3313,550
70.6807,1202.6461,550
70.6825,1201.7999,550
70.6826,1202.3941,550
70.6832,1257.2982,550
70.6840,1209.9540,550
70.6864,1197.9174,550
70.6865,1203.4629,550
70.6865,1216.3017,550
70.6883,1212.6845,550
70.6893,1207.5947,550
70.6897,1205.1548,550
70.6963,1204.7418,550
70.6992,1202.4003,550
70.6993,1202.8639,550
70.7018,1204.0007,550
70.7063,1202.7319,550
70.7063,1203.5597,550
70.7097,1202.8908,550
70.7097,1212.9999,550
70.7130,1202.8220,550
70.7131,1208.6031,550
70.7168,1204.7881,550
70.7173,1204.2470,550
70.7219,1200.8723,550
70.7219,1215.1412,550
70.7224,1214.3952,550
70.7271,1210.8034,550
70.7297,1202.2871,550
70.7341,1193.2506,550
70.7357,1191.7224,550
70.7366,1206.2531,550
70.7367,1213.3282,550
70.7405,1202.3306,550
70.7406,1203.2582,550
70.7416,1205.2312,550
70.7438,1209.0782,550
70.7438,1203.7051,550
70.7444,1192.6507,550
70.7445,1211.6199,550
70.7464,1218.3678,550
70.7464,1215.7068,550
70.7481,1220.7240,550
70.7505,1206.6470,550
70.7505,1213.7274,550
70.7540,1215.4436,550
70.7541,1211.6949,550
70.7572,1227.6583,550
70.7589,1214.3652,550
70.7590,1212.0919,550
70.7590,1230.8824,550
70.7598,1224.2903,550
70.7619,1228.3168,550
70.7638,1223.9429,550
70.7697,1214.3582,550
70.7718,1222.7381,550
70.7719,1225.3775,550
70.7719,1229.6908,550
70.7725,1212.4356,550
70.7780,1216.2433,550
70.7807,1216.5639,550
70.7817,1219.0249,550
70.7822,1219.3551,550
70.7836,1226.8328,550
70.7838,1217.8399,550
70.7861,1219.5792,550
70.7861,1220.3161,550
70.7871,1237.8923,550
70.7887,1219.5724,550
70.7888,1233.2341,550
70.7980,1219.7049,550
70.7999,1220.8192,550
70.8000,1226.5475,550
70.8006,1221.4707,550
70.8026,1220.3794,550
70.8027,1216.5042,550
70.8058,1221.9028,550
70.8059,1223.0369,550
70.8077,1224.1416,550
70.8078,1234.9333,550
70.8094,1235.9687,550
70.8101,1227.3898,550
70.8170,1216.3051,550
70.8201,1221.6815,550
70.8201,1238.6092,550
70.8236,1239.0680,550
70.8276,1227.9458,550
70.8327,1215.1205,550
70.8398,1226.1107,550
70.8439,1221.5581,550
70.8450,1217.7039,550
70.8451,1220.4183,550
70.8461,1223.7210,550
70.8469,1219.2568,550
70.8470,1226.9595,550
70.8497,1217.3907,550
70.8505,1223.4239,550
70.8526,1222.3183,550
70.8528,1225.8637,550
70.8528,1220.8395,550
70.8540,1229.7470,550
70.8541,1224.5511,550
70.8570,1234.9617,550
70.8589,1226.2260,550
70.8590,1229.3762,550
70.8601,1235.1207,550
70.8643,1220.3149,550
70.8673,1221.0962,550
70.8674,1210.7685,550
70.8684,1223.1414,550
70.8691,1232.8279,550
70.8742,1223.3994,550
70.8748,1226.2788,550
70.8776,1229.5276,550
70.8805,1224.1698,550
70.8823,1230.5377,550
70.8824,1224.6964,550
70.8862,1229.8204,550
70.8869,1223.9131,550
70.8892,1226.8638,550
70.8898,1237.0812,550
70.8904,1228.1104,550
70.8922,1227.9264,550
70.8923,1230.3481,550
70.8924,1270.1196,550
70.8933,1243.2781,550
70.8957,1240.2357,550
70.8958,1231.0547,550
70.8990,1237.5615,550
70.9016,1239.3566,550
70.9017,1247.6493,550
70.9027,1235.6326,550
70.9027,1259.5264,550
70.9061,1240.4826,550
70.9115,1238.7065,550
70.9115,1231.6553,550
70.9133,1233.2664,550
70.9134,1239.5985,550
70.9143,1236.5530,550
70.9144,1238.5812,550
70.9150,1238.8427,550
70.9151,1244.9526,550
70.9171,1249.6176,550
70.9173,1282.1306,550
70.9199,1258.4054,550
70.9214,1248.2352,550
70.9226,1246.3081,550
70.9258,1240.9855,550
70.9258,1259.2673,550
70.9287,1244.7838,550
70.9288,1245.1403,550
70.9297,1249.0158,550
70.9307,1247.6324,550
70.9311,1251.9891,550
70.9373,1246.8050,550
70.9374,1346.2864,550
70.9375,1251.8681,550
70.9417,1254.2874,550
70.9418,1252.6102,550
70.9424,1251.3469,550
70.9426,1253.3564,550
70.9437,1254.7512,550
70.9437,1256.8263,550
70.9442,1260.1187,550
70.9443,1260.0018,550
70.9443,1264.6272,550
70.9482,1260.9839,550
70.9484,1261.4948,550
70.9489,1260.9556,550
70.9497,1264.6058,550
70.9507,1259.2233,550
70.9510,1268.7249,550
70.9528,1260.1913,550
70.9568,1273.3057,550
70.9568,1273.2733,550
70.9575,1269.2500,550
70.9585,1271.0738,550
70.9648,1277.9101,550
70.9673,1262.3752,550
70.9674,1275.7947,550
70.9675,1267.4665,550
70.9690,1277.1898,550
70.9690,1270.3299,550
70.9711,1271.5816,550
70.9741,1272.0601,550
70.9743,1271.9312,550
70.9772,1271.9595,550
70.9772,1271.5448,550
70.9775,1308.7380,550
70.9872,1271.2703,550
70.9894,1262.1650,550
70.9894,1268.0993,550
70.9908,1270.4689,550
70.9987,1262.9860,550
70.9988,1265.4968,550
71.0022,1265.0021,550
71.0024,1265.9945,550
71.0024,1276.3441,550
71.0033,1272.2162,550
71.0043,1281.9629,550
71.0088,1265.9365,550
71.0098,1263.0907,550
71.0112,1272.1489,550
71.0134,1270.0159,550
71.0135,1273.3998,550
71.0151,1264.4956,550
71.0183,1284.5988,550
71.0184,1286.9134,550
71.0191,1271.3854,550
71.0275,1264.8872,550
71.0275,1265.8621,550
71.0281,1270.3782,550
71.0340,1300.2885,550
71.0361,1266.4096,550
71.0361,1278.7547,550
71.0368,1271.4279,550
71.0382,1284.7615,550
71.0415,1269.4520,550
71.0416,1282.0770,550
71.0444,1270.9477,550
71.0456,1278.7042,550
71.0471,1277.2116,550
71.0531,1266.6698,550
71.0531,1273.6162,550
71.0532,1270.4690,550
71.0543,1273.2573,550
71.0572,1269.5641,550
71.0581,1272.2162,550
71.0590,1275.0401,550
71.0618,1275.7500,550
71.0619,1268.4014,550
71.0659,1275.0458,550
71.0660,1281.8780,550
71.0668,1268.0356,550
71.0680,1273.7917,550
71.0685,1276.1065,550
71.0714,1283.1016,550
71.0752,1276.8919,550
71.0752,1276.8365,550
71.0781,1276.4213,550
71.0788,1277.4620,550
71.0808,1280.4366,550
71.0822,1263.0277,550
71.0850,1279.9653,550
71.0853,1278.4812,550
71.0862,1274.8134,550
71.0862,1283.9686,550
71.0874,1282.7599,550
71.0893,1280.4371,550
71.0979,1286.0778,550
71.0980,1290.5222,550
71.0991,1277.9223,550
71.1021,1315.4316,550
71.1053,1278.6326,550
71.1077,1277.1620,550
71.1079,1280.6195,550
71.1085,1280.0563,550
71.1175,1279.3568,550
71.1196,1269.3295,550
71.1198,1274.2818,550
71.1207,1309.9509,550
71.1235,1280.0694,550
71.1236,1273.5603,550
71.1265,1269.4070,550
71.1266,1283.3405,550
71.1266,1287.4017,550
71.1345,1273.7342,550
71.1368,1277.1445,550
71.1369,1273.6349,550
71.1378,1288.7072,550
71.1424,1284.5887,550
71.1450,1269.0155,550
71.1469,1283.7521,550
71.1474,1275.6412,550
71.1501,1273.3352,550
71.1502,1275.8849,550
71.1532,1273.8420,550
71.1532,1279.1779,550
71.1542,1290.5760,550
71.1547,1282.2947,550
71.1580,1282.8998,550
71.1581,1286.8415,550
71.1584,1282.4988,550
71.1650,1279.7571,550
71.1680,1273.7512,550
71.1713,1288.9401,550
71.1718,1287.4661,550
71.1718,1277.7104,550
71.1758,1284.4422,550
71.1771,1281.3543,550
71.1830,1258.7177,550
71.1831,1287.8560,550
71.1856,1281.9210,550
71.1866,1272.0671,550
71.1907,1280.5603,550
71.1947,1279.4575,550
71.1978,1270.3950,550
71.1978,1283.1820,550
71.1982,1273.0948,550
71.1988,1288.4062,550
71.2026,1318.2138,550
71.2045,1277.7373,550
71.2046,1277.1397,550
71.2056,1276.1497,550
71.2113,1270.3734,550
71.2135,1273.7700,550
71.2164,1270.8466,550
71.2177,1276.7268,550
71.2194,1302.5146,550
71.2198,1274.6158,550
71.2245,1270.8075,550
71.2246,1273.1711,550
71.2303,1269.9930,550
71.2311,1272.7253,550
71.2311,1276.5467,550
71.2317,1275.1460,550
71.2324,1272.7172,550
71.2329,1281.2460,550
71.2362,1271.4870,550
71.2363,1284.4913,550
71.2378,1278.7194,550
71.2383,1279.7829,550
71.2410,1276.0198,550
71.2416,1279.6153,550
71.2434,1281.6502,550
71.2435,1292.3742,550
71.2445,1293.6813,550
71.2449,1283.1195,550
71.2450,1286.7305,550
71.2457,1293.1304,550
71.2463,1291.9421,550
71.2463,1284.9371,550
71.2477,1324.4465,550
71.2478,1296.1750,550
71.2506,1298.8132,550
71.2514,1303.1346,550
71.2527,1296.0193,550
71.2555,1303.0835,550
71.2563,1296.0833,550
71.2570,1298.1209,550
71.2593,1299.2080,550
71.2595,1297.8696,550
71.2605,1303.1530,550
71.2632,1305.3996,550
71.2633,1305.2862,550
71.2663,1296.6737,550
71.2676,1308.4972,550
71.2684,1303.1467,550
71.2696,1312.2590,550
71.2721,1310.9249,550
71.2732,1300.1035,550
71.2760,1314.9260,550
71.2760,1305.7776,550
71.2769,1314.4642,550
71.2769,1311.2248,550
71.2790,1310.6022,550
71.2798,1308.2926,550
71.2807,1310.2231,550
71.2847,1303.7286,550
71.2848,1316.6329,550
71.2854,1310.2732,550
71.2877,1322.8353,550
71.2878,1322.1522,550
71.2917,1309.8283,550
71.2935,1312.4932,550
71.2978,1308.1870,550
71.2983,1316.5715,550
71.3013,1309.3671,550
71.3025,1315.8292,550
71.3034,1307.8269,550
71.3035,1306.5903,550
71.3035,1313.8605,550
71.3050,1313.4422,550
71.3075,1320.1661,550
71.3090,1318.6088,550
71.3109,1316.3425,550
71.3110,1316.6058,550
71.3118,1333.1396,550
71.3142,1326.7434,550
71.3145,1328.6607,550
71.3145,1320.4609,550
71.3158,1322.3332,550
71.3183,1322.6958,550
71.3183,1322.7248,550
71.3184,1334.9170,550
71.3184,1327.7049,550
71.3213,1327.7653,550
71.3213,1324.7653,550
71.3231,1331.2080,550
71.3238,1330.6425,550
71.3238,1331.5298,550
71.3262,1328.0599,550
71.3289,1331.4837,550
71.3295,1330.0533,550
71.3347,1333.8481,550
71.3348,1331.0161,550
71.3356,1334.5690,550
71.3368,1332.5713,550
71.3399,1344.2460,550
71.3430,1333.3693,550
71.3512,1322.9628,550
71.3513,1326.9887,550
71.3521,1322.0890,550
71.3526,1331.9262,550
71.3619,1322.5958,550
71.3620,1335.8119,550
71.3620,1335.1692,550
71.3620,1327.4926,550
71.3620,1338.6192,550
71.3629,1335.1681,550
71.3641,1340.2122,550
71.3659,1366.4557,550
71.3660,1338.2330,550
71.3660,1345.4074,550
71.3662,1337.9786,550
71.3663,1343.6220,550
71.3676,1339.8059,550
71.3714,1343.0861,550
71.3717,1349.5714,550
71.3739,1342.3665,550
71.3776,1338.5171,550
71.3777,1339.9644,550
71.3824,1336.9338,550
71.3874,1334.4684,550
71.3885,1342.4426,550
71.3886,1337.7183,550
71.3913,1377.2171,550
71.3914,1339.0173,550
71.3917,1348.4442,550
71.3954,1335.5468,550
71.3982,1337.4384,550
71.3994,1344.9556,550
71.4008,1333.9106,550
71.4043,1334.8128,550
71.4053,1340.6273,550
71.4066,1339.2959,550
71.4098,1339.3000,550
71.4114,1380.2633,550
71.4123,1353.2137,550
71.4136,1340.4035,550
71.4145,1341.9833,550
71.4153,1344.3508,550
71.4187,1341.0426,550
71.4206,1347.2582,550
71.4222,1340.3853,550
71.4260,1335.9482,550
71.4327,1343.5332,550
71.4337,1336.6973,550
71.4341,1336.2871,550
71.4356,1352.4829,550
71.4359,1340.5851,550
71.4379,1338.5139,550
71.4423,1340.9414,550
71.4451,1337.4286,550
71.4452,1337.8783,550
71.4517,1341.6554,550
71.4526,1343.6986,550
71.4530,1349.3744,550
71.4530,1342.9347,550
71.4566,1348.8238,550
71.4602,1335.2529,550
71.4609,1337.4221,550
71.4609,1352.9548,550
71.4609,1350.3289,550
71.4616,1342.6851,550
71.4640,1367.9732,550
71.4641,1343.2824,550
71.4650,1348.7615,550
71.4686,1338.8344,550
71.4694,1343.7462,550
71.4722,1330.2192,550
71.4732,1344.9155,550
71.4788,1341.9043,550
71.4827,1339.5857,550
71.4832,1338.6575,550
71.4837,1350.1737,550
71.4838,1349.0751,550
71.4895,1341.2121,550
71.4896,1350.9815,550
71.4903,1343.1855,550
71.4909,1347.6708,550
71.4963,1342.4042,550
71.4997,1349.2675,550
71.4998,1344.5384,550
71.4998,1349.0031,550
71.5003,1350.5275,550
71.5010,1349.7087,550
71.5036,1360.9290,550
71.5065,1352.1213,550
71.5065,1332.2142,550
71.5076,1349.3703,550
71.5112,1343.0516,550
71.5124,1344.8073,550
71.5127,1351.8960,550
71.5128,1351.4876,550
71.5128,1357.4821,550
71.5131,1354.3720,550
71.5153,1354.9209,550
71.5167,1355.7004,550
71.5174,1364.3837,550
71.5190,1357.0547,550
71.5192,1366.8700,550
71.5209,1375.5443,550
71.5218,1372.2027,550
71.5226,1371.4836,550
71.5268,1354.9519,550
71.5279,1359.5032,550
71.5279,1370.3991,550
71.5339,1359.7411,550
71.5340,1362.4788,550
71.5361,1360.4676,550
71.5363,1361.9510,550
71.5385,1365.6186,550
71.5394,1361.7682,550
71.5417,1360.0858,550
71.5418,1371.8272,550
71.5425,1377.4597,550
71.5425,1375.4889,550
71.5436,1372.9257,550
71.5460,1366.8692,550
71.5502,1372.4331,550
71.5502,1367.5344,550
71.5529,1362.8042,550
71.5530,1372.5901,550
71.5530,1364.7671,550
71.5543,1371.8049,550
71.5563,1374.0006,550
71.5564,1373.1913,550
71.5612,1356.1610,550
71.5620,1373.3093,550
71.5652,1373.4792,550
71.5652,1373.4016,550
71.5675,1374.9245,550
71.5701,1375.0279,550
71.5703,1372.1264,550
71.5703,1375.8263,550
71.5731,1375.1842,550
71.5737,1379.5980,550
71.5761,1374.2352,550
71.5761,1386.2000,550
71.5788,1378.0238,550
71.5788,1379.1073,550
71.5807,1381.5759,550
71.5809,1389.6991,550
71.5833,1387.6268,550
71.5860,1383.3527,550
71.5874,1381.9804,550
71.5875,1383.4762,550
71.5915,1385.2841,550
71.5917,1375.9633,550
71.5939,1375.4429,550
71.6004,1376.8715,550
71.6051,1371.2403,550
71.6071,1372.5661,550
71.6080,1371.1763,550
71.6103,1381.7352,550
71.6104,1384.4796,550
71.6110,1379.2489,550
71.6111,1392.8482,550
71.6111,1383.2602,550
71.6130,1382.9287,550
71.6144,1382.5932,550
71.6171,1383.3034,550
71.6183,1384.4396,550
71.6257,1378.2050,550
71.6287,1387.6104,550
71.6288,1385.3274,550
71.6288,1377.9048,550
71.6312,1389.3428,550
71.6334,1380.2028,550
71.6359,1382.1074,550
71.6462,1373.1222,550
71.6527,1367.0746,550
71.6539,1370.4173,550
71.6569,1366.2649,550
71.6705,1387.4245,550
71.6705,1358.0424,550
71.6733,1358.1797,550
71.6734,1368.1290,550
71.6734,1363.9669,550
71.6744,1359.9740,550
71.6745,1363.3854,550
71.6745,1363.8301,550
71.6782,1371.7996,550
71.6798,1370.1782,550
71.6805,1366.4416,550
71.6807,1366.2408,550
71.6813,1371.6760,550
71.6853,1366.5706,550
71.6911,1364.4030,550
71.6922,1370.8318,550
71.6922,1367.3568,550
71.6950,1378.8220,550
71.6977,1365.3191,550
71.6985,1370.7012,550
71.6997,1377.5164,550
71.7019,1366.9161,550
71.7020,1367.1751,550
71.7020,1395.5949,550
71.7026,1375.3828,550
71.7031,1379.7229,550
71.7035,1379.3215,550
71.7068,1384.4141,550
71.7079,1374.8730,550
71.7080,1387.1298,550
71.7106,1376.8419,550
71.7124,1417.9909,550
71.7130,1377.3413,550
71.7179,1370.8272,550
71.7213,1373.4667,550
71.7226,1384.9950,550
71.7233,1378.7116,550
71.7240,1380.7355,550
71.7260,1376.1127,550
71.7309,1373.7789,550
71.7329,1378.7938,550
71.7359,1384.4551,550
71.7365,1373.5859,550
71.7387,1373.5774,550
71.7419,1373.5662,550
71.7461,1365.6006,550
71.7461,1371.4949,550
71.7474,1372.9246,550
71.7498,1370.6135,550
71.7524,1387.5598,550
71.7524,1387.5031,550
71.7533,1373.4504,550
71.7616,1378.3089,550
71.7629,1363.8613,550
71.7640,1370.0607,550
71.7641,1382.4446,550
71.7651,1374.8293,550
71.7681,1372.1321,550
71.7683,1385.9872,550
71.7689,1373.5621,550
71.7690,1385.2563,550
71.7699,1387.9097,550
71.7708,1383.4602,550
71.7711,1386.6361,550
71.7718,1375.2853,550
71.7742,1382.7766,550
71.7779,1380.7478,550
71.7780,1386.0396,550
71.7793,1411.6196,550
71.7793,1395.0072,550
71.7810,1386.3214,550
71.7810,1401.6010,550
71.7817,1392.2293,550
71.7867,1387.1804,550
71.7868,1387.5241,550
71.7868,1392.2694,550
71.7868,1391.0277,550
71.7896,1390.0078,550
71.7906,1392.0338,550
71.7917,1400.3585,550
71.7949,1390.4931,550
71.7971,1393.0697,550
71.7998,1391.1352,550
71.8009,1390.5263,550
71.8043,1403.7663,550
71.8062,1391.6554,550
71.8064,1386.6064,550
71.8064,1386.5914,550
71.8069,1396.4995,550
71.8070,1411.2015,550
71.8079,1400.1654,550
71.8083,1405.8447,550
71.8092,1409.5189,550
71.8189,1390.8788,550
71.8189,1399.8052,550
71.8190,1409.3233,550
71.8190,1405.1063,550
71.8197,1414.5416,550
71.8245,1410.3490,550
71.8275,1396.5660,550
71.8316,1398.0546,550
71.8316,1403.1909,550
71.8366,1397.7203,550
71.8366,1401.8188,550
71.8375,1397.2921,550
71.8414,1394.0915,550
71.8428,1396.0482,550
71.8444,1393.9876,550
71.8445,1397.6799,550
71.8445,1402.8536,550
71.8473,1395.2797,550
71.8478,1400.6974,550
71.8506,1414.3121,550
71.8517,1401.5617,550
71.8551,1404.6838,550
71.8552,1400.5874,550
71.8552,1412.6909,550
71.8562,1408.7269,550
71.8568,1402.4459,550
71.8579,1437.7174,550
71.8580,1411.0309,550
71.8597,1413.1265,550
71.8598,1420.0055,550
71.8599,1419.4648,550
71.8647,1410.1219,550
71.8705,1408.4689,550
71.8706,1408.1291,550
71.8715,1411.9715,550
71.8722,1407.6027,550
71.8742,1414.6657,550
71.8791,1410.6755,550
71.8792,1411.5052,550
71.8793,1417.3562,550
71.8820,1414.5996,550
71.8821,1419.4028,550
71.8822,1416.3693,550
71.8833,1425.7472,550
71.8843,1426.2926,550
71.8877,1426.3420,550
71.8883,1420.7514,550
71.8889,1417.0014,550
71.8900,1417.9739,550
71.8926,1421.4443,550
71.8926,1418.3716,550
71.8933,1416.3039,550
71.8934,1423.4884,550
71.8956,1426.4632,550
71.8976,1424.8436,550
71.9038,1418.6582,550
71.9058,1419.4606,550
71.9079,1418.0560,550
71.9090,1425.1087,550
71.9122,1418.9508,550
71.9148,1431.9945,550
71.9149,1412.8968,550
71.9154,1425.8665,550
71.9163,1421.9845,550
71.9209,1419.8050,550
71.9210,1429.5198,550
71.9255,1431.4940,550
71.9256,1431.8803,550
71.9284,1424.1218,550
71.9318,1418.0052,550
71.9321,1446.0952,550
71.9353,1414.5021,550
71.9355,1423.9049,550
71.9391,1411.3612,550
71.9392,1426.3386,550
71.9405,1421.0879,550
71.9471,1421.3754,550
71.9471,1421.7798,550
71.9489,1419.9700,550
71.9519,1428.4226,550
71.9521,1421.4054,550
71.9526,1416.2669,550
71.9527,1424.5390,550
71.9587,1416.2694,550
71.9609,1424.4296,550
71.9622,1420.2817,550
71.9622,1423.1431,550
71.9644,1423.2681,550
71.9644,1435.3307,550
71.9644,1434.9278,550
71.9652,1440.7451,550
71.9652,1428.7652,550
71.9709,1428.8159,550
71.9728,1436.1870,550
71.9746,1425.1122,550
71.9782,1437.8593,550
71.9783,1430.6509,550
71.9803,1425.5815,550
71.9805,1428.0334,550
71.9865,1425.6366,550
71.9866,1424.5423,550
71.9887,1426.1261,550
71.9888,1428.0091,550
71.9894,1426.6609,550
71.9915,1423.3209,550
72.0031,1419.5315,550
72.0040,1422.8815,550
72.0070,1422.2467,550
72.0128,1423.4570,550
72.0168,1419.5152,550
72.0169,1410.0102,550
72.0178,1421.3267,550
72.0195,1416.7391,550
72.0196,1418.8931,550
72.0255,1419.8638,550
72.0256,1413.5003,550
72.0256,1419.2188,550
72.0293,1416.9181,550
72.0320,1417.3436,550
72.0355,1418.3294,550
72.0355,1418.2503,550
72.0359,1410.9421,550
72.0375,1421.8410,550
72.0404,1414.3770,550
72.0419,1417.4164,550
72.0425,1426.8350,550
72.0512,1413.3392,550
72.0541,1419.5401,550
72.0542,1422.1457,550
72.0551,1414.1760,550
72.0570,1417.5503,550
72.0571,1417.4148,550
72.0585,1417.3539,550
72.0610,1420.2854,550
72.0611,1417.8349,550
72.0638,1418.5359,550
72.0639,1418.4154,550
72.0651,1427.0425,550
72.0656,1430.7904,550
72.0665,1423.9598,550
72.0691,1420.5352,550
72.0698,1424.7250,550
72.0702,1428.2923,550
72.0732,1424.5468,550
72.0776,1426.3812,550
72.0787,1430.6520,550
72.0815,1434.1090,550
72.0838,1422.6967,550
72.0876,1425.2638,550
72.0893,1428.6126,550
72.0961,1419.0979,550
72.0988,1411.3881,550
72.0989,1427.8060,550
72.0997,1418.2250,550
72.0997,1426.9574,550
72.1007,1427.0707,550
72.1011,1421.7099,550
72.1011,1429.2922,550
72.1028,1426.4525,550
72.1045,1432.3107,550
72.1053,1440.4243,550
72.1069,1428.0327,550
72.1171,1420.8794,550
72.1173,1423.5219,550
72.1188,1425.0144,550
72.1189,1422.0101,550
72.1271,1417.2203,550
72.1272,1421.5880,550
72.1281,1430.5579,550
72.1318,1423.7525,550
72.1442,1407.9437,550
72.1443,1416.3047,550
72.1448,1419.4501,550
72.1458,1412.8931,550
72.1474,1416.9052,550
72.1508,1419.8847,550
72.1517,1413.9663,550
72.1517,1414.6488,550
72.1528,1423.6849,550
72.1529,1418.2291,550
72.1535,1456.3990,550
72.1562,1424.4461,550
72.1611,1419.6210,550
72.1624,1401.8880,550
72.1630,1417.1210,550
72.1638,1416.8915,550
72.1690,1415.1166,550
72.1740,1410.1643,550
72.1749,1419.2178,550
72.1749,1419.1755,550
72.1753,1416.6331,550
72.1788,1415.6060,550
72.1816,1412.7884,550
72.1817,1416.0359,550
72.1818,1423.2089,550
72.1829,1414.9318,550
72.1833,1419.4195,550
72.1851,1430.1620,550
72.1857,1419.2760,550
72.1929,1420.6708,550
72.1972,1410.2392,550
72.2022,1412.9710,550
72.2024,1407.5217,550
72.2025,1421.2868,550
72.2036,1411.6652,550
72.2081,1426.8264,550
72.2081,1422.3196,550
72.2120,1420.8076,550
72.2121,1425.8377,550
72.2129,1417.5169,550
72.2173,1422.9780,550
72.2174,1425.8949,550
72.2185,1419.1197,550
72.2231,1424.6363,550
72.2233,1424.5527,550
72.2244,1418.1981,550
72.2309,1412.3980,550
72.2339,1410.8958,550
72.2367,1409.1590,550
72.2369,1407.9109,550
72.2379,1420.5538,550
72.2394,1414.5404,550
72.2446,1420.0917,550
72.2447,1412.9154,550
72.2477,1412.4603,550
72.2478,1414.2169,550
72.2487,1415.5722,550
72.2487,1416.7327,550
72.2518,1423.4783,550
72.2518,1419.0920,550
72.2564,1414.6427,550
72.2606,1421.5903,550
72.2608,1418.6103,550
72.2630,1416.3431,550
72.2632,1430.1311,550
72.2662,1418.3952,550
72.2662,1418.1848,550
72.2670,1417.5923,550
72.2671,1426.3444,550
72.2696,1420.8537,550
72.2749,1425.9483,550
72.2766,1417.7243,550
72.2768,1417.2353,550
72.2768,1418.1170,550
72.2791,1432.7011,550
72.2792,1422.5289,550
72.2795,1424.3406,550
72.2837,1420.2790,550
72.2851,1423.2959,550
72.2858,1418.0902,550
72.2864,1425.8553,550
72.2883,1425.7303,550
72.2892,1434.7320,550
72.2921,1426.6500,550
72.2930,1435.0002,550
72.3001,1428.6039,550
72.3002,1419.1569,550
72.3003,1428.4227,550
72.3043,1425.2276,550
72.3044,1432.0633,550
72.3052,1435.7886,550
72.3058,1429.1281,550
72.3066,1434.4603,550
72.3101,1426.9940,550
72.3146,1467.7095,550
72.3152,1433.1100,550
72.3162,1424.7142,550
72.3166,1429.4052,550
72.3218,1425.8396,550
72.3218,1425.2900,550
72.3224,1429.1222,550
72.3225,1431.8366,550
72.3225,1434.9038,550
72.3270,1431.2120,550
72.3287,1431.6313,550
72.3296,1433.5722,550
72.3298,1434.1131,550
72.3326,1436.0339,550
72.3328,1434.9486,550
72.3334,1445.5328,550
72.3337,1445.3026,550
72.3363,1439.0705,550
72.3365,1439.4591,550
72.3370,1449.4703,550
72.3392,1454.4173,550
72.3402,1445.3751,550
72.3490,1436.1077,550
72.3585,1434.4943,550
72.3596,1431.5682,550
72.3597,1434.2061,550
72.3603,1429.8877,550
72.3646,1426.1276,550
72.3646,1428.4126,550
72.3665,1429.8998,550
72.3666,1437.6301,550
72.3686,1428.2914,550
72.3737,1442.8359,550
72.3757,1435.9086,550
72.3758,1438.3530,550
72.3774,1425.9195,550
72.3829,1443.4397,550
72.3839,1415.2235,550
72.3846,1428.6476,550
72.3846,1444.4012,550
72.3906,1439.6373,550
72.4001,1420.5282,550
72.4040,1417.8717,550
72.4062,1426.6381,550
72.4064,1425.6999,550
72.4069,1423.0314,550
72.4083,1423.7422,550
72.4109,1430.4265,550
72.4160,1419.7571,550
72.4208,1417.0827,550
72.4219,1417.5072,550
72.4250,1420.2083,550
72.4250,1404.9411,550
72.4250,1434.9688,550
72.4287,1419.5344,550
72.4303,1418.3936,550
72.4336,1424.3398,550
72.4360,1447.5324,550
72.4406,1417.3960,550
72.4415,1418.9830,550
72.4435,1417.5446,550
72.4444,1422.5259,550
72.4450,1419.5404,550
72.4482,1418.9397,550
72.4521,1429.9953,550
72.4523,1450.8318,550
72.4551,1414.9598,550
72.4552,1419.3918,550
72.4578,1417.8230,550
72.4579,1422.9375,550
72.4593,1427.7815,550
72.4607,1429.4240,550
72.4680,1416.4156,550
72.4700,1417.0763,550
72.4706,1419.7277,550
72.4709,1423.9789,550
72.4738,1418.8298,550
72.4796,1415.9464,550
72.4797,1451.7107,550
72.4843,1398.4847,550
72.4847,1417.1866,550
72.4848,1421.7593,550
72.4855,1416.4591,550
72.4883,1429.7377,550
72.4914,1419.0945,550
72.4914,1419.1195,550
72.4925,1419.9432,550
72.4954,1422.6742,550
72.4963,1428.4643,550
72.4972,1415.9498,550
72.5031,1415.4245,550
72.5042,1422.8553,550
72.5052,1419.5767,550
72.5052,1425.0296,550
72.5067,1424.9455,550
72.5075,1425.2818,550
72.5083,1439.7074,550
72.5087,1432.2094,550
72.5088,1427.0364,550
72.5101,1434.0097,550
72.5131,1434.8542,550
72.5150,1429.1753,550
72.5150,1437.7602,550
72.5173,1438.0599,550
72.5216,1422.5091,550
72.5241,1439.4791,550
72.5270,1425.0228,550
72.5270,1436.9878,550
72.5299,1425.7337,550
72.5308,1424.6599,550
72.5464,1410.4938,550
72.5502,1409.4169,550
72.5543,1409.2435,550
72.5583,1408.0932,550
72.5588,1409.3840,550
72.5611,1417.8578,550
72.5612,1421.1575,550
72.5630,1408.6412,550
72.5675,1408.9437,550
72.5703,1408.6814,550
72.5748,1409.6268,550
72.5776,1407.1165,550
72.5786,1390.8435,550
72.5817,1416.6684,550
72.5817,1403.8593,550
72.5817,1416.6310,550
72.5821,1410.3467,550
72.5867,1406.5438,550
72.5868,1418.0271,550
72.5876,1414.4482,550
72.5895,1408.8170,550
72.5933,1411.4877,550
72.5975,1406.6638,550
72.6028,1401.9712,550
72.6029,1413.9360,550
72.6035,1406.6156,550
72.6048,1421.3912,550
72.6093,1415.7945,550
72.6098,1427.6111,550
72.6101,1406.7525,550
72.6138,1408.5372,550
72.6140,1410.7268,550
72.6168,1410.1080,550
72.6168,1417.1711,550
72.6168,1413.8730,550
72.6207,1410.0181,550
72.6217,1420.3441,550
72.6227,1408.4747,550
72.6246,1417.3463,550
72.6247,1419.5482,550
72.6267,1410.8853,550
72.6277,1411.4497,550
72.6285,1419.3630,550
72.6325,1421.7354,550
72.6335,1414.9196,550
72.6354,1422.5330,550
72.6450,1417.9714,550
72.6462,1416.8248,550
72.6497,1408.2192,550
72.6519,1414.8800,550
72.6547,1406.2170,550
72.6628,1400.2245,550
72.6704,1397.0030,550
72.6726,1394.8815,550
72.6726,1394.1412,550
72.6733,1405.3913,550
72.6738,1404.8597,550
72.6756,1395.6924,550
72.6756,1399.9529,550
72.6757,1405.6704,550
72.6797,1401.6189,550
72.6798,1398.4277,550
72.6798,1405.3349,550
72.6805,1438.0729,550
72.6805,1412.5612,550
72.6816,1412.1508,550
72.6821,1417.3135,550
72.6822,1412.1328,550
72.6829,1410.8845,550
72.6861,1411.2670,550
72.6869,1411.4672,550
72.6896,1412.9796,550
72.6959,1409.6063,550
72.6960,1410.4469,550
72.6977,1411.9385,550
72.7064,1406.5618,550
72.7104,1411.4147,550
72.7116,1408.1421,550
72.7134,1405.7931,550
72.7156,1415.5550,550
72.7179,1400.6124,550
72.7213,1386.0946,550
72.7213,1411.1812,550
72.7234,1402.1459,550
72.7258,1412.7153,550
72.7293,1402.2039,550
72.7305,1401.0987,550
72.7306,1404.6563,550
72.7331,1412.4990,550
72.7340,1404.4959,550
72.7379,1414.4790,550
72.7380,1406.3346,550
72.7394,1406.2255,550
72.7405,1391.0952,550
72.7414,1415.0605,550
72.7417,1408.8819,550
72.7437,1414.2607,550
72.7442,1413.5319,550
72.7442,1419.5399,550
72.7454,1413.1189,550
72.7456,1414.7289,550
72.7464,1423.0549,550
72.7488,1425.3054,550
72.7488,1412.0081,550
72.7510,1415.2338,550
72.7511,1416.2492,550
72.7511,1432.4083,550
72.7597,1425.3540,550
72.7598,1414.7440,550
72.7603,1419.4468,550
72.7638,1421.2689,550
72.7669,1412.8341,550
72.7684,1429.2538,550
72.7690,1420.1507,550
72.7690,1416.0641,550
72.7723,1451.5485,550
72.7724,1420.3765,550
72.7732,1419.5903,550
72.7795,1420.7218,550
72.7818,1421.3627,550
72.7829,1445.2553,550
72.7860,1427.2266,550
72.7862,1424.5426,550
72.7870,1426.3203,550
72.7876,1420.4469,550
72.7910,1454.9057,550
72.7986,1421.2569,550
72.7997,1413.6181,550
72.8035,1426.5159,550
72.8036,1415.7682,550
72.8053,1415.5298,550
72.8064,1426.2787,550
72.8086,1448.5537,550
72.8096,1430.3121,550
72.8103,1417.8159,550
72.8127,1415.4908,550
72.8127,1417.2940,550
72.8141,1423.2616,550
72.8157,1417.0787,550
72.8184,1424.8765,550
72.8209,1430.4838,550
72.8210,1458.2247,550
72.8219,1455.0379,550
72.8266,1419.2785,550
72.8267,1422.5529,550
72.8267,1408.9736,550
72.8285,1423.2449,550
72.8286,1436.2977,550
72.8329,1431.3056,550
72.8330,1438.0412,550
72.8342,1421.0805,550
72.8349,1434.7930,550
72.8373,1426.8774,550
72.8422,1423.4731,550
72.8441,1432.8772,550
72.8461,1422.4045,550
72.8466,1433.8388,550
72.8485,1432.0019,550
72.8486,1430.1567,550
72.8494,1433.2450,550
72.8496,1438.6321,550
72.8500,1443.9849,550
72.8522,1429.9625,550
72.8528,1440.1827,550
72.8538,1433.8758,550
72.8637,1423.8923,550
72.8667,1430.1807,550
72.8675,1435.6750,550
72.8676,1432.1428,550
72.8694,1428.2054,550
72.8720,1428.2620,550
72.8722,1430.5214,550
72.8726,1444.5118,550
72.8794,1432.5456,550
72.8795,1431.7482,550
72.8806,1432.5476,550
72.8855,1434.5758,550
72.8867,1430.0146,550
72.8894,1423.7240,550
72.8901,1463.5710,550
72.8902,1467.0229,550
72.8927,1422.6518,550
72.8928,1426.9618,550
72.9009,1425.2108,550
72.9010,1426.4626,550
72.9016,1429.5786,550
72.9052,1427.8006,550
72.9053,1435.1073,550
72.9081,1440.9331,550
72.9095,1437.3945,550
72.9124,1421.1578,550
72.9130,1440.9207,550
72.9189,1434.9401,550
72.9238,1430.1328,550
72.9277,1421.2862,550
72.9285,1420.8430,550
72.9291,1434.3332,550
72.9316,1425.2172,550
72.9317,1421.5710,550
72.9354,1427.5216,550
72.9376,1416.5650,550
72.9391,1422.9251,550
72.9473,1423.4503,550
72.9482,1426.0311,550
72.9489,1453.3666,550
72.9521,1431.1567,550
72.9522,1413.8743,550
72.9528,1421.5955,550
72.9537,1423.0814,550
72.9572,1424.3460,550
72.9572,1426.1548,550
72.9609,1421.4139,550
72.9658,1433.3968,550
72.9660,1420.0503,550
72.9685,1421.6642,550
72.9686,1424.7389,550
72.9694,1426.2098,550
72.9714,1434.5038,550
72.9725,1420.8993,550
72.9730,1432.0014,550
72.9736,1426.0744,550
72.9767,1428.2332,550
72.9767,1429.6726,550
72.9776,1434.9981,550
72.9851,1460.8635,550
72.9898,1420.4627,550
72.9906,1424.2855,550
72.9949,1419.5299,550
72.9970,1434.0064,550
72.9977,1424.6661,550
73.0012,1416.3440,550
73.0051,1417.2399,550
73.0061,1415.9943,550
73.0067,1415.7078,550
73.0076,1420.7305,550
73.0077,1430.4349,550
73.0110,1420.5752,550
73.0117,1423.4666,550
73.0140,1433.2805,550
73.0166,1426.3141,550
73.0175,1430.3322,550
73.0184,1425.0056,550
73.0192,1424.6894,550
73.0205,1423.3300,550
73.0205,1429.3540,550
73.0211,1434.2472,550
73.0218,1437.2513,550
73.0224,1432.2712,550
73.0230,1435.2451,550
73.0279,1432.9679,550
73.0280,1440.6883,550
73.0280,1433.9918,550
73.0280,1446.4725,550
73.0287,1437.6461,550
73.0325,1442.8369,550
73.0326,1439.2658,550
73.0459,1435.8986,550
73.0481,1425.4520,550
73.0482,1427.1361,550
73.0482,1429.5385,550
73.0490,1435.2053,550
73.0496,1432.2130,550
73.0513,1433.6545,550
73.0514,1447.6024,550
73.0556,1435.5958,550
73.0557,1436.4632,550
73.0557,1434.4936,550
73.0565,1446.5567,550
73.0608,1443.4737,550
73.0610,1437.9942,550
73.0610,1439.7186,550
73.0610,1452.1867,550
73.0610,1434.4646,550
73.0610,1445.6378,550
73.0610,1454.0276,550
73.0683,1441.7955,550
73.0723,1441.8616,550
73.0724,1453.6943,550
73.0764,1449.7060,550
73.0765,1437.6938,550
73.0770,1445.7405,550
73.0791,1439.6399,550
73.0792,1450.4105,550
73.0811,1445.1723,550
73.0820,1446.4232,550
73.0865,1445.7955,550
73.0866,1454.0173,550
73.0873,1446.7483,550
73.0879,1455.1458,550
73.0883,1450.0570,550
73.0900,1462.7397,550
73.0937,1455.9783,550
73.0938,1449.5520,550
73.0938,1452.5385,550
73.0938,1454.4171,550
73.0942,1461.5772,550
73.0963,1453.3541,550
73.1068,1449.0087,550
73.1068,1442.4635,550
73.1068,1450.9374,550
73.1068,1450.9211,550
73.1085,1458.5984,550
73.1094,1454.0528,550
73.1101,1467.0358,550
73.1118,1464.8912,550
73.1118,1461.9864,550
73.1147,1462.5823,550
73.1163,1457.7299,550
73.1168,1461.2358,550
73.1169,1460.4495,550
73.1197,1461.1302,550
73.1258,1448.0965,550
73.1259,1457.7672,550
73.1259,1461.3475,550
73.1259,1464.0319,550
73.1293,1460.5158,550
73.1303,1474.0949,550
73.1307,1462.6213,550
73.1394,1456.4703,550
73.1420,1460.7821,550
73.1427,1456.7469,550
73.1434,1452.3825,550
73.1488,1454.0700,550
73.1489,1459.8385,550
73.1501,1459.0946,550
73.1558,1453.5942,550
73.1558,1454.1482,550
73.1596,1454.5649,550
73.1605,1455.2406,550
73.1633,1454.5766,550
73.1667,1449.9369,550
73.1676,1450.7134,550
73.1679,1455.2343,550
73.1683,1465.8904,550
73.1684,1458.4332,550
73.1708,1472.5749,550
73.1737,1456.7850,550
73.1756,1458.7748,550
73.1757,1471.4598,550
73.1767,1457.5542,550
73.1790,1487.8613,550
73.1834,1473.2179,550
73.1876,1457.4224,550
73.1926,1452.4892,550
73.1978,1449.4964,550
73.1987,1460.4072,550
73.2006,1447.4158,550
73.2006,1455.9130,550
73.2023,1451.8525,550
73.2030,1455.5952,550
73.2090,1449.8509,550
73.2112,1464.6157,550
73.2125,1451.1295,550
73.2164,1449.9767,550
73.2182,1445.3553,550
73.2214,1446.5002,550
73.2275,1446.4396,550
73.2293,1444.6477,550
73.2311,1444.6907,550
73.2312,1448.1260,550
73.2372,1443.0006,550
73.2411,1464.9126,550
73.2424,1451.4672,550
73.2463,1445.9324,550
73.2463,1443.1084,550
73.2463,1447.9419,550
73.2484,1456.9329,550
73.2484,1461.1274,550
73.2521,1441.9852,550
73.2522,1442.0849,550
73.2531,1484.2909,550
73.2537,1451.5958,550
73.2542,1449.8264,550
73.2569,1449.1704,550
73.2570,1460.8637,550
73.2582,1455.1940,550
73.2590,1445.9173,550
73.2599,1457.2535,550
73.2609,1452.3811,550
73.2609,1456.3527,550
73.2638,1458.2386,550
73.2676,1460.8714,550
73.2709,1451.0147,550
73.2712,1461.1872,550
73.2714,1461.0533,550
73.2745,1455.9288,550
73.2751,1457.0976,550
73.2751,1456.6210,550
73.2788,1458.3048,550
73.2799,1464.5911,550
73.2864,1457.4770,550
73.2866,1451.4226,550
73.2878,1464.5841,550
73.2894,1462.8829,550
73.2934,1450.6076,550
73.2959,1455.4466,550
73.2971,1448.1673,550
73.3002,1458.7513,550
73.3076,1448.6542,550
73.3085,1456.8043,550
73.3162,1445.8083,550
73.3162,1445.4283,550
73.3176,1455.1345,550
73.3178,1448.3216,550
73.3184,1473.7267,550
73.3189,1451.4738,550
73.3214,1456.7046,550
73.3238,1463.4654,550
73.3244,1451.1766,550
73.3305,1451.4270,550
73.3341,1447.8481,550
73.3365,1444.5257,550
73.3380,1461.1500,550
73.3413,1456.5202,550
73.3436,1443.5624,550
73.3437,1447.4348,550
73.3455,1448.6137,550
73.3484,1446.6500,550
73.3486,1450.7415,550
73.3514,1451.2408,550
73.3533,1453.3540,550
73.3537,1448.3088,550
73.3550,1452.2586,550
73.3551,1450.7262,550
73.3554,1450.8987,550
73.3575,1453.8221,550
73.3591,1455.1007,550
73.3598,1465.3746,550
73.3642,1452.6170,550
73.3643,1456.0816,550
73.3653,1455.0471,550
73.3672,1459.0365,550
73.3672,1465.4408,550
73.3699,1470.1822,550
73.3720,1456.8426,550
73.3740,1463.5051,550
73.3768,1455.8662,550
73.3779,1453.1512,550
73.3817,1455.2571,550
73.3819,1458.1652,550
73.3827,1457.4033,550
73.3828,1454.1628,550
73.3844,1459.8220,550
73.3865,1458.5249,550
73.3893,1458.9978,550
73.3922,1465.9135,550
73.3923,1460.8735,550
73.3951,1462.3592,550
73.3994,1463.3554,550
73.4003,1458.9724,550
73.4057,1451.8376,550
73.4082,1461.7115,550
73.4094,1456.0877,550
73.4117,1461.3486,550
73.4175,1461.4289,550
73.4176,1463.9572,550
73.4215,1457.1820,550
73.4232,1436.1592,550
73.4232,1457.9245,550
73.4233,1460.9257,550
73.4240,1453.3889,550
73.4283,1453.7954,550
73.4284,1462.0084,550
73.4342,1450.6800,550
73.4343,1452.9580,550
73.4343,1469.2511,550
73.4348,1457.2771,550
73.4369,1456.4070,550
73.4430,1453.4764,550
73.4444,1467.4973,550
73.4444,1460.1447,550
73.4452,1458.3562,550
73.4482,1462.2842,550
73.4492,1455.4235,550
73.4524,1451.1524,550
73.4579,1459.6436,550
73.4579,1453.9449,550
73.4579,1456.6547,550
73.4583,1456.2313,550
73.4593,1463.1423,550
73.4599,1473.5357,550
73.4625,1457.0330,550
73.4627,1464.9576,550
73.4639,1462.8213,550
73.4641,1470.7571,550
73.4674,1467.1331,550
73.4676,1459.0159,550
73.4703,1463.1417,550
73.4723,1464.8347,550
73.4754,1462.9723,550
73.4803,1463.8739,550
73.4815,1462.7163,550
73.4853,1458.9110,550
73.4854,1500.9770,550
73.4872,1464.4636,550
73.4882,1461.6913,550
73.4883,1462.0700,550
73.4957,1469.8794,550
73.4961,1471.0477,550
73.4977,1459.7657,550
73.4983,1459.1239,550
73.5022,1464.1579,550
73.5024,1463.1975,550
73.5027,1448.9387,550
73.5030,1464.6685,550
73.5062,1466.0853,550
73.5110,1460.5040,550
73.5122,1477.1529,550
73.5144,1457.8543,550
73.5153,1463.9036,550
73.5177,1462.4016,550
73.5180,1464.9180,550
73.5180,1468.9372,550
73.5186,1473.0342,550
73.5187,1472.9680,550
73.5194,1471.4081,550
73.5197,1469.7060,550
73.5254,1478.8548,550
73.5255,1474.3794,550
73.5255,1472.8470,550
73.5274,1472.4927,550
73.5282,1478.4147,550
73.5304,1474.2530,550
73.5311,1479.0714,550
73.5313,1475.2241,550
73.5351,1478.4804,550
73.5370,1476.1498,550
73.5382,1479.0074,550
73.5402,1474.8893,550
73.5402,1474.4989,550
73.5435,1483.5166,550
73.5444,1482.2046,550
73.5478,1476.7228,550
73.5479,1476.5849,550
73.5486,1487.3313,550
73.5515,1464.1327,550
73.5547,1481.7118,550
73.5598,1474.5025,550
73.5636,1479.4280,550
73.5643,1482.6829,550
73.5664,1488.8530,550
73.5697,1477.2566,550
73.5704,1468.6730,550
73.5756,1471.3564,550
73.5784,1471.7147,550
73.5785,1468.4552,550
73.5791,1473.8378,550
73.5805,1474.7501,550
73.5806,1489.6906,550
73.5838,1471.8029,550
73.5844,1475.7339,550
73.5881,1475.0349,550
73.5929,1477.3615,550
73.5998,1470.4931,550
73.6037,1466.1986,550
73.6050,1465.3043,550
73.6066,1466.6061,550
73.6086,1469.5745,550
73.6144,1461.7945,550
73.6151,1461.8965,550
73.6152,1464.3905,550
73.6175,1461.6642,550
73.6203,1475.5179,550
73.6215,1469.7566,550
73.6217,1466.5996,550
73.6217,1469.6289,550
73.6224,1469.4406,550
73.6225,1483.8344,550
73.6253,1476.9798,550
73.6272,1469.7523,550
73.6275,1468.2993,550
73.6297,1472.5365,550
73.6304,1476.3110,550
73.6305,1475.7970,550
73.6318,1477.5558,550
73.6321,1474.2380,550
73.6342,1471.2338,550
73.6343,1480.5017,550
73.6377,1485.3100,550
73.6392,1476.5555,550
73.6426,1476.7423,550
73.6435,1485.9619,550
73.6437,1482.7524,550
73.6451,1484.3420,550
73.6469,1482.5703,550
73.6469,1482.5171,550
73.6516,1511.1984,550
73.6553,1480.4891,550
73.6562,1489.2658,550
73.6562,1483.2843,550
73.6675,1474.9764,550
73.6677,1474.8344,550
73.6700,1476.4595,550
73.6725,1470.0671,550
73.6753,1472.9179,550
73.6762,1481.2594,550
73.6765,1483.6060,550
73.6770,1482.4475,550
73.6777,1479.7426,550
73.6786,1489.4727,550
73.6835,1490.6000,550
73.6836,1478.9926,550
73.6838,1479.5261,550
73.6842,1478.6431,550
73.6842,1489.9109,550
73.6862,1492.0872,550
73.6891,1493.5674,550
73.6892,1519.9127,550
73.6894,1488.4653,550
73.6922,1490.4765,550
73.6922,1491.2826,550
73.6922,1491.1755,550
73.6922,1505.1914,550
73.6922,1493.8012,550
73.6934,1497.0984,550
73.6938,1496.1055,550
73.6969,1503.4068,550
73.7008,1502.6341,550
73.7036,1492.8397,550
73.7067,1483.5465,550
73.7114,1474.3356,550
73.7115,1492.0340,550
73.7116,1492.3405,550
73.7116,1503.0830,550
73.7133,1522.8538,550
73.7161,1489.8907,550
73.7195,1495.5772,550
73.7202,1494.3422,550
73.7202,1508.8970,550
73.7233,1494.1850,550
73.7234,1511.5392,550
73.7298,1504.8933,550
73.7347,1490.9453,550
73.7399,1486.7796,550
73.7418,1487.4110,550
73.7429,1493.3043,550
73.7447,1495.4722,550
73.7449,1474.7217,550
73.7463,1489.2665,550
73.7497,1485.7242,550
73.7511,1491.9242,550
73.7535,1489.0923,550
73.7572,1486.2712,550
73.7573,1488.1603,550
73.7634,1487.6759,550
73.7635,1472.7941,550
73.7642,1487.7103,550
73.7659,1496.8013,550
73.7670,1498.5579,550
73.7670,1489.1327,550
73.7679,1492.1815,550
73.7679,1501.3054,550
73.7682,1491.9544,550
73.7710,1491.6148,550
73.7711,1505.2572,550
73.7760,1493.6456,550
73.7768,1495.6758,550
73.7768,1504.5180,550
73.7781,1504.9524,550
73.7781,1509.4024,550
73.7793,1502.1650,550
73.7815,1499.7686,550
73.7852,1510.6526,550
73.7853,1502.3667,550
73.7863,1500.4370,550
73.7864,1505.5553,550
73.7891,1504.4825,550
73.7892,1505.9296,550
73.7900,1514.2796,550
73.7914,1506.9473,550
73.7950,1503.1133,550
73.7952,1513.5938,550
73.7979,1514.9708,550
73.7980,1507.6062,550
73.7989,1505.2300,550
73.8009,1507.1272,550
73.8023,1510.4684,550
73.8024,1512.0095,550
73.8029,1511.6297,550
73.8039,1515.1894,550
73.8057,1521.5383,550
73.8155,1511.8261,550
73.8156,1509.5600,550
73.8198,1509.3706,550
73.8217,1562.0130,550
73.8221,1510.4341,550
73.8243,1515.8915,550
73.8251,1515.2122,550
73.8287,1505.4977,550
73.8343,1512.4146,550
73.8352,1511.0441,550
73.8381,1548.2815,550
73.8453,1498.5831,550
73.8497,1507.6688,550
73.8519,1496.7004,550
73.8521,1498.3127,550
73.8532,1501.2187,550
73.8533,1502.5415,550
73.8538,1498.0988,550
73.8545,1507.3345,550
73.8545,1516.1873,550
73.8571,1511.4869,550
73.8593,1507.0614,550
73.8593,1516.8143,550
73.8603,1515.5041,550
73.8604,1512.4024,550
73.8630,1512.8714,550
73.8661,1517.4867,550
73.8666,1516.0901,550
73.8690,1517.5196,550
73.8691,1511.2331,550
73.8691,1511.3219,550
73.8691,1517.3821,550
73.8718,1514.4792,550
73.8800,1514.3339,550
73.8800,1503.4473,550
73.8801,1523.9330,550
73.8801,1514.0906,550
73.8801,1527.7329,550
73.8809,1515.5303,550
73.8814,1514.7590,550
73.8820,1532.7811,550
73.8828,1518.2736,550
73.8890,1529.5794,550
73.8891,1523.5627,550
73.8891,1525.4688,550
73.8922,1522.0984,550
73.8940,1533.2367,550
73.8951,1519.3155,550
73.8989,1519.8382,550
73.8989,1529.8277,550
73.8989,1524.0433,550
73.9020,1525.0524,550
73.9020,1535.4005,550
73.9076,1524.6953,550
73.9100,1517.2837,550
73.9132,1518.9607,550
73.9141,1528.7299,550
73.9175,1523.4078,550
73.9179,1516.9690,550
73.9179,1530.4101,550
73.9214,1521.6212,550
73.9232,1519.8530,550
73.9262,1519.4027,550
73.9272,1521.3006,550
73.9303,1520.7445,550
73.9304,1518.0202,550
73.9314,1523.5618,550
73.9314,1531.1889,550
73.9348,1528.1812,550
73.9382,1520.6495,550
73.9404,1521.8698,550
73.9404,1523.2717,550
73.9480,1616.7868,550
73.9509,1527.0810,550
73.9515,1517.4567,550
73.9554,1519.2235,550
73.9557,1503.5385,550
73.9568,1510.5554,550
73.9571,1514.6597,550
73.9624,1520.1492,550
73.9651,1517.1936,550
73.9682,1518.9976,550
73.9776,1508.7944,550
73.9777,1509.0602,550
73.9806,1519.8547,550
73.9838,1508.7967,550
73.9839,1512.8690,550
73.9840,1544.0879,550
73.9865,1511.1005,550
73.9893,1511.3110,550
73.9895,1519.0537,550
73.9913,1513.8862,550
73.9954,1512.3660,550
73.9983,1509.4919,550
73.9986,1510.1003,550
74.0002,1511.2994,550
74.0048,1522.0958,550
74.0058,1512.3598,550
74.0119,1500.0941,550
74.0120,1517.9207,550
74.0176,1504.2294,550
74.0217,1505.6377,550
74.0262,1497.8835,550
74.0262,1501.2244,550
74.0296,1499.4626,550
74.0297,1502.1599,550
74.0325,1509.3917,550
74.0326,1504.5332,550
74.0338,1508.7723,550
74.0403,1502.8965,550
74.0414,1511.8006,550
74.0434,1485.0481,550
74.0452,1508.5752,550
74.0510,1502.1617,550
74.0510,1499.1028,550
74.0511,1498.8601,550
74.0544,1509.9464,550
74.0546,1506.2334,550
74.0567,1503.9952,550
74.0601,1493.6480,550
74.0602,1505.2212,550
74.0627,1498.7044,550
74.0629,1512.0941,550
74.0664,1511.8826,550
74.0665,1503.2741,550
74.0699,1510.0313,550
74.0700,1504.2705,550
74.0707,1508.5888,550
74.0715,1515.6324,550
74.0716,1508.3207,550
74.0716,1515.5917,550
74.0742,1516.0216,550
74.0743,1509.7738,550
74.0752,1522.5275,550
74.0781,1514.6971,550
74.0782,1515.1499,550
74.0813,1512.4441,550
74.0879,1523.5553,550
74.0886,1518.9478,550
74.0912,1507.5734,550
74.0929,1509.6567,550
74.0941,1505.9877,550
74.0978,1509.7021,550
74.1015,1541.5391,550
74.1015,1509.9616,550
74.1044,1514.9336,550
74.1054,1517.7953,550
74.1065,1502.1609,550
74.1070,1512.3620,550
74.1083,1515.7803,550
74.1098,1509.5347,550
74.1109,1509.7431,550
74.1116,1513.1686,550
74.1128,1514.2248,550
74.1134,1518.5237,550
74.1175,1514.5173,550
74.1175,1520.6545,550
74.1175,1526.5620,550
74.1175,1552.9041,550
74.1186,1524.8660,550
74.1192,1533.8564,550
74.1193,1523.6997,550
74.1216,1519.5989,550
74.1243,1524.2285,550
74.1250,1530.3179,550
74.1270,1519.8466,550
74.1271,1526.1385,550
74.1277,1535.7327,550
74.1310,1524.4432,550
74.1339,1529.5440,550
74.1352,1526.9404,550
74.1365,1535.2917,550
74.1376,1525.9855,550
74.1382,1529.0885,550
74.1414,1533.2917,550
74.1415,1528.9818,550
74.1417,1544.5476,550
74.1459,1528.2805,550
74.1468,1545.4312,550
74.1497,1529.5656,550
74.1497,1534.5102,550
74.1501,1534.0309,550
74.1505,1530.5356,550
74.1506,1549.0304,550
74.1536,1536.3577,550
74.1559,1536.3038,550
74.1573,1536.7681,550
74.1627,1536.2853,550
74.1647,1533.7715,550
74.1665,1533.1177,550
74.1749,1529.2260,550
74.1749,1534.6687,550
74.1777,1531.9428,550
74.1796,1526.9496,550
74.1802,1533.7782,550
74.1825,1539.0852,550
74.1849,1543.9162,550
74.1887,1526.1282,550
74.1914,1527.0799,550
74.1943,1527.2283,550
74.1963,1522.2357,550
74.1997,1522.9547,550
74.2001,1528.6715,550
74.2006,1527.5066,550
74.2034,1522.1301,550
74.2070,1524.9067,550
74.2079,1523.9544,550
74.2100,1525.8867,550
74.2119,1539.3402,550
74.2120,1539.1455,550
74.2161,1530.1683,550
74.2182,1538.2030,550
74.2184,1524.0660,550
74.2198,1535.4858,550
74.2251,1525.4320,550
74.2292,1522.8390,550
74.2307,1528.2083,550
74.2321,1523.6367,550
74.2339,1529.6953,550
74.2346,1537.9999,550
74.2388,1521.5105,550
74.2389,1524.2816,550
74.2396,1527.3835,550
74.2418,1521.4616,550
74.2418,1525.2026,550
74.2447,1528.5143,550
74.2448,1529.2452,550
74.2476,1531.9988,550
74.2478,1539.8661,550
74.2478,1544.8560,550
74.2486,1541.3901,550
74.2507,1533.2260,550
74.2583,1536.3212,550
74.2617,1527.0949,550
74.2625,1530.1563,550
74.2669,1525.7752,550
74.2670,1526.8386,550
74.2683,1529.1960,550
74.2683,1538.6353,550
74.2688,1531.6163,550
74.2692,1534.9286,550
74.2713,1529.1093,550
74.2718,1544.9084,550
74.2773,1541.3825,550
74.2790,1544.3445,550
74.2804,1538.9624,550
74.2872,1529.5746,550
74.2919,1533.1613,550
74.2919,1529.4451,550
74.2919,1529.5533,550
74.2923,1540.7748,550
74.2924,1544.6594,550
74.2938,1539.8611,550
74.2992,1538.0737,550
74.3021,1531.3891,550
74.3023,1528.5740,550
74.3064,1527.2182,550
74.3084,1528.7364,550
74.3086,1536.2160,550
74.3086,1524.8411,550
74.3102,1532.5183,550
74.3108,1533.8451,550
74.3111,1559.0442,550
74.3112,1536.9520,550
74.3119,1548.3340,550
74.3144,1543.9569,550
74.3149,1543.4727,550
74.3154,1539.8723,550
74.3182,1545.4333,550
74.3183,1555.8812,550
74.3195,1544.1918,550
74.3205,1537.8159,550
74.3212,1545.5015,550
74.3222,1547.1361,550
74.3223,1556.3451,550
74.3244,1548.6409,550
74.3253,1561.1492,550
74.3260,1560.0526,550
74.3270,1555.9734,550
74.3354,1545.8911,550
74.3391,1539.5435,550
74.3392,1547.8586,550
74.3397,1550.3006,550
74.3398,1547.8973,550
74.3404,1547.2475,550
74.3432,1548.3397,550
74.3451,1555.9193,550
74.3462,1559.6965,550
74.3462,1557.2678,550
74.3490,1557.2888,550
74.3530,1548.4496,550
74.3559,1559.1580,550
74.3560,1561.6024,550
74.3617,1548.8137,550
74.3653,1555.5965,550
74.3658,1550.0052,550
74.3658,1549.4938,550
74.3664,1549.3253,550
74.3665,1548.9866,550
74.3692,1551.6939,550
74.3693,1554.5148,550
74.3703,1558.1095,550
74.3733,1539.4396,550
74.3780,1557.2659,550
74.3781,1565.1600,550
74.3784,1557.2667,550
74.3785,1557.2420,550
74.3815,1553.8213,550
74.3824,1553.3208,550
74.3848,1552.7179,550
74.3849,1555.3656,550
74.3849,1564.7032,550
74.3980,1544.9783,550
74.3981,1550.7535,550
74.3981,1552.8883,550
74.4009,1548.6891,550
74.4011,1595.1949,550
74.4019,1567.0421,550
74.4020,1554.4700,550
74.4038,1553.2191,550
74.4053,1557.2961,550
74.4061,1558.8967,550
74.4061,1560.5298,550
74.4100,1558.9786,550
74.4101,1559.3746,550
74.4117,1559.7613,550
74.4118,1567.5182,550
74.4142,1565.5187,550
74.4166,1562.8057,550
74.4177,1565.4029,550
74.4195,1563.1048,550
74.4218,1566.2659,550
74.4219,1580.0206,550
74.4227,1579.4703,550
74.4244,1577.5476,550
74.4244,1568.2333,550
74.4247,1567.8950,550
74.4254,1576.2263,550
74.4255,1576.1966,550
74.4273,1577.4067,550
74.4281,1576.6055,550
74.4372,1567.4707,550
74.4379,1580.7088,550
74.4427,1573.6207,550
74.4427,1567.0505,550
74.4427,1570.6429,550
74.4452,1568.1619,550
74.4453,1578.4365,550
74.4463,1579.9932,550
74.4468,1582.4013,550
74.4491,1572.1775,550
74.4492,1582.8892,550
74.4519,1575.1089,550
74.4535,1578.6811,550
74.4536,1578.8202,550
74.4544,1577.9987,550
74.4548,1589.5424,550
74.4575,1584.9506,550
74.4576,1579.1506,550
74.4585,1617.8788,550
74.4585,1583.9935,550
74.4622,1579.9996,550
74.4622,1584.8064,550
74.4637,1583.3662,550
74.4679,1579.7163,550
74.4679,1595.0782,550
74.4679,1586.9963,550
74.4711,1587.4270,550
74.4737,1581.2151,550
74.4745,1590.4280,550
74.4828,1580.0220,550
74.4866,1578.3422,550
74.4866,1580.9185,550
74.4877,1581.6854,550
74.4908,1582.8471,550
74.4944,1588.6726,550
74.5023,1569.2842,550
74.5024,1569.2672,550
74.5024,1569.2636,550
74.5028,1577.0204,550
74.5054,1586.0789,550
74.5058,1582.6116,550
74.5083,1585.8213,550
74.5101,1588.0923,550
74.5125,1581.6333,550
74.5144,1586.8336,550
74.5161,1571.4097,550
74.5188,1575.1588,550
74.5210,1573.6267,550
74.5218,1564.8012,550
74.5227,1579.2639,550
74.5270,1589.5357,550
74.5289,1578.4371,550
74.5310,1577.5772,550
74.5317,1585.8828,550
74.5327,1587.0085,550
74.5350,1577.6179,550
74.5369,1583.1351,550
74.5377,1585.7171,550
74.5423,1580.4758,550
74.5430,1580.0613,550
74.5431,1580.9621,550
74.5431,1579.6210,550
74.5437,1600.0693,550
74.5460,1584.5103,550
74.5482,1581.7559,550
74.5487,1578.5022,550
74.5493,1587.1507,550
74.5497,1593.6014,550
74.5498,1589.2954,550
74.5528,1590.7861,550
74.5528,1591.6984,550
74.5573,1585.7427,550
74.5632,1584.0522,550
74.5640,1598.4647,550
74.5649,1585.3645,550
74.5658,1584.6801,550
74.5663,1590.1388,550
74.5664,1596.2308,550
74.5687,1600.5835,550
74.5688,1590.8062,550
74.5704,1589.2700,550
74.5729,1600.1734,550
74.5758,1597.8970,550
74.5801,1589.0106,550
74.5801,1599.4137,550
74.5859,1587.3688,550
74.5860,1589.8625,550
74.5891,1590.3201,550
74.5892,1596.9702,550
74.5892,1600.9269,550
74.5918,1594.2759,550
74.5948,1592.3515,550
74.5960,1593.2287,550
74.6039,1586.1496,550
74.6039,1595.8167,550
74.6039,1588.1585,550
74.6060,1586.1276,550
74.6091,1588.8935,550
74.6096,1589.9569,550
74.6131,1585.2222,550
74.6158,1599.3845,550
74.6167,1592.2912,550
74.6168,1595.8246,550
74.6168,1608.0216,550
74.6200,1596.5814,550
74.6202,1596.9953,550
74.6219,1591.9852,550
74.6290,1595.8098,550
74.6291,1586.0957,550
74.6291,1602.2023,550
74.6292,1592.7225,550
74.6300,1594.7901,550
74.6301,1604.1113,550
74.6301,1599.7596,550
74.6310,1600.4052,550
74.6317,1605.4828,550
74.6378,1594.4566,550
74.6395,1597.7143,550
74.6407,1599.3485,550
74.6427,1599.8233,550
74.6428,1611.3724,550
74.6459,1598.8501,550
74.6459,1616.3951,550
74.6467,1609.7950,550
74.6487,1601.7139,550
74.6516,1601.7999,550
74.6539,1602.5745,550
74.6540,1600.1439,550
74.6579,1611.9703,550
74.6579,1589.2281,550
74.6579,1611.5727,550
74.6579,1607.0319,550
74.6595,1607.7588,550
74.6596,1613.0064,550
74.6646,1615.8554,550
74.6647,1605.1549,550
74.6647,1596.9917,550
74.6653,1615.8796,550
74.6672,1616.4432,550
74.6723,1612.1247,550
74.6733,1622.1205,550
74.6784,1608.5967,550
74.6785,1612.0970,550
74.6798,1620.3294,550
74.6825,1612.5403,550
74.6826,1615.7906,550
74.6827,1612.7700,550
74.6878,1610.6390,550
74.6908,1609.3409,550
74.6927,1611.1569,550
74.6927,1618.9975,550
74.6959,1604.2504,550
74.6960,1611.6567,550
74.6965,1614.2963,550
74.6989,1622.0892,550
74.7027,1622.3520,550
74.7028,1618.1109,550
74.7034,1615.1349,550
74.7060,1614.8906,550
74.7068,1617.3600,550
74.7087,1615.7133,550
74.7106,1615.0447,550
74.7109,1619.3603,550
74.7176,1616.6527,550
74.7176,1615.4858,550
74.7196,1622.2745,550
74.7198,1613.7672,550
74.7222,1608.0463,550
74.7223,1630.1330,550
74.7252,1617.0730,550
74.7253,1620.8026,550
74.7253,1621.0848,550
74.7311,1617.8064,550
74.7312,1626.6342,550
74.7312,1626.6209,550
74.7322,1622.4241,550
74.7323,1609.5844,550
74.7340,1620.6559,550
74.7341,1628.0843,550
74.7341,1628.0805,550
74.7404,1625.7923,550
74.7404,1625.4628,550
74.7414,1639.7016,550
74.7414,1641.5519,550
74.7448,1636.2591,550
74.7454,1631.9051,550
74.7455,1632.6445,550
74.7462,1636.8515,550
74.7484,1629.7457,550
74.7485,1632.5657,550
74.7486,1645.6739,550
74.7486,1638.0009,550
74.7508,1636.7786,550
74.7509,1636.7293,550
74.7509,1643.4602,550
74.7562,1638.1361,550
74.7567,1642.7182,550
74.7583,1640.0191,550
74.7602,1644.5947,550
74.7602,1640.9377,550
74.7613,1643.4973,550
74.7647,1648.6827,550
74.7656,1643.1306,550
74.7695,1643.4409,550
74.7703,1640.0094,550
74.7708,1638.9626,550
74.7710,1644.5757,550
74.7728,1645.3097,550
74.7729,1652.5117,550
74.7744,1640.3621,550
74.7774,1644.0404,550
74.7834,1652.1024,550
74.7866,1638.7328,550
74.7918,1646.9706,550
74.7918,1638.6714,550
74.7946,1650.0701,550
74.7968,1625.5820,550
74.7969,1648.8570,550
74.8006,1638.5385,550
74.8016,1637.2092,550
74.8035,1640.6061,550
74.8037,1651.0748,550
74.8038,1644.0902,550
74.8038,1652.7647,550
74.8058,1640.0007,550
74.8084,1648.1660,550
74.8133,1641.5423,550
74.8133,1655.6243,550
74.8183,1644.8699,550
74.8191,1640.5970,550
74.8241,1639.8229,550
74.8242,1644.1228,550
74.8302,1642.5791,550
74.8340,1642.9078,550
74.8371,1634.8324,550
74.8401,1637.8497,550
74.8442,1637.1180,550
74.8443,1633.7310,550
74.8452,1632.9967,550
74.8456,1636.3046,550
74.8456,1636.2160,550
74.8473,1652.1979,550
74.8474,1643.3924,550
74.8522,1638.5343,550
74.8523,1643.0385,550
74.8581,1638.1686,550
74.8618,1634.4867,550
74.8619,1636.6825,550
74.8628,1648.8187,550
74.8648,1638.0861,550
74.8649,1645.0481,550
74.8683,1640.7163,550
74.8695,1635.5524,550
74.8723,1637.2960,550
74.8723,1668.7864,550
74.8744,1637.2446,550
74.8745,1649.8008,550
74.8745,1629.0711,550
74.8765,1641.8175,550
74.8803,1644.0551,550
74.8803,1642.0216,550
74.8832,1641.7132,550
74.8848,1652.5953,550
74.8862,1638.8414,550
74.8862,1645.2620,550
74.8866,1650.5684,550
74.8874,1656.4861,550
74.8889,1675.4767,550
74.8891,1660.7024,550
74.8898,1656.4190,550
74.8923,1651.7636,550
74.8923,1652.9908,550
74.8926,1669.7144,550
74.8931,1654.3184,550
74.8957,1654.1965,550
74.9016,1645.9749,550
74.9018,1662.5508,550
74.9055,1651.9973,550
74.9098,1644.7379,550
74.9134,1651.6152,550
74.9136,1650.4547,550
74.9165,1647.7314,550
74.9165,1651.4223,550
74.9165,1660.5754,550
74.9175,1654.7165,550
74.9212,1659.8853,550
74.9213,1652.2129,550
74.9251,1661.4406,550
74.9253,1664.9154,550
74.9253,1656.6193,550
74.9261,1658.7482,550
74.9290,1656.8649,550
74.9292,1657.3095,550
74.9301,1670.6815,550
74.9309,1669.7833,550
74.9317,1665.9500,550
74.9325,1677.5698,550
74.9336,1667.2349,550
74.9365,1661.2492,550
74.9372,1663.7497,550
74.9401,1664.0788,550
74.9402,1663.2497,550
74.9459,1669.1630,550
74.9561,1654.7463,550
74.9563,1669.0288,550
74.9610,1657.2335,550
74.9616,1663.6629,550
74.9618,1658.5539,550
74.9640,1655.8934,550
74.9641,1671.2654,550
74.9671,1657.1546,550
74.9718,1661.6452,550
74.9744,1660.8932,550
74.9758,1665.5621,550
74.9770,1641.0934,550
74.9800,1661.4138,550
74.9800,1661.8720,550
74.9810,1664.6480,550
74.9827,1658.0175,550
74.9837,1665.3929,550
74.9851,1663.8023,550
74.9896,1656.5477,550
74.9913,1654.0015,550
74.9941,1670.1233,550
74.9956,1660.2032,550
74.9964,1655.5558,550
74.9982,1658.0971,550
74.9982,1658.0281,550
75.0001,1666.3772,550
75.0036,1658.4534,550
75.0049,1665.0265,550
75.0064,1659.3892,550
75.0089,1669.8250,550
75.0090,1668.5576,550
75.0118,1660.6491,550
75.0121,1663.4210,550
75.0154,1671.8516,550
75.0185,1659.6318,550
75.0205,1660.1004,550
75.0207,1671.1626,550
75.0241,1672.3597,550
75.0251,1661.6127,550
75.0269,1672.6878,550
75.0331,1666.4693,550
75.0332,1663.2276,550
75.0339,1672.4283,550
75.0343,1665.1412,550
75.0388,1655.5831,550
75.0390,1667.5282,550
75.0395,1663.2504,550
75.0426,1660.9290,550
75.0452,1661.2595,550
75.0463,1664.7589,550
75.0480,1665.9133,550
75.0481,1675.4505,550
75.0481,1668.0472,550
75.0488,1668.4379,550
75.0492,1667.9836,550
75.0499,1676.9816,550
75.0547,1668.2614,550
75.0548,1672.0621,550
75.0580,1674.7294,550
75.0638,1667.8794,550
75.0660,1664.0935,550
75.0684,1671.9962,550
75.0684,1663.3498,550
75.0691,1669.1126,550
75.0702,1664.0057,550
75.0702,1668.9114,550
75.0730,1668.6033,550
75.0731,1671.3307,550
75.0752,1681.4861,550
75.0763,1678.2218,550
75.0772,1676.9151,550
75.0789,1670.2231,550
75.0819,1673.2396,550
75.0826,1677.3350,550
75.0827,1677.0693,550
75.0849,1676.1683,550
75.0850,1676.0509,550
75.0872,1670.2496,550
75.0902,1676.9194,550
75.0902,1678.0981,550
75.0922,1685.1829,550
75.0961,1679.1536,550
75.0972,1677.1055,550
75.0985,1675.8734,550
75.0995,1683.2377,550
75.1005,1679.6096,550
75.1068,1687.6901,550
75.1076,1672.4824,550
75.1106,1675.7491,550
75.1107,1691.4026,550
75.1107,1680.0293,550
75.1135,1678.0584,550
75.1137,1679.9080,550
75.1148,1682.6804,550
75.1157,1679.0522,550
75.1157,1684.4934,550
75.1164,1684.6814,550
75.1171,1682.3049,550
75.1181,1683.5312,550
75.1195,1675.1864,550
75.1257,1689.2258,550
75.1259,1692.5712,550
75.1347,1688.6014,550
75.1377,1680.7450,550
75.1389,1679.5572,550
75.1398,1675.1712,550
75.1446,1679.3609,550
75.1452,1674.9206,550
75.1453,1679.7723,550
75.1496,1678.9966,550
75.1497,1685.6262,550
75.1507,1681.2153,550
75.1537,1681.0883,550
75.1539,1681.4675,550
75.1570,1677.7439,550
75.1584,1686.9522,550
75.1613,1680.8781,550
75.1632,1681.2826,550
75.1633,1684.9574,550
75.1653,1677.7053,550
75.1654,1698.2572,550
75.1654,1697.0915,550
75.1702,1683.2588,550
75.1735,1682.0963,550
75.1741,1689.5961,550
75.1750,1690.3294,550
75.1779,1684.4124,550
75.1787,1694.0821,550
75.1808,1688.4205,550
75.1826,1682.9466,550
75.1849,1684.3792,550
75.1849,1680.3893,550
75.1878,1692.9293,550
75.1894,1687.0030,550
75.1900,1695.5041,550
75.1904,1690.3044,550
75.1910,1693.9953,550
75.1926,1692.0274,550
75.1929,1698.1328,550
75.1936,1694.5967,550
75.1955,1692.6662,550
75.1956,1703.8960,550
75.1960,1703.4471,550
75.1972,1699.7316,550
75.2000,1701.6374,550
75.2029,1711.2527,550
75.2031,1693.8311,550
75.2053,1701.6186,550
75.2070,1698.8462,550
75.2081,1697.2158,550
75.2101,1704.0597,550
75.2130,1697.8587,550
75.2132,1707.5859,550
75.2139,1701.7905,550
75.2160,1702.0383,550
75.2162,1709.6174,550
75.2221,1692.9892,550
75.2261,1700.2743,550
75.2264,1699.4228,550
75.2302,1697.4491,550
75.2321,1702.2394,550
75.2323,1708.1330,550
75.2342,1710.7350,550
75.2354,1699.8940,550
75.2370,1700.8037,550
75.2371,1703.2680,550
75.2389,1711.0814,550
75.2391,1705.0423,550
75.2428,1703.0685,550
75.2429,1706.4096,550
75.2429,1707.0724,550
75.2432,1706.1992,550
75.2468,1709.7503,550
75.2470,1710.5153,550
75.2480,1709.8450,550
75.2481,1708.9805,550
75.2483,1712.3034,550
75.2527,1723.2327,550
75.2528,1712.5556,550
75.2528,1723.0857,550
75.2539,1721.9919,550
75.2586,1717.3386,550
75.2594,1716.5028,550
75.2595,1720.9034,550
75.2607,1730.8693,550
75.2619,1718.6820,550
75.2629,1717.5155,550
75.2634,1720.8666,550
75.2642,1720.7842,550
75.2714,1716.7045,550
75.2743,1717.0561,550
75.2743,1722.7099,550
75.2743,1722.6770,550
75.2753,1725.0139,550
75.2753,1725.0044,550
75.2774,1722.8293,550
75.2778,1722.5026,550
75.2784,1723.8579,550
75.2806,1737.4066,550
75.2848,1723.7523,550
75.2849,1729.5511,550
75.2857,1733.8499,550
75.2886,1725.8428,550
75.2906,1731.6643,550
75.2927,1725.2810,550
75.2987,1720.5394,550
75.3006,1723.5162,550
75.3011,1737.2521,550
75.3043,1730.6613,550
75.3057,1727.0978,550
75.3079,1723.9672,550
75.3080,1727.0907,550
75.3117,1723.2657,550
75.3118,1724.1587,550
75.3119,1725.6923,550
75.3167,1722.0733,550
75.3205,1725.5578,550
75.3284,1716.8345,550
75.3316,1708.8844,550
75.3357,1711.4653,550
75.3363,1713.4068,550
75.3405,1723.7721,550
75.3405,1713.2587,550
75.3448,1719.8045,550
75.3461,1713.0727,550
75.3477,1708.3340,550
75.3506,1705.9283,550
75.3507,1713.5640,550
75.3522,1715.9117,550
75.3528,1716.9974,550
75.3533,1714.7320,550
75.3569,1715.2534,550
75.3569,1718.1972,550
75.3613,1716.0149,550
75.3631,1728.7144,550
75.3632,1722.4947,550
75.3633,1720.8189,550
75.3651,1723.4371,550
75.3721,1717.2213,550
75.3721,1719.7476,550
75.3759,1718.1647,550
75.3790,1712.9007,550
75.3791,1715.0232,550
75.3805,1713.6217,550
75.3868,1710.2038,550
75.3892,1707.9491,550
75.3912,1709.8660,550
75.3913,1709.6292,550
75.3931,1714.1324,550
75.3933,1715.7514,550
75.3933,1723.7928,550
75.3955,1720.4671,550
75.3956,1720.5282,550
75.3956,1724.4026,550
75.3982,1727.9266,550
75.3984,1721.6348,550
75.4001,1722.4649,550
75.4032,1733.2174,550
75.4033,1722.9307,550
75.4070,1719.1939,550
75.4102,1733.9858,550
75.4141,1718.3670,550
75.4155,1718.8844,550
75.4175,1714.9876,550
75.4192,1718.5670,550
75.4221,1719.3695,550
75.4222,1723.8865,550
75.4223,1727.8436,550
75.4227,1738.2612,550
75.4316,1716.3084,550
75.4316,1724.9128,550
75.4316,1714.4812,550
75.4316,1716.8655,550
75.4363,1725.8417,550
75.4392,1719.6584,550
75.4393,1726.0117,550
75.4393,1721.7350,550
75.4443,1720.3192,550
75.4449,1721.3289,550
75.4472,1732.8929,550
75.4474,1719.5085,550
75.4504,1722.3156,550
75.4509,1719.1691,550
75.4510,1725.6291,550
75.4539,1716.1715,550
75.4541,1723.6458,550
75.4541,1728.8545,550
75.4553,1733.8295,550
75.4581,1729.9103,550
75.4582,1735.5708,550
75.4620,1727.9175,550
75.4632,1725.8551,550
75.4658,1731.5093,550
75.4693,1732.0046,550
75.4694,1728.4955,550
75.4700,1731.2829,550
75.4706,1727.3634,550
75.4706,1744.0830,550
75.4720,1745.0752,550
75.4723,1766.9972,550
75.4735,1735.1902,550
75.4747,1742.3074,550
75.4748,1781.7215,550
75.4765,1738.1777,550
75.4766,1755.6636,550
75.4767,1750.0693,550
75.4771,1744.4346,550
75.4772,1747.1490,550
75.4816,1748.4150,550
75.4854,1742.3210,550
75.4855,1746.7910,550
75.4902,1742.0979,550
75.4922,1742.4152,550
75.4933,1746.3187,550
75.4938,1748.3987,550
75.4943,1780.5219,550
75.4960,1743.3065,550
75.5039,1738.9894,550
75.5040,1741.9888,550
75.5082,1740.4846,550
75.5137,1734.9592,550
75.5147,1737.3710,550
75.5178,1742.3502,550
75.5179,1744.1534,550
75.5193,1744.8179,550
75.5204,1743.7062,550
75.5216,1752.7430,550
75.5288,1735.3057,550
75.5288,1737.4322,550
75.5288,1737.4272,550
75.5332,1745.7163,550
75.5396,1728.5600,550
75.5397,1741.0557,550
75.5406,1733.2092,550
75.5416,1735.7188,550
75.5430,1743.7078,550
75.5474,1735.5318,550
75.5475,1735.4582,550
75.5483,1747.9352,550
75.5489,1739.0672,550
75.5527,1737.4366,550
75.5552,1737.0658,550
75.5565,1735.7958,550
75.5570,1742.8225,550
75.5605,1745.4964,550
75.5609,1738.9401,550
75.5635,1734.6944,550
75.5637,1736.1796,550
75.5637,1742.0963,550
75.5674,1727.5455,550
75.5682,1753.7416,550
75.5682,1842.0191,550
75.5696,1743.4380,550
75.5713,1750.7571,550
75.5715,1746.7442,550
75.5716,1750.5168,550
75.5738,1749.3754,550
75.5772,1746.1212,550
75.5773,1745.9988,550
75.5793,1746.8661,550
75.5802,1762.3135,550
75.5833,1751.7777,550
75.5834,1748.8678,550
75.5834,1754.8926,550
75.5910,1751.3979,550
75.5973,1745.2460,550
75.5974,1745.1900,550
75.5989,1744.8780,550
75.5990,1747.3006,550
75.5999,1751.2627,550
75.6016,1749.1503,550
75.6105,1746.0447,550
75.6132,1737.0154,550
75.6151,1741.0872,550
75.6158,1740.5106,550
75.6161,1743.3008,550
75.6183,1752.6638,550
75.6193,1746.7774,550
75.6222,1750.1800,550
75.6223,1744.6001,550
75.6280,1742.0682,550
75.6282,1748.5446,550
75.6313,1756.8480,550
75.6326,1734.2654,550
75.6410,1735.7829,550
75.6410,1739.6985,550
75.6419,1738.6525,550
75.6420,1746.8281,550
75.6473,1730.8965,550
75.6503,1738.9360,550
75.6528,1741.1018,550
75.6528,1749.0954,550
75.6542,1732.9885,550
75.6543,1746.1016,550
75.6549,1739.4178,550
75.6556,1738.8206,550
75.6575,1746.8072,550
75.6583,1746.0082,550
75.6587,1749.0901,550
75.6629,1744.2945,550
75.6630,1747.5156,550
75.6630,1749.6386,550
75.6662,1747.2224,550
75.6712,1770.9896,550
75.6739,1745.6141,550
75.6741,1745.4791,550
75.6763,1757.7965,550
75.6775,1749.3276,550
75.6783,1746.7924,550
75.6801,1750.5194,550
75.6823,1779.9759,550
75.6824,1743.5425,550
75.6825,1750.9474,550
75.6832,1758.9742,550
75.6853,1754.4390,550
75.6872,1759.2523,550
75.6893,1767.3424,550
75.6933,1745.9813,550
75.6940,1752.4377,550
75.6959,1766.3405,550
75.6980,1750.2961,550
75.7028,1746.5452,550
75.7065,1753.9238,550
75.7124,1743.3318,550
75.7125,1745.5928,550
75.7134,1749.4801,550
75.7137,1741.2929,550
75.7149,1758.2261,550
75.7155,1760.2867,550
75.7174,1748.2488,550
75.7244,1751.7666,550
75.7246,1755.6280,550
75.7265,1749.6608,550
75.7307,1745.4279,550
75.7308,1745.0145,550
75.7372,1738.9819,550
75.7374,1753.1145,550
75.7455,1735.9628,550
75.7471,1743.3909,550
75.7472,1749.4364,550
75.7472,1747.1217,550
75.7493,1755.5185,550
75.7502,1750.2913,550
75.7508,1743.5649,550
75.7508,1745.8111,550
75.7514,1748.9729,550
75.7515,1759.0746,550
75.7541,1753.6396,550
75.7553,1735.3341,550
75.7588,1751.7700,550
75.7589,1736.4210,550
75.7621,1748.6796,550
75.7629,1751.0149,550
75.7641,1753.3340,550
75.7667,1763.7665,550
75.7693,1752.7127,550
75.7718,1754.8422,550
75.7766,1754.5517,550
75.7767,1749.4139,550
75.7825,1753.5865,550
75.7842,1748.9351,550
75.7914,1745.4732,550
75.7992,1731.9254,550
75.7992,1722.1853,550
75.8039,1735.5210,550
75.8057,1742.4003,550
75.8058,1782.2680,550
75.8060,1736.9595,550
75.8086,1743.1885,550
75.8117,1743.9621,550
75.8119,1724.6260,550
75.8129,1736.5773,550
75.8130,1741.7089,550
75.8139,1752.1591,550
75.8156,1740.0684,550
75.8157,1746.0082,550
75.8176,1743.3605,550
75.8177,1748.3678,550
75.8224,1757.5168,550
75.8226,1746.5925,550
75.8265,1742.7018,550
75.8266,1745.8482,550
75.8391,1748.9283,550
75.8393,1736.1962,550
75.8393,1735.9099,550
75.8472,1736.0250,550
75.8501,1747.0034,550
75.8509,1730.6278,550
75.8517,1759.9536,550
75.8541,1737.4625,550
75.8542,1742.9073,550
75.8543,1737.0067,550
75.8548,1739.4722,550
75.8627,1734.4491,550
75.8627,1739.5370,550
75.8634,1736.5416,550
75.8659,1740.5717,550
75.8677,1739.4184,550
75.8681,1741.9158,550
75.8687,1737.5407,550
75.8688,1744.0122,550
75.8719,1739.7301,550
75.8720,1743.9973,550
75.8724,1743.5925,550
75.8726,1745.5630,550
75.8743,1754.7525,550
75.8776,1752.4733,550
75.8783,1748.3055,550
75.8863,1743.5963,550
75.8894,1733.7305,550
75.8900,1739.8909,550
75.8909,1739.1292,550
75.8910,1743.0648,550
75.8962,1740.4356,550
75.8963,1741.7562,550
75.9000,1734.0772,550
75.9142,1729.1017,550
75.9142,1729.7893,550
75.9145,1729.5233,550
75.9176,1716.4064,550
75.9239,1735.1159,550
75.9298,1726.9345,550
75.9299,1709.9481,550
75.9299,1726.5148,550
75.9309,1739.7543,550
75.9337,1725.2751,550
75.9395,1719.4620,550
75.9415,1720.4529,550
75.9416,1734.9734,550
75.9425,1730.4504,550
75.9425,1736.2847,550
75.9454,1727.9545,550
75.9455,1736.7310,550
75.9500,1730.9565,550
75.9542,1724.6456,550
75.9563,1722.5574,550
75.9580,1724.0297,550
75.9600,1737.0322,550
75.9671,1728.1325,550
75.9671,1719.4122,550
75.9704,1727.2025,550
75.9745,1717.4589,550
75.9746,1721.8451,550
75.9746,1723.6622,550
75.9746,1727.7325,550
75.9746,1729.0929,550
75.9757,1735.3002,550
75.9786,1725.8630,550
75.9797,1723.2837,550
75.9813,1727.1693,550
75.9814,1724.1158,550
75.9827,1739.6408,550
75.9910,1724.0259,550
75.9911,1725.8963,550
75.9911,1727.8716,550
75.9911,1737.5063,550
75.9928,1733.5102,550
75.9963,1742.0613,550
75.9986,1727.7336,550
76.0017,1723.3214,550
76.0066,1723.4649,550
76.0067,1721.9424,550
76.0080,1733.1015,550
76.0081,1726.9297,550
76.0088,1729.5385,550
76.0094,1732.5490,550
76.0115,1828.1769,550
76.0116,1728.9767,550
76.0122,1733.3671,550
76.0154,1730.5982,550
76.0174,1736.8815,550
76.0190,1747.4279,550
76.0200,1739.9560,550
76.0210,1737.1805,550
76.0263,1725.1943,550
76.0287,1726.2659,550
76.0307,1731.3476,550
76.0308,1734.5087,550
76.0324,1719.0421,550
76.0325,1741.3278,550
76.0333,1733.1865,550
76.0333,1739.7181,550
76.0356,1741.6873,550
76.0357,1740.9810,550
76.0357,1763.3042,550
76.0407,1739.1999,550
76.0411,1743.4221,550
76.0411,1744.0335,550
76.0485,1745.4070,550
76.0535,1735.2578,550
76.0545,1737.9291,550
76.0576,1734.8527,550
76.0597,1738.0853,550
76.0615,1720.7833,550
76.0616,1739.4553,550
76.0632,1740.5762,550
76.0636,1738.1416,550
76.0637,1743.8530,550
76.0642,1741.8739,550
76.0668,1748.0434,550
76.0694,1746.0688,550
76.0694,1742.7350,550
76.0720,1750.0327,550
76.0782,1740.6340,550
76.0788,1743.2504,550
76.0794,1745.2928,550
76.0853,1731.0087,550
76.0854,1739.3044,550
76.0861,1749.6490,550
76.0899,1739.2846,550
76.0931,1739.7112,550
76.0931,1739.6642,550
76.0948,1741.2309,550
76.0980,1737.8110,550
76.1022,1736.1239,550
76.1022,1733.9377,550
76.1027,1741.4054,550
76.1042,1753.4044,550
76.1042,1755.2867,550
76.1066,1744.1839,550
76.1066,1737.7626,550
76.1080,1750.5543,550
76.1100,1758.8146,550
76.1128,1745.4233,550
76.1128,1755.1565,550
76.1163,1751.0339,550
76.1191,1752.2005,550
76.1218,1741.9999,550
76.1223,1753.1536,550
76.1228,1752.5260,550
76.1241,1755.1894,550
76.1300,1750.0506,550
76.1318,1744.3870,550
76.1319,1776.3886,550
76.1333,1745.5207,550
76.1378,1742.1123,550
76.1379,1744.7564,550
76.1396,1751.2420,550
76.1416,1745.4890,550
76.1429,1747.5281,550
76.1429,1755.7699,550
76.1464,1743.8037,550
76.1464,1746.9044,550
76.1469,1754.6558,550
76.1506,1745.4872,550
76.1511,1755.0034,550
76.1516,1760.0109,550
76.1561,1754.9346,550
76.1593,1749.0263,550
76.1594,1748.9768,550
76.1621,1749.5815,550
76.1626,1751.3827,550
76.1630,1755.9410,550
76.1667,1755.9755,550
76.1668,1752.0966,550
76.1714,1757.3612,550
76.1729,1782.6092,550
76.1812,1739.5007,550
76.1855,1743.2985,550
76.1868,1748.8755,550
76.1920,1739.3386,550
76.1973,1734.5603,550
76.1974,1738.2655,550
76.1986,1737.0235,550
76.1997,1738.5717,550
76.2019,1740.6503,550
76.2036,1739.7537,550
76.2056,1748.7456,550
76.2057,1748.6289,550
76.2092,1745.6030,550
76.2114,1744.1169,550
76.2114,1740.2233,550
76.2124,1742.9815,550
76.2128,1743.4356,550
76.2129,1754.2193,550
76.2150,1745.0672,550
76.2207,1739.3535,550
76.2238,1740.1764,550
76.2238,1755.4942,550
76.2250,1745.4655,550
76.2250,1754.1288,550
76.2255,1760.0013,550
76.2272,1741.1060,550
76.2274,1745.3607,550
76.2280,1756.7866,550
76.2298,1750.6274,550
76.2319,1787.6101,550
76.2325,1755.8041,550
76.2330,1752.4327,550
76.2331,1750.5581,550
76.2348,1764.1030,550
76.2348,1760.6506,550
76.2358,1756.5878,550
76.2358,1760.3804,550
76.2366,1766.2166,550
76.2394,1761.3397,550
76.2394,1765.8518,550
76.2439,1761.3536,550
76.2447,1770.4026,550
76.2454,1762.6532,550
76.2466,1764.7521,550
76.2517,1763.3433,550
76.2525,1762.2299,550
76.2525,1763.3895,550
76.2575,1758.3780,550
76.2607,1754.7842,550
76.2608,1771.2502,550
76.2608,1762.3378,550
76.2613,1750.3281,550
76.2662,1798.4133,550
76.2662,1772.2841,550
76.2667,1773.9121,550
76.2667,1763.7138,550
76.2716,1763.4717,550
76.2746,1763.9469,550
76.2766,1764.0061,550
76.2766,1773.1041,550
76.2766,1773.3500,550
76.2766,1770.4348,550
76.2785,1768.7137,550
76.2795,1770.6139,550
76.2837,1765.4880,550
76.2871,1799.8017,550
76.2877,1764.9096,550
76.2921,1765.8351,550
76.2921,1764.3018,550
76.2940,1765.7217,550
76.2941,1780.8317,550
76.2947,1777.9146,550
76.2970,1764.2055,550
76.2987,1774.4570,550
76.2990,1774.2107,550
76.3003,1772.8480,550
76.3069,1776.9244,550
76.3069,1771.8301,550
76.3070,1772.9575,550
76.3073,1788.3028,550
76.3096,1782.6322,550
76.3098,1774.7402,550
76.3117,1785.1037,550
76.3133,1783.5436,550
76.3154,1776.4243,550
76.3194,1772.4999,550
76.3196,1788.7511,550
76.3239,1788.0217,550
76.3240,1780.3153,550
76.3258,1779.1635,550
76.3259,1780.1480,550
76.3282,1789.2652,550
76.3295,1791.8250,550
76.3296,1775.4058,550
76.3305,1781.4449,550
76.3321,1788.3653,550
76.3360,1788.7929,550
76.3368,1783.2060,550
76.3375,1782.4661,550
76.3387,1783.2316,550
76.3408,1775.9093,550
76.3409,1781.0022,550
76.3449,1782.8461,550
76.3450,1785.0997,550
76.3454,1818.7933,550
76.3457,1794.6773,550
76.3477,1789.5565,550
76.3484,1794.3113,550
76.3496,1791.0240,550
76.3500,1803.0731,550
76.3518,1795.9500,550
76.3552,1789.7268,550
76.3555,1790.5389,550
76.3562,1800.0962,550
76.3571,1807.0723,550
76.3578,1798.8332,550
76.3607,1801.0220,550
76.3613,1795.3643,550
76.3641,1800.8937,550
76.3693,1806.9559,550
76.3746,1791.2020,550
76.3763,1790.4070,550
76.3769,1792.2254,550
76.3775,1793.2969,550
76.3820,1798.3470,550
76.3828,1790.8208,550
76.3850,1798.6177,550
76.3851,1792.0257,550
76.3874,1793.0327,550
76.3874,1798.4419,550
76.3884,1805.3756,550
76.3885,1804.0503,550
76.3889,1796.8095,550
76.3897,1801.0265,550
76.3906,1815.8143,550
76.3932,1800.0281,550
76.3934,1810.0567,550
76.3943,1806.1154,550
76.3967,1801.7584,550
76.3983,1799.4972,550
76.3984,1800.2105,550
76.3988,1806.6265,550
76.3997,1820.2107,550
76.4085,1830.5971,550
76.4117,1797.6956,550
76.4118,1803.0648,550
76.4127,1803.0869,550
76.4137,1813.8783,550
76.4168,1803.0900,550
76.4170,1805.6150,550
76.4197,1804.1135,550
76.4203,1807.2402,550
76.4209,1804.1463,550
76.4221,1816.2078,550
76.4227,1815.0352,550
76.4244,1803.2040,550
76.4252,1806.9429,550
76.4252,1820.2091,550
76.4252,1820.0164,550
76.4253,1816.6698,550
76.4258,1824.9019,550
76.4259,1826.0544,550
76.4267,1820.7438,550
76.4270,1827.6616,550
76.4304,1821.2655,550
76.4305,1831.5212,550
76.4355,1818.8184,550
76.4379,1830.9814,550
76.4383,1828.8684,550
76.4384,1823.8839,550
76.4417,1821.9153,550
76.4433,1827.8214,550
76.4442,1833.2935,550
76.4451,1830.5538,550
76.4461,1828.4221,550
76.4462,1824.6200,550
76.4472,1827.1776,550
76.4478,1829.8229,550
76.4487,1839.8481,550
76.4507,1839.8689,550
76.4508,1845.8096,550
76.4529,1832.9904,550
76.4542,1833.5450,550
76.4587,1830.4017,550
76.4588,1829.1441,550
76.4606,1833.2531,550
76.4666,1833.3159,550
76.4667,1830.8003,550
76.4676,1835.3689,550
76.4704,1817.3915,550
76.4755,1830.8262,550
76.4755,1824.6559,550
76.4764,1828.6174,550
76.4765,1842.5407,550
76.4772,1835.4809,550
76.4780,1834.6293,550
76.4811,1828.7917,550
76.4819,1839.2660,550
76.4819,1842.8478,550
76.4826,1844.9499,550
76.4827,1841.9466,550
76.4861,1848.3118,550
76.4874,1840.2384,550
76.4910,1838.1736,550
76.4911,1843.6304,550
76.4911,1843.4924,550
76.4911,1847.3953,550
76.4939,1851.4856,550
76.4940,1844.5976,550
76.4945,1854.4768,550
76.4951,1846.1518,550
76.4990,1878.0700,550
76.5017,1851.2820,550
76.5018,1849.3113,550
76.5031,1843.0901,550
76.5039,1852.0488,550
76.5040,1849.7807,550
76.5044,1863.2760,550
76.5045,1865.3196,550
76.5051,1855.7565,550
76.5076,1859.9457,550
76.5085,1870.6733,550
76.5098,1857.7932,550
76.5114,1871.2161,550
76.5180,1865.9112,550
76.5205,1852.2427,550
76.5216,1851.7722,550
76.5247,1861.7113,550
76.5265,1850.2850,550
76.5267,1860.0595,550
76.5276,1856.5710,550
76.5295,1861.1807,550
76.5324,1854.4154,550
76.5325,1859.0278,550
76.5331,1860.2337,550
76.5339,1857.7101,550
76.5365,1854.8102,550
76.5392,1858.9567,550
76.5435,1863.2967,550
76.5447,1858.0800,550
76.5460,1854.6146,550
76.5474,1861.5881,550
76.5532,1861.3539,550
76.5542,1854.3475,550
76.5578,1855.7774,550
76.5613,1853.3534,550
76.5664,1851.5249,550
76.5665,1852.2540,550
76.5762,1841.1615,550
76.5791,1940.6465,550
76.5804,1841.8347,550
76.5804,1845.2819,550
76.5817,1846.7628,550
76.5840,1845.9017,550
76.5842,1852.2737,550
76.5854,1847.0150,550
76.5862,1862.3966,550
76.5887,1860.3744,550
76.5899,1847.1975,550
76.5918,1846.1574,550
76.5937,1850.7169,550
76.5944,1856.6376,550
76.5979,1851.1198,550
76.6026,1851.2000,550
76.6038,1849.9829,550
76.6043,1854.9400,550
76.6084,1894.3235,550
76.6085,1850.5399,550
76.6085,1852.4059,550
76.6085,1855.3528,550
76.6091,1858.6448,550
76.6123,1855.6502,550
76.6125,1866.6591,550
76.6125,1861.6014,550
76.6125,1859.3733,550
76.6125,1870.8548,550
76.6132,1862.9093,550
76.6133,1865.5161,550
76.6145,1871.4533,550
76.6151,1868.1912,550
76.6182,1874.4173,550
76.6203,1863.0355,550
76.6212,1872.9260,550
76.6212,1876.7529,550
76.6234,1869.1810,550
76.6236,1879.4633,550
76.6248,1870.4478,550
76.6289,1866.3760,550
76.6309,1869.6530,550
76.6337,1880.4999,550
76.6407,1862.4054,550
76.6407,1863.5456,550
76.6417,1872.3617,550
76.6439,1870.3160,550
76.6481,1862.6830,550
76.6482,1866.4356,550
76.6543,1862.6014,550
76.6550,1862.7582,550
76.6555,1872.2653,550
76.6571,1865.6569,550
76.6576,1867.4391,550
76.6583,1871.7358,550
76.6600,1866.7519,550
76.6601,1869.9853,550
76.6601,1885.3460,550
76.6606,1866.1791,550
76.6630,1873.7472,550
76.6643,1874.1036,550
76.6650,1872.8534,550
76.6749,1867.7081,550
76.6776,1866.0601,550
76.6781,1875.5830,550
76.6782,1877.2125,550
76.6794,1874.3001,550
76.6801,1883.7901,550
76.6802,1874.7252,550
76.6806,1874.7995,550
76.6809,1877.3841,550
76.6817,1876.5604,550
76.6837,1883.6171,550
76.6842,1881.5975,550
76.6848,1882.0383,550
76.6868,1889.3558,550
76.6877,1878.7132,550
76.6910,1881.0153,550
76.6956,1879.9961,550
76.6986,1886.8589,550
76.7013,1876.8239,550
76.7014,1876.6894,550
76.7015,1865.8996,550
76.7015,1882.0947,550
76.7025,1883.4288,550
76.7051,1886.0447,550
76.7080,1882.4931,550
76.7080,1882.4418,550
76.7101,1881.0627,550
76.7150,1881.6806,550
76.7159,1882.6776,550
76.7160,1888.3920,550
76.7160,1882.5885,550
76.7160,1888.3619,550
76.7164,1898.8642,550
76.7165,1887.8946,550
76.7221,1884.9021,550
76.7229,1882.7690,550
76.7289,1892.0500,550
76.7313,1887.3012,550
76.7319,1887.7545,550
76.7328,1885.3615,550
76.7369,1884.0936,550
76.7399,1884.7579,550
76.7404,1894.6256,550
76.7408,1887.0581,550
76.7436,1886.3973,550
76.7437,1888.5293,550
76.7515,1883.4881,550
76.7524,1882.6507,550
76.7562,1880.8159,550
76.7570,1887.6313,550
76.7571,1885.4738,550
76.7578,1886.7919,550
76.7593,1887.4965,550
76.7601,1892.4473,550
76.7614,1885.9009,550
76.7663,1891.0026,550
76.7710,1891.2482,550
76.7711,1877.1674,550
76.7788,1878.0581,550
76.7801,1880.8546,550
76.7813,1889.0584,550
76.7822,1878.6760,550
76.7829,1883.6090,550
76.7835,1886.5265,550
76.7857,1895.1417,550
76.7910,1879.0146,550
76.7924,1882.4953,550
76.7933,1883.6087,550
76.7960,1881.8424,550
76.7961,1883.7883,550
76.7968,1884.8851,550
76.8019,1877.0217,550
76.8042,1876.4123,550
76.8044,1885.9716,550
76.8045,1888.2105,550
76.8045,1895.3669,550
76.8045,1888.1663,550
76.8049,1890.8054,550
76.8053,1902.1196,550
76.8119,1888.4882,550
76.8126,1894.7773,550
76.8132,1902.5546,550
76.8133,1890.4693,550
76.8183,1890.7086,550
76.8217,1886.8848,550
76.8225,1886.5099,550
76.8268,1885.6918,550
76.8300,1888.5921,550
76.8308,1884.5054,550
76.8319,1883.3606,550
76.8326,1897.2774,550
76.8336,1925.2777,550
76.8336,1891.9892,550
76.8344,1901.4748,550
76.8364,1893.4372,550
76.8366,1895.2180,550
76.8394,1892.4090,550
76.8418,1893.9617,550
76.8430,1902.5673,550
76.8448,1894.7870,550
76.8454,1901.6575,550
76.8489,1898.1639,550
76.8541,1898.8407,550
76.8546,1894.4007,550
76.8577,1892.8161,550
76.8586,1897.9982,550
76.8609,1897.9720,550
76.8633,1905.0588,550
76.8646,1898.2159,550
76.8667,1890.8530,550
76.8678,1894.9909,550
76.8694,1894.0517,550
76.8712,1901.2435,550
76.8712,1911.3378,550
76.8766,1895.8508,550
76.8767,1902.7874,550
76.8791,1895.6732,550
76.8801,1907.0536,550
76.8830,1898.4487,550
76.8871,1893.8288,550
76.8900,1892.1976,550
76.8937,1905.1250,550
76.8939,1892.7626,550
76.8975,1898.0637,550
76.9008,1889.0859,550
76.9035,1890.2787,550
76.9036,1890.9478,550
76.9067,1888.8918,550
76.9072,1892.6983,550
76.9079,1892.0504,550
76.9098,1895.3190,550
76.9162,1890.6475,550
76.9173,1889.1182,550
76.9219,1889.5327,550
76.9228,1884.0163,550
76.9231,1887.4811,550
76.9231,1896.0686,550
76.9232,1893.5500,550
76.9256,1877.9897,550
76.9259,1896.9391,550
76.9266,1902.6762,550
76.9329,1890.0134,550
76.9344,1899.1855,550
76.9395,1889.3490,550
76.9396,1889.2680,550
76.9447,1891.7002,550
76.9451,1898.3724,550
76.9479,1888.5518,550
76.9487,1890.8282,550
76.9518,1884.5889,550
76.9520,1887.4911,550
76.9551,1893.2495,550
76.9554,1888.5016,550
76.9569,1888.2089,550
76.9615,1889.3114,550
76.9662,1898.4864,550
76.9684,1882.3966,550
76.9713,1899.5951,550
76.9724,1883.1388,550
76.9759,1883.8249,550
76.9801,1882.1897,550
76.9830,1887.9617,550
76.9848,1882.6573,550
76.9848,1892.1655,550
76.9869,1882.9649,550
76.9871,1884.9579,550
76.9874,1884.6659,550
76.9879,1883.0937,550
76.9901,1887.6416,550
76.9907,1887.0123,550
76.9908,1898.9087,550
76.9928,1891.9150,550
76.9929,1895.9508,550
76.9958,1896.6268,550
76.9986,1889.7030,550
77.0016,1890.8176,550
77.0025,1901.4598,550
77.0045,1894.6980,550
77.0114,1880.9951,550
77.0135,1886.5516,550
77.0135,1886.4964,550
77.0162,1898.2112,550
77.0181,1900.2048,550
77.0191,1881.4235,550
77.0192,1890.6036,550
77.0198,1887.8537,550
77.0204,1892.1421,550
77.0233,1895.2290,550
77.0233,1992.4885,550
77.0233,1898.6511,550
77.0246,1906.0830,550
77.0256,1884.1207,550
77.0281,1893.7821,550
77.0283,1909.5666,550
77.0310,1903.3533,550
77.0310,1903.3322,550
77.0369,1900.8589,550
77.0447,1893.0287,550
77.0457,1900.7715,550
77.0464,1893.5279,550
77.0473,1896.1360,550
77.0515,1894.8661,550
77.0524,1898.5909,550
77.0524,1897.8470,550
77.0531,1899.8096,550
77.0531,1906.2798,550
77.0551,1904.3335,550
77.0551,1900.4780,550
77.0551,1902.6764,550
77.0584,1901.5741,550
77.0592,1902.7939,550
77.0601,1904.8039,550
77.0610,1916.0829,550
77.0644,1899.5393,550
77.0712,1899.7161,550
77.0771,1895.6954,550
77.0772,1907.8288,550
77.0777,1899.4720,550
77.0813,1892.8897,550
77.0814,1900.8404,550
77.0835,1905.2259,550
77.0836,1898.6982,550
77.0836,1901.4618,550
77.0845,1904.2180,550
77.0873,1910.1929,550
77.0889,1902.9910,550
77.0898,1904.6144,550
77.0961,1906.1064,550
77.0999,1906.7879,550
77.1006,1900.0333,550
77.1016,1911.8688,550
77.1034,1907.0022,550
77.1066,1908.4018,550
77.1085,1899.3884,550
77.1092,1912.4110,550
77.1119,1901.6352,550
77.1154,1899.4889,550
77.1154,1909.2876,550
77.1167,1908.0236,550
77.1176,1907.0980,550
77.1277,1897.7407,550
77.1279,1910.0698,550
77.1279,1893.7592,550
77.1291,1899.3255,550
77.1292,1901.2954,550
77.1292,1903.7341,550
77.1364,1899.6232,550
77.1378,1898.2391,550
77.1404,1897.6081,550
77.1434,1899.6473,550
77.1478,1895.1778,550
77.1478,1896.3740,550
77.1483,1892.1905,550
77.1484,1900.4096,550
77.1497,1905.4711,550
77.1508,1908.1176,550
77.1516,1903.2934,550
77.1538,1897.0611,550
77.1546,1904.2254,550
77.1549,1906.7038,550
77.1556,1908.1805,550
77.1557,1913.2015,550
77.1597,1907.1095,550
77.1599,1909.0477,550
77.1610,1913.2149,550
77.1637,1900.7941,550
77.1653,1917.2597,550
77.1659,1906.6240,550
77.1685,1909.1729,550
77.1696,1916.9165,550
77.1714,1911.2236,550
77.1715,1918.5016,550
77.1715,1915.8555,550
77.1755,1912.9595,550
77.1756,1914.2197,550
77.1756,1920.5705,550
77.1799,1913.9476,550
77.1826,1919.7566,550
77.1873,1908.9307,550
77.1897,1916.3567,550
77.1927,1901.1597,550
77.1928,1912.6307,550
77.1928,1913.7736,550
77.1965,1920.0306,550
77.2002,1906.8985,550
77.2003,1917.1295,550
77.2003,1915.9272,550
77.2003,1923.9585,550
77.2048,1911.4070,550
77.2050,1911.5848,550
77.2078,1914.3212,550
77.2078,1921.1920,550
77.2110,1914.2256,550
77.2132,1915.7877,550
77.2133,1922.8211,550
77.2133,1916.7832,550
77.2143,1927.7282,550
77.2162,1917.1269,550
77.2181,1921.3107,550
77.2189,1927.0435,550
77.2198,1927.8534,550
77.2229,1923.2663,550
77.2264,1933.7148,550
77.2265,1926.1727,550
77.2288,1922.6216,550
77.2312,1929.4460,550
77.2317,1931.1702,550
77.2359,1918.2327,550
77.2360,1922.3826,550
77.2378,1932.2629,550
77.2408,1928.8783,550
77.2409,1922.1645,550
77.2416,1924.3585,550
77.2447,1918.1307,550
77.2448,1924.4747,550
77.2449,1940.8426,550
77.2453,1936.7675,550
77.2505,1934.7725,550
77.2512,1928.8070,550
77.2514,1923.1492,550
77.2520,1927.3600,550
77.2559,1930.3177,550
77.2564,1929.8299,550
77.2652,1921.7101,550
77.2663,1937.8979,550
77.2686,1917.9301,550
77.2703,1935.7215,550
77.2710,1919.1806,550
77.2735,1922.3603,550
77.2739,1925.4973,550
77.2745,1938.3553,550
77.2762,1923.6414,550
77.2762,1943.6242,550
77.2773,1929.5782,550
77.2801,1929.7708,550
77.2821,1930.6768,550
77.2852,1935.9267,550
77.2853,1930.8299,550
77.2867,1931.0994,550
77.2875,1932.3728,550
77.2876,1934.4483,550
77.2910,1930.0673,550
77.2911,1938.5259,550
77.2915,1935.7687,550
77.2945,1935.4019,550
77.2947,1922.8569,550
77.2977,1933.3781,550
77.2977,1937.3365,550
77.2983,1932.1210,550
77.2992,1940.3383,550
77.3001,1944.0859,550
77.3011,1942.3231,550
77.3045,1938.8905,550
77.3063,1951.9581,550
77.3093,1948.8031,550
77.3094,1945.7976,550
77.3100,1954.8570,550
77.3116,1944.3125,550
77.3133,1953.5296,550
77.3154,1945.0487,550
77.3185,1954.8116,550
77.3204,1940.5541,550
77.3217,1943.0496,550
77.3218,1948.1061,550
77.3226,1959.3172,550
77.3254,1946.7445,550
77.3264,1944.1667,550
77.3285,1944.8382,550
77.3286,1956.2035,550
77.3304,1948.4772,550
77.3310,1951.5045,550
77.3325,1964.9225,550
77.3352,1963.7353,550
77.3375,1950.4199,550
77.3386,1962.2336,550
77.3387,1953.9733,550
77.3414,1949.0066,550
77.3425,1954.0738,550
77.3425,1950.1634,550
77.3457,1954.3050,550
77.3485,1952.3355,550
77.3485,1957.4891,550
77.3486,1958.1656,550
77.3493,1958.3361,550
77.3496,1960.4748,550
77.3496,1962.2114,550
77.3506,1963.8501,550
77.3533,1961.1543,550
77.3554,1976.9208,550
77.3555,1991.5917,550
77.3597,1962.9322,550
77.3604,1960.5911,550
77.3606,1966.7598,550
77.3652,1966.2120,550
77.3658,1965.5902,550
77.3659,1965.4609,550
77.3691,1975.2359,550
77.3717,1964.3047,550
77.3727,1966.1132,550
77.3749,1974.8283,550
77.3769,1962.9619,550
77.3798,1969.9318,550
77.3799,1966.4948,550
77.3817,1994.4717,550
77.3818,1977.3704,550
77.3875,1961.8395,550
77.3885,1965.1367,550
77.3940,1966.2787,550
77.3965,1963.1673,550
77.3971,1956.5554,550
77.3977,1978.5329,550
77.3977,1973.4939,550
77.3994,1974.7145,550
77.3995,1975.9350,550
77.3995,1976.6668,550
77.4034,1973.2348,550
77.4043,1971.0974,550
77.4046,1971.5952,550
77.4070,1973.5461,550
77.4070,1975.9338,550
77.4094,1982.1358,550
77.4135,1974.3726,550
77.4136,1981.1682,550
77.4160,1975.4997,550
77.4161,1974.0388,550
77.4180,1984.0521,550
77.4243,1977.7887,550
77.4268,1969.7452,550
77.4297,1969.3837,550
77.4336,1965.4664,550
77.4337,1970.8588,550
77.4374,1964.7161,550
77.4375,1974.0465,550
77.4375,1970.6864,550
77.4431,1965.0652,550
77.4474,1964.1476,550
77.4488,1976.4217,550
77.4533,1966.1869,550
77.4543,1967.1423,550
77.4550,1960.9152,550
77.4550,1964.9805,550
77.4567,1971.2665,550
77.4578,1969.7040,550
77.4594,1965.8495,550
77.4594,1974.1896,550
77.4610,1978.9698,550
77.4629,1974.2683,550
77.4639,1966.3139,550
77.4645,1978.2824,550
77.4645,1978.2477,550
77.4645,1970.2019,550
77.4645,1978.2101,550
77.4655,1980.3893,550
77.4681,1977.7034,550
77.4683,1992.5990,550
77.4683,1984.0409,550
77.4688,1991.6816,550
77.4717,1986.0790,550
77.4719,1995.2127,550
77.4746,1990.3636,550
77.4746,1987.6380,550
77.4752,1997.4177,550
77.4782,1992.8552,550
77.4793,1981.5947,550
77.4806,1995.0051,550
77.4851,1987.3106,550
77.4852,1987.9903,550
77.4882,1973.5856,550
77.4883,1989.8791,550
77.4888,1993.4092,550
77.4897,1991.3177,550
77.4921,1992.5014,550
77.4921,1994.7170,550
77.4935,1996.5624,550
77.4950,1998.7978,550
77.4950,2008.2827,550
77.4954,2008.4482,550
77.4963,2000.4644,550
77.4967,2002.2753,550
77.4989,2001.4389,550
77.4990,2004.2723,550
77.4998,2004.0589,550
77.4999,2008.2171,550
77.5076,2008.8818,550
77.5088,2011.1917,550
77.5096,1998.5586,550
77.5117,2008.2297,550
77.5131,2001.1038,550
77.5167,2001.6926,550
77.5194,2014.4600,550
77.5200,2004.4169,550
77.5212,2001.5984,550
77.5243,2002.1337,550
77.5244,2003.9724,550
77.5292,1999.1757,550
77.5364,1999.6809,550
77.5381,2000.6678,550
77.5382,1997.8283,550
77.5382,2000.0910,550
77.5382,2007.2383,550
77.5395,2014.1885,550
77.5422,2000.5319,550
77.5452,2005.2121,550
77.5459,1996.0492,550
77.5468,2003.5463,550
77.5472,2003.1693,550
77.5493,2002.3684,550
77.5527,1998.9935,550
77.5534,1996.9506,550
77.5536,2008.3726,550
77.5576,1998.2461,550
77.5577,2001.3815,550
77.5597,2014.5552,550
77.5607,2042.5218,550
77.5648,2014.4800,550
77.5658,2014.8171,550
77.5658,1994.2767,550
77.5658,2008.5969,550
77.5663,2013.1663,550
77.5717,2010.8702,550
77.5718,2010.2416,550
77.5738,2010.5561,550
77.5739,2013.6215,550
77.5739,2024.2589,550
77.5750,2013.0679,550
77.5760,2015.2764,550
77.5770,2017.2272,550
77.5779,2026.5578,550
77.5788,2012.5976,550
77.5788,2025.4312,550
77.5804,2020.3985,550
77.5814,2014.5419,550
77.5824,2025.0261,550
77.5828,2021.8423,550
77.5864,2022.8327,550
77.5895,2028.3741,550
77.5932,2019.2952,550
77.5936,2019.8763,550
77.5936,2022.0820,550
77.5936,2026.0579,550
77.5936,2036.9752,550
77.5964,2028.3424,550
77.5965,2025.3396,550
77.5972,2029.6012,550
77.6014,2031.1364,550
77.6014,2030.9820,550
77.6018,2017.6678,550
77.6027,2032.1803,550
77.6053,2034.9556,550
77.6071,2033.2963,550
77.6101,2029.2499,550
77.6102,2044.9667,550
77.6114,2043.7230,550
77.6149,2035.9594,550
77.6156,2048.5362,550
77.6160,2037.2521,550
77.6176,2036.2257,550
77.6206,2040.4040,550
77.6206,2040.3530,550
77.6245,2048.1866,550
77.6257,2036.7077,550
77.6260,2037.5249,550
77.6260,2040.2795,550
77.6276,2042.7181,550
77.6295,2041.4546,550
77.6324,2043.6694,550
77.6331,2040.7862,550
77.6364,2050.6089,550
77.6379,2046.5651,550
77.6418,2038.6258,550
77.6433,2039.2943,550
77.6438,2040.6069,550
77.6467,2045.8828,550
77.6475,2051.0530,550
77.6476,2042.1648,550
77.6485,2046.0862,550
77.6486,2054.8826,550
77.6486,2047.9799,550
77.6486,2054.8527,550
77.6497,2048.8616,550
77.6541,2054.9917,550
77.6628,2043.1985,550
77.6658,2040.1876,550
77.6669,2044.1835,550
77.6697,2040.4194,550
77.6698,2049.9293,550
77.6698,2051.9720,550
77.6716,2042.1461,550
77.6730,2044.6881,550
77.6753,2045.4363,550
77.6754,2055.4884,550
77.6777,2046.4780,550
77.6792,2050.2573,550
77.6803,2049.1316,550
77.6803,2046.7554,550
77.6811,2045.9451,550
77.6819,2066.3730,550
77.6858,2050.0472,550
77.6875,2044.0719,550
77.6876,2057.2851,550
77.6876,2053.8488,550
77.6906,2054.2893,550
77.6906,2054.2389,550
77.6935,2056.3361,550
77.6946,2058.9183,550
77.6946,2071.2174,550
77.6953,2058.2306,550
77.6953,2064.4606,550
77.6973,2067.8812,550
77.6978,2068.9353,550
77.7072,2055.4887,550
77.7074,2057.8268,550
77.7083,2059.3234,550
77.7105,2069.0165,550
77.7112,2057.5089,550
77.7130,2091.4856,550
77.7137,2063.1135,550
77.7138,2061.8667,550
77.7138,2070.7484,550
77.7164,2063.1725,550
77.7210,2068.7307,550
77.7237,2064.0814,550
77.7284,2056.5198,550
77.7292,2063.1046,550
77.7335,2056.2705,550
77.7336,2058.7402,550
77.7376,2055.2176,550
77.7376,2066.7438,550
77.7392,2064.4438,550
77.7397,2060.6716,550
77.7412,2061.8018,550
77.7431,2061.2174,550
77.7440,2068.4969,550
77.7495,2067.6801,550
77.7497,2070.7235,550
77.7504,2070.1946,550
77.7532,2061.7888,550
77.7597,2065.2933,550
77.7600,2043.5039,550
77.7612,2059.3691,550
77.7614,2072.3213,550
77.7647,2066.0732,550
77.7665,2060.5442,550
77.7687,2060.0755,550
77.7688,2061.9893,550
77.7756,2058.8876,550
77.7815,2059.9761,550
77.7843,2048.7789,550
77.7886,2052.8388,550
77.7889,2061.4024,550
77.7922,2046.6648,550
77.7975,2058.7893,550
77.7980,2052.4401,550
77.8003,2053.2296,550
77.8003,2053.2236,550
77.8010,2096.8351,550
77.8054,2062.6902,550
77.8060,2051.0332,550
77.8068,2056.5938,550
77.8092,2065.9898,550
77.8113,2048.9572,550
77.8116,2051.7765,550
77.8120,2068.3016,550
77.8145,2053.6598,550
77.8157,2057.1474,550
77.8182,2054.6875,550
77.8209,2054.9566,550
77.8239,2051.9669,550
77.8279,2054.0903,550
77.8291,2047.3454,550
77.8317,2058.0235,550
77.8358,2044.4294,550
77.8394,2047.3896,550
77.8395,2056.5587,550
77.8417,2054.4065,550
77.8418,2051.6796,550
77.8442,2051.8881,550
77.8451,2048.4062,550
77.8473,2053.8817,550
77.8474,2049.4264,550
77.8475,2068.2150,550
77.8523,2063.8706,550
77.8564,2050.5407,550
77.8565,2050.4014,550
77.8565,2053.3667,550
77.8575,2040.5391,550
77.8592,2055.2575,550
77.8630,2053.1388,550
77.8661,2047.8610,550
77.8671,2060.1115,550
77.8678,2051.3229,550
77.8682,2059.0150,550
77.8700,2056.1766,550
77.8710,2043.5173,550
77.8739,2056.3476,550
77.8747,2055.5364,550
77.8751,2061.4289,550
77.8782,2057.7316,550
77.8800,2056.9598,550
77.8841,2055.0916,550
77.8842,2066.1641,550
77.8860,2070.9406,550
77.8891,2059.0706,550
77.8895,2058.7335,550
77.8898,2086.4820,550
77.8908,2054.4260,550
77.8916,2064.6762,550
77.8917,2073.2110,550
77.8917,2052.7409,550
77.8926,2067.7375,550
77.8950,2075.8805,550
77.8951,2081.2598,550
77.8951,2069.1375,550
77.9028,2062.6005,550
77.9032,2070.5742,550
77.9055,2074.8276,550
77.9109,2062.8560,550
77.9138,2070.3141,550
77.9147,2071.4420,550
77.9156,2064.6957,550
77.9218,2057.9642,550
77.9219,2061.0508,550
77.9283,2070.9483,550
77.9343,2046.0718,550
77.9373,2051.4320,550
77.9377,2053.9595,550
77.9378,2059.7046,550
77.9400,2055.6729,550
77.9426,2066.3466,550
77.9427,2060.0752,550
77.9468,2058.0452,550
77.9488,2053.2305,550
77.9549,2084.7016,550
77.9549,2061.8666,550
77.9559,2054.0720,550
77.9559,2041.6206,550
77.9559,2057.7730,550
77.9565,2057.1706,550
77.9611,2056.3752,550
77.9670,2056.9971,550
77.9727,2048.7213,550
77.9748,2049.1700,550
77.9754,2064.1057,550
77.9756,2051.4566,550
77.9756,2054.8552,550
77.9765,2055.9142,550
77.9778,2065.0182,550
77.9779,2064.1397,550
77.9785,2098.6471,550
77.9801,2054.9045,550
77.9839,2058.9218,550
77.9872,2052.3037,550
77.9919,2066.9806,550
77.9942,2061.0932,550
77.9943,2054.3833,550
77.9944,2053.2049,550
77.9983,2060.5730,550
78.0003,2041.8273,550
78.0039,2054.9439,550
78.0040,2059.5635,550
78.0074,2051.3558,550
78.0102,2053.3435,550
78.0104,2055.3523,550
78.0104,2057.9592,550
78.0134,2056.9380,550
78.0135,2056.8739,550
78.0135,2060.8360,550
78.0214,2052.9361,550
78.0216,2056.9972,550
78.0216,2059.4769,550
78.0216,2068.6834,550
78.0220,2062.0738,550
78.0253,2061.4329,550
78.0293,2057.4600,550
78.0294,2065.5785,550
78.0334,2062.2360,550
78.0339,2061.1718,550
78.0397,2055.3645,550
78.0492,2049.1914,550
78.0493,2062.1936,550
78.0516,2066.3750,550
78.0534,2060.6912,550
78.0552,2088.6466,550
78.0601,2048.1938,550
78.0606,2049.1009,550
78.0610,2050.4724,550
78.0671,2044.3787,550
78.0701,2053.2054,550
78.0708,2047.1301,550
78.0732,2047.6877,550
78.0749,2055.8911,550
78.0759,2048.5592,550
78.0759,2044.0974,550
78.0765,2050.5036,550
78.0775,2063.6040,550
78.0799,2052.8912,550
78.0910,2042.6833,550
78.0923,2044.8635,550
78.0949,2043.0369,550
78.0950,2054.5105,550
78.0959,2050.2233,550
78.0969,2043.8627,550
78.0995,2054.8899,550
78.0996,2046.4683,550
78.1024,2073.1136,550
78.1025,2046.9875,550
78.1025,2052.4444,550
78.1026,2051.8016,550
78.1026,2063.8943,550
78.1036,2071.8905,550
78.1037,2073.1131,550
78.1082,2055.9423,550
78.1130,2053.4910,550
78.1131,2063.7405,550
78.1131,2057.0912,550
78.1131,2096.4655,550
78.1139,2068.4840,550
78.1140,2061.5106,550
78.1140,2070.2666,550
78.1167,2068.3756,550
78.1200,2060.6095,550
78.1208,2094.0430,550
78.1239,2070.3984,550
78.1248,2063.2961,550
78.1255,2074.0050,550
78.1268,2072.7478,550
78.1273,2072.1930,550
78.1290,2067.3309,550
78.1291,2072.3694,550
78.1297,2072.7385,550
78.1318,2077.7581,550
78.1324,2071.1140,550
78.1333,2078.4343,550
78.1357,2079.6816,550
78.1358,2075.0184,550
78.1368,2073.9622,550
78.1386,2074.7613,550
78.1403,2075.7056,550
78.1403,2081.7337,550
78.1428,2072.0525,550
78.1447,2077.2903,550
78.1454,2064.0975,550
78.1456,2113.8304,550
78.1475,2090.3324,550
78.1527,2079.7852,550
78.1560,2076.4843,550
78.1568,2072.5046,550
78.1569,2072.9190,550
78.1591,2081.9066,550
78.1600,2083.6232,550
78.1604,2082.3547,550
78.1610,2080.9166,550
78.1650,2082.4622,550
78.1661,2081.3865,550
78.1666,2094.7736,550
78.1674,2084.9986,550
78.1681,2091.3372,550
78.1686,2088.7543,550
78.1686,2090.8463,550
78.1695,2098.4251,550
78.1711,2092.5589,550
78.1720,2091.6690,550
78.1752,2091.1652,550
78.1753,2092.6236,550
78.1765,2090.8486,550
78.1766,2095.2983,550
78.1790,2091.8273,550
78.1791,2094.1234,550
78.1792,2108.7345,550
78.1797,2101.8006,550
78.1807,2100.8128,550
78.1973,2086.4549,550
78.2030,2087.0603,550
78.2036,2081.6034,550
78.2106,2080.0355,550
78.2112,2082.6762,550
78.2136,2093.8556,550
78.2138,2082.7734,550
78.2138,2082.7791,550
78.2147,2083.9325,550
78.2150,2092.1061,550
78.2151,2092.3588,550
78.2160,2085.5224,550
78.2189,2091.8972,550
78.2189,2104.3374,550
78.2224,2092.5976,550
78.2238,2091.2454,550
78.2248,2095.0629,550
78.2333,2087.4485,550
78.2335,2081.5948,550
78.2363,2087.0494,550
78.2367,2092.9418,550
78.2385,2088.4636,550
78.2417,2082.7828,550
78.2426,2084.6068,550
78.2433,2089.6701,550
78.2433,2089.7664,550
78.2437,2095.6235,550
78.2437,2094.4964,550
78.2479,2096.1279,550
78.2512,2087.0244,550
78.2534,2090.6530,550
78.2537,2102.1624,550
78.2550,2097.1211,550
78.2582,2097.6269,550
78.2610,2100.4937,550
78.2610,2094.6555,550
78.2614,2095.0078,550
78.2617,2108.8911,550
78.2618,2105.1771,550
78.2625,2094.2396,550
78.2651,2099.3268,550
78.2701,2109.4868,550
78.2701,2097.4812,550
78.2701,2097.9942,550
78.2702,2107.4328,550
78.2716,2103.9342,550
78.2741,2110.6607,550
78.2818,2099.9221,550
78.2819,2100.2666,550
78.2819,2100.2163,550
78.2819,2117.3913,550
78.2830,2104.4301,550
78.2849,2102.9216,550
78.2910,2093.6547,550
78.2923,2102.8740,550
78.2933,2103.1824,550
78.2951,2101.9263,550
78.2953,2099.9502,550
78.2964,2103.7266,550
78.2964,2112.5232,550
78.2993,2119.3131,550
78.3002,2106.0962,550
78.3027,2106.1882,550
78.3027,2106.8705,550
78.3033,2110.5723,550
78.3046,2109.8431,550
78.3048,2109.1305,550
78.3048,2113.8874,550
78.3078,2144.5386,550
78.3079,2115.8640,550
78.3097,2117.2353,550
78.3157,2115.4491,550
78.3158,2120.3666,550
78.3158,2113.1323,550
78.3210,2110.1153,550
78.3211,2113.4214,550
78.3236,2112.3203,550
78.3266,2112.1566,550
78.3268,2112.9290,550
78.3273,2122.2392,550
78.3280,2113.3026,550
78.3333,2113.1625,550
78.3339,2161.0150,550
78.3365,2109.8091,550
78.3366,2119.2275,550
78.3401,2109.9353,550
78.3407,2114.5441,550
78.3407,2115.0389,550
78.3417,2122.6031,550
78.3418,2120.6536,550
78.3427,2130.6647,550
78.3428,2130.9121,550
78.3428,2125.1423,550
78.3434,2127.2088,550
78.3441,2126.4509,550
78.3449,2128.8274,550
78.3456,2129.9628,550
78.3457,2138.0659,550
78.3459,2142.5615,550
78.3462,2137.4859,550
78.3523,2136.1807,550
78.3523,2118.7975,550
78.3562,2132.1971,550
78.3574,2134.4054,550
78.3602,2127.7078,550
78.3631,2124.7954,550
78.3659,2133.2667,550
78.3690,2128.4449,550
78.3719,2126.6357,550
78.3720,2130.2951,550
78.3747,2129.7829,550
78.3757,2138.2538,550
78.3761,2131.5316,550
78.3794,2129.1107,550
78.3795,2134.2861,550
78.3804,2127.2729,550
78.3808,2141.9113,550
78.3809,2140.8293,550
78.3809,2140.3387,550
78.3813,2140.6274,550
78.3855,2151.3078,550
78.3868,2137.8965,550
78.3874,2135.3301,550
78.3874,2140.6296,550
78.3899,2156.0211,550
78.3960,2151.5466,550
78.3989,2137.0863,550
78.4019,2143.7465,550
78.4020,2178.9374,550
78.4030,2146.8722,550
78.4039,2151.5594,550
78.4052,2137.4479,550
78.4071,2149.9800,550
78.4088,2138.7633,550
78.4117,2138.8671,550
78.4118,2150.1464,550
78.4127,2147.0174,550
78.4132,2148.0972,550
78.4165,2163.6882,550
78.4166,2143.7978,550
78.4204,2160.1530,550
78.4212,2145.1912,550
78.4216,2146.7599,550
78.4233,2145.0040,550
78.4274,2144.9772,550
78.4282,2144.7678,550
78.4287,2151.9074,550
78.4312,2149.4183,550
78.4313,2159.5698,550
78.4341,2149.7487,550
78.4362,2151.5294,550
78.4369,2144.0366,550
78.4376,2149.4433,550
78.4410,2156.7180,550
78.4426,2157.5266,550
78.4429,2150.8596,550
78.4446,2155.5395,550
78.4447,2157.7836,550
78.4484,2151.7336,550
78.4485,2161.7975,550
78.4489,2152.8529,550
78.4577,2148.0902,550
78.4578,2160.8414,550
78.4578,2146.8590,550
78.4587,2151.5477,550
78.4589,2155.0280,550
78.4629,2161.5658,550
78.4640,2164.9503,550
78.4674,2138.3747,550
78.4734,2149.9593,550
78.4734,2145.1673,550
78.4746,2156.4407,550
78.4780,2158.1990,550
78.4817,2149.5971,550
78.4828,2154.1754,550
78.4828,2151.0028,550
78.4851,2151.1321,550
78.4851,2153.3395,550
78.4860,2159.1702,550
78.4919,2150.3215,550
78.4929,2163.4073,550
78.4936,2150.9767,550
78.4947,2154.4602,550
78.4968,2159.5941,550
78.4969,2155.3746,550
78.4969,2161.8695,550
78.5018,2161.9357,550
78.5018,2142.7540,550
78.5018,2155.8023,550
78.5018,2155.1855,550
78.5054,2158.8203,550
78.5056,2168.3818,550
78.5063,2168.2773,550
78.5068,2163.4040,550
78.5099,2164.7308,550
78.5101,2160.6465,550
78.5166,2157.9434,550
78.5167,2165.8443,550
78.5191,2169.0913,550
78.5194,2164.0913,550
78.5206,2162.0179,550
78.5206,2162.9097,550
78.5206,2169.9832,550
78.5250,2159.5671,550
78.5252,2165.4797,550
78.5258,2172.7317,550
78.5296,2172.1917,550
78.5306,2170.6370,550
78.5346,2167.1889,550
78.5347,2167.6439,550
78.5363,2170.9556,550
78.5377,2169.5093,550
78.5386,2206.8048,550
78.5414,2172.7243,550
78.5428,2169.4979,550
78.5439,2170.2535,550
78.5448,2169.3446,550
78.5460,2174.6714,550
78.5470,2182.2594,550
78.5470,2172.2595,550
78.5511,2174.4179,550
78.5529,2172.6835,550
78.5550,2173.5933,550
78.5554,2181.1243,550
78.5555,2177.0715,550
78.5577,2185.3707,550
78.5586,2177.8845,550
78.5587,2177.8165,550
78.5597,2183.4312,550
78.5697,2178.1874,550
78.5705,2171.7635,550
78.5706,2179.1053,550
78.5752,2173.4657,550
78.5762,2174.2426,550
78.5773,2161.0694,550
78.5782,2169.7059,550
78.5789,2178.0251,550
78.5797,2177.9862,550
78.5798,2177.7763,550
78.5934,2168.6399,550
78.5975,2166.4603,550
78.6004,2165.8110,550
78.6044,2168.6250,550
78.6045,2163.4095,550
78.6055,2177.8814,550
78.6083,2165.5196,550
78.6099,2173.4114,550
78.6119,2166.1634,550
78.6139,2166.9158,550
78.6201,2161.4459,550
78.6221,2161.2489,550
78.6223,2193.9433,550
78.6261,2160.6500,550
78.6280,2168.2847,550
78.6337,2157.5690,550
78.6340,2167.1321,550
78.6349,2160.5402,550
78.6364,2146.9861,550
78.6380,2166.9597,550
78.6381,2163.8726,550
78.6385,2167.2280,550
78.6400,2165.6731,550
78.6410,2173.2378,550
78.6411,2181.0557,550
78.6439,2165.8650,550
78.6458,2183.9716,550
78.6467,2169.6412,550
78.6497,2160.8347,550
78.6517,2166.2069,550
78.6536,2178.5492,550
78.6537,2170.9844,550
78.6575,2170.0297,550
78.6599,2172.4669,550
78.6614,2177.4710,550
78.6646,2167.8419,550
78.6653,2166.8204,550
78.6685,2170.5690,550
78.6699,2168.9934,550
78.6722,2168.5748,550
78.6772,2164.1887,550
78.6791,2173.0492,550
78.6792,2173.5639,550
78.6865,2157.8287,550
78.6867,2163.2250,550
78.6886,2161.3165,550
78.6899,2162.1474,550
78.6927,2163.2589,550
78.6928,2173.5680,550
78.6946,2171.6582,550
78.6948,2167.2261,550
78.6951,2166.9254,550
78.6958,2178.5839,550
78.6959,2172.0529,550
78.6986,2183.0457,550
78.7024,2172.4889,550
78.7032,2165.4811,550
78.7039,2172.5162,550
78.7069,2177.6372,550
78.7081,2171.0754,550
78.7113,2170.7115,550
78.7119,2204.6325,550
78.7135,2181.7410,550
78.7166,2171.0718,550
78.7167,2177.7789,550
78.7168,2175.1802,550
78.7168,2180.6342,550
78.7173,2181.9993,550
78.7205,2182.5952,550
78.7232,2179.9216,550
78.7238,2180.0059,550
78.7244,2183.3422,550
78.7249,2182.8458,550
78.7250,2179.1578,550
78.7250,2178.8304,550
78.7273,2193.0255,550
78.7292,2190.4091,550
78.7302,2185.7668,550
78.7303,2189.3119,550
78.7318,2195.2637,550
78.7344,2192.2424,550
78.7383,2188.8342,550
78.7430,2186.0230,550
78.7431,2184.4400,550
78.7439,2189.6645,550
78.7456,2183.3734,550
78.7478,2181.8612,550
78.7479,2189.3931,550
78.7486,2189.0934,550
78.7497,2204.1007,550
78.7497,2198.6929,550
78.7518,2197.6891,550
78.7519,2194.7592,550
78.7519,2196.0273,550
78.7548,2182.4794,550
78.7550,2193.9202,550
78.7599,2194.1126,550
78.7600,2193.9696,550
78.7600,2204.8631,550
78.7600,2206.9532,550
78.7600,2206.9880,550
78.7600,2212.1385,550
78.7627,2205.9898,550
78.7646,2204.8112,550
78.7701,2205.8474,550
78.7702,2201.8351,550
78.7703,2210.8202,550
78.7720,2204.5302,550
78.7743,2209.0563,550
78.7779,2202.3888,550
78.7780,2195.2957,550
78.7780,2213.5942,550
78.7838,2202.6773,550
78.7871,2223.0761,550
78.7872,2203.2554,550
78.7872,2214.0134,550
78.7885,2203.1722,550
78.7890,2210.7589,550
78.7907,2200.8213,550
78.7909,2216.2735,550
78.7936,2214.1326,550
78.7953,2216.3604,550
78.7959,2224.6673,550
78.7976,2221.0759,550
78.8001,2210.1169,550
78.8006,2213.1036,550
78.8024,2208.6863,550
78.8033,2224.9485,550
78.8111,2206.7696,550
78.8152,2201.7768,550
78.8153,2212.3784,550
78.8166,2207.2780,550
78.8169,2210.0278,550
78.8210,2216.6358,550
78.8284,2202.7811,550
78.8323,2198.3416,550
78.8324,2211.0601,550
78.8403,2204.1354,550
78.8405,2204.3124,550
78.8425,2197.6878,550
78.8425,2200.2445,550
78.8441,2200.3225,550
78.8464,2233.1578,550
78.8493,2194.1831,550
78.8497,2200.5614,550
78.8501,2200.1111,550
78.8501,2215.9661,550
78.8504,2208.3117,550
78.8504,2206.8895,550
78.8510,2203.2573,550
78.8511,2210.4375,550
78.8542,2222.5864,550
78.8546,2202.6352,550
78.8547,2208.1308,550
78.8637,2206.2078,550
78.8645,2207.3788,550
78.8645,2209.9798,550
78.8646,2217.9112,550
78.8668,2210.0276,550
78.8716,2214.3827,550
78.8724,2210.1377,550
78.8761,2209.4497,550
78.8774,2208.6128,550
78.8796,2214.6380,550
78.8801,2220.3179,550
78.8825,2208.9787,550
78.8827,2208.8228,550
78.8827,2215.1808,550
78.8827,2218.5870,550
78.8865,2225.5787,550
78.8866,2214.7450,550
78.8887,2214.5175,550
78.8931,2227.1996,550
78.8934,2214.3655,550
78.8993,2224.6693,550
78.9002,2226.5760,550
78.9032,2220.7244,550
78.9033,2226.9279,550
78.9033,2214.0653,550
78.9033,2225.5233,550
78.9059,2220.1941,550
78.9061,2231.8908,550
78.9067,2226.0754,550
78.9127,2224.8796,550
78.9135,2216.6070,550
78.9145,2231.9440,550
78.9148,2230.4522,550
78.9157,2219.7862,550
78.9158,2230.6825,550
78.9181,2228.3904,550
78.9199,2226.1433,550
78.9200,2231.4123,550
78.9214,2226.3672,550
78.9219,2234.9476,550
78.9236,2227.7927,550
78.9242,2273.9413,550
78.9259,2230.9520,550
78.9275,2214.1858,550
78.9294,2228.0330,550
78.9295,2230.1243,550
78.9339,2240.5771,550
78.9339,2238.0090,550
78.9340,2240.4875,550
78.9347,2218.6342,550
78.9370,2229.6040,550
78.9400,2231.9777,550
78.9425,2271.6824,550
78.9425,2265.9744,550
78.9425,2238.1067,550
78.9451,2239.9524,550
78.9455,2245.6565,550
78.9464,2245.8725,550
78.9498,2248.3611,550
78.9524,2246.2211,550
78.9566,2235.3202,550
78.9586,2233.7376,550
78.9615,2229.6802,550
78.9616,2234.1829,550
78.9636,2235.0600,550
78.9650,2242.8617,550
78.9651,2235.7579,550
78.9674,2237.2823,550
78.9700,2237.2955,550
78.9734,2233.3909,550
78.9735,2239.9611,550
78.9756,2237.0009,550
78.9769,2247.3402,550
78.9770,2247.2569,550
78.9798,2236.7896,550
78.9799,2243.5912,550
78.9799,2239.6416,550
78.9799,2258.5673,550
78.9799,2247.0104,550
78.9805,2246.3900,550
78.9839,2243.0087,550
78.9852,2246.8646,550
78.9857,2260.1736,550
78.9864,2252.9556,550
78.9893,2257.2017,550
78.9894,2258.3644,550
78.9895,2254.0489,550
78.9903,2261.8019,550
78.9942,2257.4685,550
78.9995,2248.2100,550
79.0005,2246.6033,550
79.0013,2256.7857,550
79.0018,2256.3114,550
79.0035,2257.0892,550
79.0057,2267.6802,550
79.0102,2254.4390,550
79.0103,2247.8130,550
79.0103,2253.4486,550
79.0138,2251.9176,550
79.0138,2254.0477,550
79.0138,2259.8525,550
79.0153,2253.8832,550
79.0186,2262.1770,550
79.0186,2261.6230,550
79.0203,2257.8357,550
79.0230,2260.8333,550
79.0271,2256.4958,550
79.0280,2256.1924,550
79.0290,2258.1724,550
79.0355,2261.7285,550
79.0355,2259.3792,550
79.0356,2259.3574,550
79.0431,2262.0757,550
79.0489,2260.4820,550
79.0489,2255.6000,550
79.0521,2252.4038,550
79.0542,2248.6280,550
79.0630,2241.4701,550
79.0631,2242.1218,550
79.0659,2239.9660,550
79.0660,2252.5389,550
79.0660,2257.1364,550
79.0680,2255.1907,550
79.0697,2247.1456,550
79.0697,2253.4055,550
79.0744,2257.2250,550
79.0766,2253.5990,550
79.0815,2243.8933,550
79.0816,2259.8072,550
79.0823,2254.1691,550
79.0834,2246.8361,550
79.0854,2258.0635,550
79.0875,2239.5393,550
79.0878,2281.3800,550
79.0898,2248.8972,550
79.0922,2257.5579,550
79.0924,2246.7206,550
79.0924,2260.1408,550
79.0937,2256.0653,550
79.0971,2258.5381,550
79.0973,2252.5281,550
79.1018,2250.7076,550
79.1019,2258.3042,550
79.1019,2251.4188,550
79.1019,2250.6297,550
79.1031,2257.1135,550
79.1043,2257.8471,550
79.1047,2258.9709,550
79.1072,2258.8300,550
79.1130,2260.0082,550
79.1132,2256.9058,550
79.1134,2259.6743,550
79.1170,2282.0248,550
79.1176,2260.9356,550
79.1210,2255.7664,550
79.1254,2266.3879,550
79.1281,2251.0759,550
79.1288,2257.5958,550
79.1289,2253.2228,550
79.1289,2257.4688,550
79.1317,2259.4589,550
79.1318,2259.9203,550
79.1325,2261.9925,550
79.1350,2260.4832,550
79.1379,2274.2160,550
79.1388,2261.0602,550
79.1412,2266.4970,550
79.1413,2262.5145,550
79.1437,2263.0384,550
79.1437,2272.3326,550
79.1454,2262.9011,550
79.1459,2274.4334,550
79.1484,2268.2952,550
79.1503,2265.6790,550
79.1504,2266.2986,550
79.1535,2296.2162,550
79.1575,2271.1381,550
79.1576,2271.1266,550
79.1602,2266.1028,550
79.1613,2267.3085,550
79.1645,2274.0567,550
79.1647,2267.5069,550
79.1658,2268.4592,550
79.1737,2262.3440,550
79.1763,2262.1283,550
79.1764,2269.5874,550
79.1785,2263.9526,550
79.1861,2256.2031,550
79.1871,2255.1945,550
79.1894,2271.9230,550
79.1904,2263.2970,550
79.1933,2296.9033,550
79.1957,2291.1462,550
79.1958,2258.1143,550
79.1960,2257.9471,550
79.1981,2261.4870,550
79.1997,2306.5867,550
79.2002,2274.3343,550
79.2030,2264.0343,550
79.2031,2273.6648,550
79.2041,2271.2119,550
79.2052,2269.6333,550
79.2059,2266.8282,550
79.2060,2268.8283,550
79.2063,2280.5326,550
79.2074,2274.2799,550
79.2082,2273.6646,550
79.2091,2272.7198,550
79.2094,2289.4983,550
79.2152,2275.0772,550
79.2163,2276.8230,550
79.2199,2273.2703,550
79.2199,2275.8842,550
79.2207,2285.3319,550
79.2223,2276.5954,550
79.2311,2267.8527,550
79.2321,2279.5116,550
79.2363,2269.9982,550
79.2365,2269.5308,550
79.2377,2270.8362,550
79.2378,2270.7684,550
79.2391,2277.9294,550
79.2421,2280.0977,550
79.2425,2277.5076,550
79.2460,2282.5118,550
79.2474,2277.5143,550
79.2487,2273.5576,550
79.2493,2285.3109,550
79.2506,2283.9098,550
79.2509,2269.1349,550
79.2528,2278.3513,550
79.2530,2286.5937,550
79.2536,2274.1470,550
79.2537,2281.3065,550
79.2569,2281.4836,550
79.2578,2281.2663,550
79.2602,2295.2262,550
79.2635,2281.1706,550
79.2640,2267.2078,550
79.2648,2282.4541,550
79.2659,2283.5884,550
79.2681,2283.4008,550
79.2705,2292.7587,550
79.2724,2283.1165,550
79.2750,2280.4580,550
79.2750,2285.4751,550
79.2751,2292.4101,550
79.2798,2290.7412,550
79.2808,2279.7212,550
79.2816,2291.6706,550
79.2841,2285.9722,550
79.2842,2283.3140,550
79.2842,2293.5538,550
79.2856,2287.5631,550
79.2857,2278.2771,550
79.2865,2299.2080,550
79.2872,2280.3334,550
79.2872,2294.2438,550
79.2897,2296.2493,550
79.2898,2307.3207,550
79.2955,2294.5903,550
79.2976,2299.4796,550
79.2990,2295.1903,550
79.2992,2301.6890,550
79.3002,2298.6236,550
79.3033,2297.5934,550
79.3033,2300.4822,550
79.3033,2309.4516,550
79.3044,2301.0968,550
79.3070,2301.9218,550
79.3070,2301.9309,550
79.3078,2304.9334,550
79.3131,2307.8235,550
79.3160,2297.5621,550
79.3201,2297.5031,550
79.3202,2309.4069,550
79.3208,2300.9151,550
79.3214,2306.4910,550
79.3216,2305.6780,550
79.3260,2301.8869,550
79.3260,2307.6297,550
79.3261,2301.3821,550
79.3261,2307.7297,550
79.3266,2309.4668,550
79.3301,2306.0594,550
79.3302,2314.2746,550
79.3336,2315.5442,550
79.3344,2310.9032,550
79.3386,2306.6712,550
79.3402,2321.0663,550
79.3462,2304.3288,550
79.3500,2302.5323,550
79.3530,2303.5700,550
79.3551,2300.5374,550
79.3583,2301.7711,550
79.3612,2298.8643,550
79.3654,2296.1447,550
79.3655,2299.1063,550
79.3657,2301.8296,550
79.3657,2301.8318,550
79.3683,2301.1115,550
79.3696,2295.3455,550
79.3708,2304.0606,550
79.3708,2318.8674,550
79.3736,2304.6375,550
79.3755,2304.7464,550
79.3755,2309.5705,550
79.3779,2310.5572,550
79.3789,2321.2575,550
79.3789,2306.5219,550
79.3789,2312.3186,550
79.3806,2319.5072,550
79.3811,2323.2568,550
79.3869,2307.7798,550
79.3913,2313.8905,550
79.3945,2306.0430,550
79.3946,2307.7318,550
79.3957,2304.8331,550
79.3980,2313.4664,550
79.3981,2316.2673,550
79.3982,2320.1819,550
79.4021,2315.4742,550
79.4029,2311.5043,550
79.4030,2315.3762,550
79.4030,2314.6253,550
79.4047,2315.5092,550
79.4072,2315.2186,550
79.4101,2315.4634,550
79.4139,2314.6592,550
79.4178,2308.1878,550
79.4180,2327.4073,550
79.4182,2311.9937,550
79.4188,2315.0126,550
79.4214,2314.6994,550
79.4219,2328.0758,550
79.4234,2315.2037,550
79.4264,2323.5395,550
79.4295,2312.7746,550
79.4299,2324.1197,550
79.4355,2319.3842,550
79.4356,2314.0125,550
79.4385,2312.4958,550
79.4386,2312.9289,550
79.4386,2320.5112,550
79.4397,2322.3170,550
79.4398,2322.2071,550
79.4414,2318.4028,550
79.4418,2320.6468,550
79.4445,2324.6210,550
79.4459,2319.2411,550
79.4519,2323.9624,550
79.4546,2324.2824,550
79.4591,2314.5571,550
79.4592,2316.1336,550
79.4660,2313.9724,550
79.4688,2324.6178,550
79.4689,2316.8312,550
79.4690,2313.6731,550
79.4704,2301.1027,550
79.4718,2321.7601,550
79.4726,2316.2000,550
79.4770,2321.9636,550
79.4776,2313.9918,550
79.4777,2318.4328,550
79.4799,2316.3106,550
79.4817,2317.9762,550
79.4839,2316.3758,550
79.4890,2315.0072,550
79.4926,2321.6014,550
79.4926,2326.4331,550
79.4979,2319.6176,550
79.5016,2311.2519,550
79.5057,2311.9971,550
79.5074,2343.0645,550
79.5093,2320.5638,550
79.5103,2309.6657,550
79.5125,2324.4622,550
79.5127,2309.8044,550
79.5180,2308.2369,550
79.5181,2311.7462,550
79.5189,2309.5737,550
79.5189,2310.7115,550
79.5195,2300.3161,550
79.5217,2312.3378,550
79.5220,2315.5980,550
79.5228,2322.3528,550
79.5229,2326.9777,550
79.5275,2327.6157,550
79.5295,2316.5967,550
79.5313,2316.7934,550
79.5374,2317.6590,550
79.5380,2315.0160,550
79.5390,2314.0535,550
79.5391,2324.7222,550
79.5420,2318.6899,550
79.5446,2313.4597,550
79.5464,2325.4651,550
79.5465,2323.6925,550
79.5471,2327.8357,550
79.5502,2320.0451,550
79.5510,2329.1953,550
79.5531,2318.7658,550
79.5539,2320.5442,550
79.5549,2330.2596,550
79.5550,2315.8435,550
79.5585,2319.3147,550
79.5594,2325.7509,550
79.5662,2319.6113,550
79.5670,2304.3347,550
79.5677,2318.1240,550
79.5701,2324.0613,550
79.5731,2319.1244,550
79.5733,2324.8532,550
79.5759,2318.2799,550
79.5780,2320.1579,550
79.5781,2321.5542,550
79.5796,2324.5852,550
79.5809,2322.6396,550
79.5809,2318.6794,550
79.5811,2326.0975,550
79.5817,2325.4745,550
79.5843,2324.3466,550
79.5875,2311.3836,550
79.5883,2325.8839,550
79.5883,2330.6051,550
79.5892,2345.6303,550
79.5901,2335.8081,550
79.5907,2339.9857,550
79.5907,2335.1708,550
79.5945,2331.3528,550
79.5954,2339.4535,550
79.5996,2345.7303,550
79.5998,2350.1095,550
79.6008,2338.7559,550
79.6036,2339.3731,550
79.6037,2351.0870,550
79.6037,2339.3861,550
79.6094,2349.8568,550
79.6095,2335.3265,550
79.6116,2339.2345,550
79.6118,2343.0085,550
79.6126,2339.3566,550
79.6133,2341.7409,550
79.6147,2341.3053,550
79.6168,2340.2171,550
79.6169,2342.2738,550
79.6169,2344.5803,550
79.6169,2333.4347,550
79.6185,2342.6302,550
79.6192,2348.7137,550
79.6192,2349.7994,550
79.6209,2348.2118,550
79.6216,2353.7003,550
79.6217,2353.6927,550
79.6217,2353.4995,550
79.6240,2357.8874,550
79.6240,2372.4937,550
79.6254,2353.5704,550
79.6255,2356.7200,550
79.6255,2361.0620,550
79.6277,2362.7240,550
79.6296,2353.2004,550
79.6298,2364.3933,550
79.6315,2364.9113,550
79.6315,2367.4143,550
79.6335,2364.9540,550
79.6340,2367.1244,550
79.6403,2374.6205,550
79.6409,2378.1363,550
79.6452,2373.0380,550
79.6453,2369.5390,550
79.6473,2362.3258,550
79.6525,2360.6671,550
79.6526,2362.1710,550
79.6574,2360.9520,550
79.6584,2361.5094,550
79.6606,2357.8907,550
79.6606,2368.3780,550
79.6606,2369.9203,550
79.6618,2368.4790,550
79.6623,2373.7768,550
79.6654,2374.9961,550
79.6676,2358.6133,550
79.6727,2374.9189,550
79.6745,2374.0816,550
79.6787,2373.4925,550
79.6788,2360.5032,550
79.6818,2366.5526,550
79.6856,2372.2174,550
79.6857,2369.2514,550
79.6858,2361.5784,550
79.6858,2372.3118,550
79.6863,2378.8843,550
79.6866,2364.8911,550
79.6868,2374.6470,550
79.6868,2370.9740,550
79.6898,2372.0462,550
79.6940,2367.7312,550
79.6977,2366.6191,550
79.6995,2371.8692,550
79.7006,2366.8862,550
79.7055,2366.7385,550
79.7079,2366.8525,550
79.7080,2368.3729,550
79.7090,2376.2017,550
79.7103,2365.1554,550
79.7140,2414.6547,550
79.7213,2373.4504,550
79.7297,2341.8474,550
79.7307,2355.3747,550
79.7314,2360.9700,550
79.7347,2363.9114,550
79.7348,2356.5568,550
79.7369,2366.9130,550
79.7390,2358.8969,550
79.7408,2351.9761,550
79.7409,2368.7221,550
79.7418,2361.8494,550
79.7419,2368.1012,550
79.7473,2363.3090,550
79.7492,2369.3549,550
79.7493,2361.8415,550
79.7501,2407.9917,550
79.7522,2362.7708,550
79.7552,2359.9286,550
79.7581,2355.9767,550
79.7617,2355.2263,550
79.7641,2360.4951,550
79.7641,2364.4290,550
79.7659,2359.8746,550
79.7678,2370.4562,550
79.7706,2361.0219,550
79.7721,2395.2746,550
79.7740,2365.0661,550
79.7741,2363.4471,550
79.7758,2362.7489,550
79.7770,2365.4070,550
79.7770,2366.8722,550
79.7812,2364.7590,550
79.7813,2366.0064,550
79.7822,2360.2791,550
79.7871,2362.9594,550
79.7891,2367.9860,550
79.7914,2365.9218,550
79.7917,2362.6292,550
79.7917,2368.3445,550
79.7942,2379.9242,550
79.7972,2369.5668,550
79.7991,2371.3925,550
79.8028,2364.6991,550
79.8059,2371.2797,550
79.8091,2363.8668,550
79.8096,2367.6603,550
79.8112,2362.8924,550
79.8120,2364.9682,550
79.8143,2366.4613,550
79.8164,2364.5656,550
79.8193,2375.4878,550
79.8194,2365.0132,550
79.8195,2372.5017,550
79.8199,2368.8106,550
79.8242,2367.6348,550
79.8261,2375.8311,550
79.8262,2381.2021,550
79.8320,2369.4356,550
79.8321,2465.3481,550
79.8329,2368.8980,550
79.8340,2376.0273,550
79.8371,2369.0449,550
79.8381,2369.2465,550
79.8404,2382.5850,550
79.8433,2370.2813,550
79.8439,2369.1707,550
79.8440,2379.8384,550
79.8462,2371.7753,550
79.8470,2368.0821,550
79.8493,2378.1115,550
79.8494,2372.8711,550
79.8501,2376.5263,550
79.8523,2361.2789,550
79.8554,2377.9327,550
79.8554,2388.6330,550
79.8565,2374.9147,550
79.8591,2362.3917,550
79.8622,2377.9849,550
79.8623,2381.9595,550
79.8671,2373.5404,550
79.8671,2379.5984,550
79.8701,2381.9356,550
79.8741,2374.8668,550
79.8796,2372.5153,550
79.8825,2399.3769,550
79.8825,2381.7588,550
79.8840,2378.7272,550
79.8841,2371.7393,550
79.8868,2384.5439,550
79.8888,2371.8618,550
79.8888,2374.1371,550
79.8916,2372.0533,550
79.8917,2384.5191,550
79.8929,2378.4294,550
79.8968,2371.4784,550
79.8997,2373.8284,550
79.8998,2376.4654,550
79.9014,2390.4994,550
79.9106,2363.2919,550
79.9123,2369.7807,550
79.9124,2382.0093,550
79.9133,2379.1468,550
79.9137,2382.7702,550
79.9204,2369.6264,550
79.9206,2371.1608,550
79.9218,2370.0382,550
79.9253,2385.1918,550
79.9287,2367.6247,550
79.9290,2367.5817,550
79.9301,2386.2158,550
79.9350,2368.8008,550
79.9368,2366.8782,550
79.9368,2381.2714,550
79.9376,2385.0066,550
79.9395,2376.9870,550
79.9401,2376.0381,550
79.9407,2378.8590,550
79.9416,2376.2473,550
79.9455,2371.5316,550
79.9496,2369.3006,550
79.9496,2380.5814,550
79.9497,2385.9089,550
79.9507,2380.3853,550
79.9518,2391.0695,550
79.9553,2383.0898,550
79.9560,2382.2701,550
79.9561,2380.2758,550
79.9653,2370.5089,550
79.9658,2381.3039,550
79.9691,2373.7659,550
79.9701,2379.2311,550
79.9711,2374.0866,550
79.9718,2371.7886,550
79.9718,2382.2014,550
79.9724,2387.5991,550
79.9752,2378.7546,550
79.9763,2390.8944,550
79.9764,2382.1890,550
79.9768,2382.5217,550
79.9774,2396.8670,550
79.9778,2382.6844,550
79.9779,2388.5568,550
79.9820,2393.9814,550
79.9820,2388.1532,550
79.9841,2397.1248,550
79.9877,2394.4701,550
79.9908,2383.7304,550
79.9929,2385.7800,550
79.9929,2387.5997,550
79.9934,2397.4362,550
79.9941,2390.5166,550
79.9949,2387.4933,550
79.9957,2386.5045,550
79.9966,2393.4113,550
79.9975,2395.6211,550
80.0136,2392.6713,550
80.0229,2380.8774,300
80.0258,2375.5021,300
80.0344,2375.5121,300
80.0366,2365.3170,300
80.0442,2362.4703,300
80.0464,2355.8312,300
80.0490,2357.5902,300
80.0497,2360.1037,300
80.0581,2351.9364,300
80.0650,2348.8948,300
80.0704,2345.6068,300
80.0732,2347.0375,300
80.0801,2341.5936,300
80.0830,2349.1332,300
80.0892,2335.1519,300
80.1022,2332.8486,300
80.1023,2331.7943,300
80.1074,2327.6510,300
80.1108,2329.7731,300
80.1149,2319.2688,300
80.1189,2316.7735,300
80.1234,2314.8689,300
80.1267,2313.9242,300
80.1363,2304.2527,300
80.1394,2302.1082,300
80.1447,2310.6080,300
80.1448,2302.9518,300
80.1520,2305.9270,300
80.1527,2302.1127,300
80.1589,2301.6257,300
80.1590,2296.2761,300
80.1632,2303.1802,300
80.1655,2295.0102,300
80.1655,2309.4658,300
80.1661,2297.6536,300
80.1684,2299.8047,300
80.1703,2297.9012,300
80.1838,2289.0262,300
80.1839,2288.3971,300
80.1839,2292.0061,300
80.1840,2291.9860,300
80.1871,2294.4575,300
80.1879,2288.5293,300
80.1899,2299.0176,300
80.1910,2313.9213,300
80.1955,2298.3742,300
80.1984,2287.6497,300
80.1998,2285.1389,300
80.2119,2286.9941,300
80.2120,2292.4072,300
80.2136,2288.1597,300
80.2173,2277.1482,300
80.2198,2281.3363,300
80.2275,2274.5447,300
80.2277,2277.2292,300
80.2334,2272.0882,300
80.2373,2270.1409,300
80.2381,2273.1651,300
80.2463,2276.4973,300
80.2493,2266.9641,300
80.2493,2262.5856,300
80.2493,2266.8839,300
80.2513,2271.5109,300
80.2519,2278.4415,300
80.2533,2274.6294,300
80.2535,2269.4305,300
80.2535,2271.1062,300
80.2553,2275.0450,300
80.2587,2273.4625,300
80.2597,2279.3299,300
80.2623,2298.1424,300
80.2828,2256.1837,300
80.2829,2262.9657,300
80.2838,2261.9612,300
80.2904,2253.3247,300
80.2929,2264.6276,300
80.3026,2243.3205,300
80.3160,2248.1838,300
80.3169,2240.5638,300
80.3200,2247.2198,300
80.3218,2242.3375,300
80.3231,2234.8138,300
80.3293,2229.8463,300
80.3318,2229.7208,300
80.3371,2225.3202,300
80.3372,2227.6301,300
80.3457,2222.2813,300
80.3458,2221.7582,300
80.3468,2225.4449,300
80.3542,2226.8612,300
80.3565,2205.0692,300
80.3567,2233.5828,300
80.3601,2220.4311,300
80.3602,2225.6704,300
80.3639,2229.1254,300
80.3639,2226.2139,300
80.3679,2222.0393,300
80.3720,2218.0436,300
80.3721,2220.1257,300
80.3785,2217.8491,300
80.3786,2218.6570,300
80.3786,2218.5562,300
80.3837,2210.8909,300
80.3871,2214.1602,300
80.3895,2211.1878,300
80.3954,2211.0210,300
80.3982,2209.4379,300
80.3987,2214.6838,300
80.4077,2203.5054,300
80.4086,2215.1342,300
80.4098,2217.3222,300
80.4102,2206.5054,300
80.4226,2210.5916,300
80.4227,2203.9817,300
80.4233,2196.9059,300
80.4252,2201.2980,300
80.4261,2204.9163,300
80.4337,2196.0061,300
80.4338,2195.6147,300
80.4338,2207.5291,300
80.4401,2207.9365,300
80.4463,2191.7554,300
80.4536,2182.5933,300
80.4613,2182.4020,300
80.4663,2178.0564,300
80.4693,2176.5711,300
80.4696,2185.0070,300
80.4723,2174.1787,300
80.4728,2193.8596,300
80.4737,2180.9660,300
80.4747,2186.6358,300
80.4790,2178.9527,300
80.4882,2184.5504,300
80.4936,2176.3031,300
80.4937,2167.7267,300
80.4945,2172.1642,300
80.4977,2169.5904,300
80.5034,2168.3883,300
80.5141,2155.7520,300
80.5149,2160.7609,300
80.5215,2155.2878,300
80.5322,2145.7741,300
80.5323,2146.1389,300
80.5410,2138.0491,300
80.5411,2142.5343,300
80.5439,2154.9995,300
80.5458,2150.6618,300
80.5463,2149.3026,300
80.5497,2142.1906,300
80.5517,2150.1252,300
80.5552,2143.6967,300
80.5559,2142.9859,300
80.5566,2154.7509,300
80.5681,2169.7122,300
80.5791,2125.7357,300
80.5791,2129.0585,300
80.5792,2127.8477,300
80.5801,2127.5859,300
80.5880,2127.6476,300
80.5910,2134.4598,300
80.5931,2122.4654,300
80.5950,2134.7271,300
80.5990,2116.6191,300
80.6002,2121.6997,300
80.6040,2130.9064,300
80.6119,2114.1385,300
80.6238,2101.6559,300
80.6349,2095.5650,300
80.6366,2090.3407,300
80.6402,2094.6563,300
80.6436,2091.2574,300
80.6481,2089.7509,300
80.6492,2101.8280,300
80.6493,2097.1740,300
80.6511,2098.3726,300
80.6528,2096.6488,300
80.6529,2093.5493,300
80.6585,2092.5503,300
80.6618,2089.1967,300
80.6629,2094.1149,300
80.6686,2092.4760,300
80.6687,2104.8902,300
80.6700,2091.0845,300
80.6744,2096.1427,300
80.6817,2082.8095,300
80.6847,2080.3153,300
80.6893,2079.3869,300
80.6930,2083.2635,300
80.6973,2078.4831,300
80.6983,2075.4731,300
80.7004,2083.1996,300
80.7024,2076.1937,300
80.7039,2079.6561,300
80.7073,2076.2221,300
80.7079,2075.6307,300
80.7175,2074.1267,300
80.7194,2077.5987,300
80.7237,2067.8821,300
80.7255,2065.5711,300
80.7255,2066.0900,300
80.7277,2067.2332,300
80.7403,2058.6110,300
80.7426,2063.7465,300
80.7432,2068.1706,300
80.7471,2057.4694,300
80.7472,2060.4248,300
80.7489,2058.0828,300
80.7575,2067.3711,300
80.7609,2056.9930,300
80.7658,2056.3528,300
80.7666,2051.7417,300
80.7711,2046.8214,300
80.7764,2044.6711,300
80.7793,2041.7717,300
80.7795,2041.6576,300
80.7861,2040.8550,300
80.7866,2048.5176,300
80.7898,2037.1519,300
80.7961,2038.5309,300
80.7988,2035.4457,300
80.7989,2044.5510,300
80.7989,2039.6537,300
80.8015,2049.7236,300
80.8039,2035.2243,300
80.8076,2036.3890,300
80.8086,2039.8987,300
80.8095,2038.5791,300
80.8125,2042.9812,300
80.8194,2039.3258,300
80.8431,2020.2262,300
80.8432,2015.8280,300
80.8441,2014.6659,300
80.8441,2017.0399,300
80.8482,2010.5662,300
80.8483,2029.5878,300
80.8622,1999.7081,300
80.8655,2006.6789,300
80.8689,2003.1731,300
80.8730,1998.9337,300
80.8760,2012.4181,300
80.8760,1999.9804,300
80.8789,2006.7897,300
80.8840,2007.2182,300
80.8841,2004.1457,300
80.8850,1998.1997,300
80.8851,2001.1124,300
80.8877,2002.7419,300
80.8907,2002.7137,300
80.8918,2006.5601,300
80.9036,1996.9655,300
80.9078,1988.1363,300
80.9117,1993.3461,300
80.9140,1984.4753,300
80.9182,1996.4332,300
80.9195,1989.9266,300
80.9208,1984.4206,300
80.9208,1995.5742,300
80.9249,1982.2450,300
80.9269,1982.6341,300
80.9270,1999.1621,300
80.9279,1988.3541,300
80.9308,1986.4287,300
80.9314,1988.2243,300
80.9325,1993.1427,300
80.9359,1973.3809,300
80.9386,1990.0087,300
80.9387,2000.5440,300
80.9387,1996.3806,300
80.9392,1991.8087,300
80.9417,1997.6659,300
80.9445,1986.6427,300
80.9455,1994.4766,300
80.9523,2019.8402,300
80.9524,1985.9180,300
80.9524,1999.7615,300
80.9524,1993.5897,300
80.9582,1994.0107,300
80.9631,1990.9804,300
80.9632,1988.9960,300
80.9639,1995.4528,300
80.9713,1991.6204,300
80.9729,1985.9106,300
80.9787,1974.7015,300
80.9803,1982.6574,300
80.9856,1974.4911,300
80.9963,1969.5097,300
80.9998,1971.0498,300
81.0066,1959.1931,300
81.0138,1964.9164,300
81.0147,1964.0742,300
81.0155,1961.9510,300
81.0164,1965.7093,300
81.0197,1961.9527,300
81.0314,1952.8393,300
81.0336,1950.5831,300
81.0337,1962.4887,300
81.0390,1948.9521,300
81.0392,1955.2207,300
81.0458,1956.0606,300
81.0459,1955.9533,300
81.0468,1961.0386,300
81.0469,1949.3370,300
81.0473,1951.0026,300
81.0491,2051.5396,300
81.0536,1966.3480,300
81.0537,1965.2699,300
81.0569,1962.0077,300
81.0574,1957.4883,300
81.0616,1958.2979,300
81.0617,1950.8731,300
81.0644,1966.6973,300
81.0646,1966.9270,300
81.0652,1958.3207,300
81.0674,1952.5576,300
81.0692,1954.3398,300
81.0698,1956.2726,300
81.0711,1961.6910,300
81.0731,1957.9934,300
81.0733,1958.9033,300
81.0846,1958.1972,300
81.0895,1943.8796,300
81.0910,1945.9230,300
81.0938,1959.6563,300
81.0979,1945.5260,300
81.0984,1945.1059,300
81.0984,1948.1097,300
81.0992,1948.9955,300
81.0998,1958.2291,300
81.1008,1951.2454,300
81.1065,1946.9269,300
81.1067,1961.8182,300
81.1075,1950.5668,300
81.1104,1943.0181,300
81.1111,1962.7209,300
81.1133,1953.5858,300
81.1182,1948.7249,300
81.1258,1942.0794,300
81.1288,1966.6922,300
81.1296,1938.8649,300
81.1318,1949.8500,300
81.1320,1952.5195,300
81.1335,1951.0348,300
81.1344,1949.6362,300
81.1370,1952.4242,300
81.1397,1944.6924,300
81.1443,1942.3107,300
81.1444,1951.0202,300
81.1503,1942.4500,300
81.1508,1941.9639,300
81.1555,1950.7040,300
81.1594,1950.8730,300
81.1612,1945.7262,300
81.1613,1939.3669,300
81.1651,1936.2848,300
81.1680,1935.1694,300
81.1746,1932.9424,300
81.1816,1930.7500,300
81.1839,1923.3993,300
81.1900,1917.2512,300
81.1911,1922.5767,300
81.1916,1921.1161,300
81.1939,1928.4653,300
81.1941,1924.6266,300
81.1998,1921.8696,300
81.2009,1923.1564,300
81.2040,1935.8495,300
81.2116,1916.3144,300
81.2126,1917.4102,300
81.2161,1913.4626,300
81.2240,1910.7129,300
81.2293,1910.5016,300
81.2332,1908.7511,300
81.2355,1898.3711,300
81.2401,1904.3614,300
81.2426,1906.6572,300
81.2568,1895.3661,300
81.2637,1885.4988,300
81.2644,1888.8092,300
81.2650,1885.1561,300
81.2661,1884.0835,300
81.2669,1885.7694,300
81.2676,1887.3328,300
81.2683,1893.5663,300
81.2692,1900.6613,300
81.2822,1877.8752,300
81.2823,1884.9602,300
81.2830,1885.1619,300
81.2862,1886.6408,300
81.2890,1877.6702,300
81.2968,1886.8716,300
81.3052,1879.2003,300
81.3056,1883.8502,300
81.3058,1860.5684,300
81.3118,1869.9933,300
81.3119,1880.2757,300
81.3219,1879.0621,300
81.3219,1865.6697,300
81.3219,1872.9228,300
81.3286,1896.5175,300
81.3300,1864.3534,300
81.3306,1864.2690,300
81.3313,1880.1271,300
81.3335,1877.9933,300
81.3350,1866.8737,300
81.3375,1862.6163,300
81.3376,1861.9271,300
81.3383,1863.1777,300
81.3429,1876.1488,300
81.3432,1867.8762,300
81.3493,1867.5611,300
81.3519,1864.0738,300
81.3520,1875.4511,300
81.3541,1874.5381,300
81.3542,1877.9442,300
81.3550,1873.6806,300
81.3556,1878.8376,300
81.3567,1877.6913,300
81.3627,1866.0236,300
81.3681,1864.1021,300
81.3681,1866.4051,300
81.3681,1867.8693,300
81.3749,1860.4999,300
81.3761,1873.1043,300
81.3805,1861.4810,300
81.3912,1861.7814,300
81.3934,1852.7378,300
81.3935,1856.2807,300
81.3937,1856.0947,300
81.3987,1861.7252,300
81.3997,1860.0896,300
81.4023,1854.5246,300
81.4072,1853.2082,300
81.4114,1848.9571,300
81.4120,1850.3765,300
81.4155,1849.8684,300
81.4179,1847.9249,300
81.4240,1844.4861,300
81.4336,1834.2809,300
81.4376,1830.8614,300
81.4376,1843.9871,300
81.4387,1837.8262,300
81.4405,1830.8561,300
81.4446,1841.0783,300
81.4452,1837.7114,300
81.4485,1837.8306,300
81.4486,1834.2929,300
81.4496,1839.2054,300
81.4553,1834.5722,300
81.4580,1836.5380,300
81.4581,1834.1478,300
81.4597,1848.9052,300
81.4609,1839.6688,300
81.4631,1833.9076,300
81.4661,1835.5351,300
81.4672,1834.4261,300
81.4754,1843.5007,300
81.4830,1824.5922,300
81.4922,1816.2622,300
81.4923,1819.2826,300
81.4990,1824.8470,300
81.4998,1819.9739,300
81.5009,1822.9362,300
81.5055,1825.3998,300
81.5056,1830.7201,300
81.5213,1805.4240,300
81.5302,1793.6698,300
81.5331,1801.1510,300
81.5370,1793.2708,300
81.5388,1799.4112,300
81.5457,1792.4767,300
81.5458,1794.2260,300
81.5465,1798.3642,300
81.5511,1793.7579,300
81.5547,1785.3916,300
81.5550,1792.8833,300
81.5598,1789.0314,300
81.5636,1784.2428,300
81.5663,1781.5601,300
81.5671,1784.8218,300
81.5694,1784.7292,300
81.5722,1783.3120,300
81.5723,1785.9534,300
81.5751,1786.8075,300
81.5779,1784.2855,300
81.5785,1792.3815,300
81.6094,1762.7125,300
81.6095,1762.6338,300
81.6117,1788.6217,300
81.6129,1759.7055,300
81.6138,1758.7748,300
81.6166,1756.0050,300
81.6205,1760.7138,300
81.6230,1771.5483,300
81.6231,1754.1274,300
81.6232,1793.7874,300
81.6268,1762.6989,300
81.6281,1753.0636,300
81.6347,1756.4293,300
81.6347,1755.3699,300
81.6361,1761.7558,300
81.6383,1759.2442,300
81.6411,1761.1190,300
81.6432,1743.2160,300
81.6482,1762.1327,300
81.6563,1741.4933,300
81.6590,1748.0694,300
81.6599,1759.4856,300
81.6608,1756.1474,300
81.6614,1761.2502,300
81.6617,1751.5248,300
81.6641,1755.2083,300
81.6697,1748.0570,300
81.6698,1748.5855,300
81.6740,1750.9057,300
81.6800,1754.2300,300
81.6807,1745.1538,300
81.6826,1756.7795,300
81.6885,1753.9767,300
81.6907,1748.2724,300
81.6907,1751.4267,300
81.6916,1747.3847,300
81.6989,1739.8982,300
81.6996,1734.5896,300
81.7050,1737.9667,300
81.7055,1740.8887,300
81.7071,1738.6488,300
81.7084,1740.6215,300
81.7138,1735.8208,300
81.7246,1731.8398,300
81.7247,1737.4465,300
81.7329,1734.1078,300
81.7356,1723.4671,300
81.7375,1730.0349,300
81.7446,1718.1302,300
81.7447,1722.3049,300
81.7486,1719.2839,300
81.7486,1719.1122,300
81.7496,1720.2821,300
81.7537,1717.9531,300
81.7539,1720.8668,300
81.7545,1724.4428,300
81.7560,1723.5118,300
81.7686,1715.9846,300
81.7786,1708.5956,300
81.7811,1715.0394,300
81.7854,1707.0767,300
81.7912,1700.2727,300
81.8048,1684.6176,300
81.8120,1688.8873,300
81.8121,1686.7204,300
81.8139,1692.6618,300
81.8219,1681.0946,300
81.8258,1673.1435,300
81.8277,1682.3815,300
81.8295,1675.5298,300
81.8315,1675.0818,300
81.8316,1682.1777,300
81.8316,1692.0578,300
81.8321,1688.3249,300
81.8335,1680.3359,300
81.8355,1688.2263,300
81.8402,1676.6653,300
81.8440,1672.8182,300
81.8523,1683.1906,300
81.8549,1667.8008,300
81.8628,1667.9327,300
81.8771,1651.7005,300
81.8772,1661.1755,300
81.8776,1654.1590,300
81.8789,1656.5819,300
81.8798,1656.1482,300
81.8799,1658.4645,300
81.8844,1656.3600,300
81.8884,1667.5005,300
81.8914,1656.2894,300
81.8943,1653.0516,300
81.8983,1653.6620,300
81.9024,1652.5113,300
81.9066,1649.3121,300
81.9085,1643.5337,300
81.9132,1645.2111,300
81.9184,1639.4388,300
81.9236,1638.6568,300
81.9238,1631.7720,300
81.9248,1647.1587,300
81.9254,1649.6643,300
81.9380,1638.0233,300
81.9420,1629.9698,300
81.9500,1621.9833,300
81.9500,1617.7645,300
81.9538,1635.4089,300
81.9539,1624.7941,300
81.9554,1624.3640,300
81.9558,1627.1579,300
81.9565,1626.4342,300
81.9675,1615.9124,300
81.9741,1613.3966,300
81.9859,1600.3794,300
81.9860,1607.2788,300
81.9878,1600.7071,300
81.9959,1601.1445,300
81.9960,1605.8688,300
81.9983,1596.3710,300
81.9992,1612.7018,300
82.0025,1617.6772,300
82.0178,1587.7024,300
82.0265,1578.3521,300
82.0266,1586.0324,300
82.0270,1584.9672,300
82.0297,1571.6235,300
82.0308,1589.8201,300
82.0375,1574.7663,300
82.0387,1581.9374,300
82.0395,1592.7447,300
82.0434,1595.8262,300
82.0469,1581.3971,300
82.0523,1570.3572,300
82.0524,1588.6248,300
82.0544,1577.9281,300
82.0583,1579.0139,300
82.0612,1577.4708,300
82.0636,1583.4036,300
82.0636,1586.5094,300
82.0636,1577.3317,300
82.0667,1574.5120,300
82.0736,1572.9837,300
82.0754,1599.4347,300
82.0782,1571.9627,300
82.0875,1570.5617,300
82.0903,1571.3840,300
82.0904,1574.7155,300
82.0922,1567.9101,300
82.0945,1565.6491,300
82.1069,1559.0494,300
82.1074,1558.4273,300
82.1114,1554.5897,300
82.1137,1563.2515,300
82.1145,1559.5203,300
82.1175,1563.5523,300
82.1180,1570.0489,300
82.1198,1557.1699,300
82.1209,1571.7602,300
82.1239,1557.1979,300
82.1254,1551.5203,300
82.1308,1553.1004,300
82.1325,1553.0607,300
82.1379,1550.0543,300
82.1445,1546.3935,300
82.1464,1548.7597,300
82.1470,1548.2291,300
82.1494,1551.2104,300
82.1503,1548.8263,300
82.1504,1563.3780,300
82.1526,1547.9297,300
82.1527,1547.9330,300
82.1537,1551.9888,300
82.1545,1553.8245,300
82.1653,1551.3439,300
82.1673,1548.3324,300
82.1692,1545.3193,300
82.1726,1545.3896,300
82.1728,1543.8810,300
82.1760,1541.9885,300
82.1775,1545.0400,300
82.1780,1549.5895,300
82.1805,1541.5955,300
82.1858,1541.7750,300
82.1933,1544.2265,300
82.1934,1549.9862,300
82.1974,1541.1380,300
82.2006,1533.7083,300
82.2013,1537.9496,300
82.2055,1534.3425,300
82.2055,1537.1993,300
82.2055,1537.3662,300
82.2067,1542.0711,300
82.2125,1535.8346,300
82.2133,1544.6743,300
82.2143,1529.0775,300
82.2171,1546.4205,300
82.2172,1531.5442,300
82.2210,1538.8517,300
82.2225,1546.0812,300
82.2237,1544.3794,300
82.2265,1542.6833,300
82.2337,1531.7287,300
82.2356,1536.7980,300
82.2376,1543.6939,300
82.2454,1524.2812,300
82.2532,1527.4645,300
82.2570,1519.7187,300
82.2591,1517.0629,300
82.2592,1517.5282,300
82.2625,1525.8595,300
82.2660,1518.7229,300
82.2678,1517.6422,300
82.2686,1522.9119,300
82.2758,1517.5292,300
82.2819,1509.5794,300
82.2849,1510.6857,300
82.2869,1509.2767,300
82.2908,1516.8126,300
82.3027,1508.5171,300
82.3040,1503.6583,300
82.3058,1496.4646,300
82.3153,1492.3896,300
82.3153,1491.3875,300
82.3184,1493.9314,300
82.3219,1489.9546,300
82.3288,1484.0866,300
82.3297,1491.5009,300
82.3306,1488.0315,300
82.3306,1488.2512,300
82.3310,1490.2307,300
82.3348,1489.1581,300
82.3349,1496.5546,300
82.3415,1487.2705,300
82.3422,1485.6170,300
82.3463,1486.1937,300
82.3464,1499.4140,300
82.3495,1482.2337,300
82.3497,1494.7157,300
82.3579,1497.0775,300
82.3585,1483.5115,300
82.3589,1496.3010,300
82.3605,1485.3093,300
82.3609,1483.9217,300
82.3651,1487.3183,300
82.3652,1482.6746,300
82.3660,1497.7211,300
82.3692,1496.5477,300
82.3693,1488.4467,300
82.3693,1491.5463,300
82.3742,1497.1558,300
82.3750,1504.5909,300
82.3806,1485.1235,300
82.3819,1479.6113,300
82.3867,1491.6520,300
82.3868,1485.1001,300
82.3886,1494.5080,300
82.3923,1486.5099,300
82.4008,1485.7686,300
82.4016,1478.4101,300
82.4053,1479.8572,300
82.4060,1474.2936,300
82.4098,1481.4243,300
82.4109,1479.7602,300
82.4184,1471.0727,300
82.4203,1469.2118,300
82.4210,1487.9303,300
82.4258,1471.1578,300
82.4259,1479.0863,300
82.4267,1474.6813,300
82.4284,1473.6268,300
82.4333,1471.6576,300
82.4434,1462.5067,300
82.4442,1462.8121,300
82.4465,1463.5262,300
82.4536,1460.0545,300
82.4565,1460.6684,300
82.4566,1469.6182,300
82.4567,1460.5001,300
82.4614,1468.0974,300
82.4626,1459.9663,300
82.4692,1455.2229,300
82.4693,1465.6822,300
82.4750,1453.5558,300
82.4751,1455.9469,300
82.4799,1456.3918,300
82.4811,1453.2213,300
82.4852,1450.5307,300
82.4965,1439.7888,300
82.4967,1446.5175,300
82.4977,1444.8199,300
82.4982,1447.9376,300
82.5043,1445.9580,300
82.5153,1439.1909,300
82.5179,1433.0027,300
82.5293,1425.1513,300
82.5351,1432.3886,300
82.5352,1434.8585,300
82.5393,1417.5473,300
82.5457,1415.2160,300
82.5478,1408.9672,300
82.5581,1402.8270,300
82.5586,1415.4373,300
82.5589,1414.3946,300
82.5605,1412.6432,300
82.5665,1407.8385,300
82.5705,1425.0197,300
82.5719,1409.4031,300
82.5793,1403.1148,300
82.5799,1393.2309,300
82.5801,1401.8785,300
82.5933,1396.6258,300
82.5960,1399.8481,300
82.5998,1388.6869,300
82.5999,1388.5683,300
82.6028,1398.5519,300
82.6060,1386.6871,300
82.6099,1386.0061,300
82.6137,1382.1875,300
82.6159,1385.4401,300
82.6240,1378.8375,300
82.6288,1376.2700,300
82.6305,1377.8834,300
82.6346,1377.7947,300
82.6352,1377.2125,300
82.6374,1375.0184,300
82.6402,1387.9121,300
82.6407,1362.1536,300
82.6407,1376.7442,300
82.6431,1378.5988,300
82.6440,1378.8515,300
82.6447,1383.3714,300
82.6506,1387.8573,300
82.6531,1375.9008,300
82.6600,1401.8341,300
82.6607,1373.3916,300
82.6629,1384.7210,300
82.6707,1366.4127,300
82.6745,1363.9410,300
82.6752,1370.8452,300
82.6763,1361.3179,300
82.6773,1370.2866,300
82.6824,1364.2666,300
82.6890,1369.9080,300
82.6954,1355.0632,300
82.6980,1355.7737,300
82.7042,1350.4054,300
82.7052,1356.6273,300
82.7052,1350.9100,300
82.7057,1359.7868,300
82.7205,1341.2926,300
82.7207,1344.0691,300
82.7217,1354.2428,300
82.7238,1356.0461,300
82.7259,1341.7473,300
82.7296,1356.7505,300
82.7372,1333.4809,300
82.7464,1329.5710,300
82.7471,1331.8236,300
82.7472,1339.1782,300
82.7495,1329.5191,300
82.7555,1337.0686,300
82.7556,1328.2994,300
82.7596,1333.4214,300
82.7596,1329.9848,300
82.7596,1332.9165,300
82.7679,1329.9263,300
82.7698,1328.4802,300
82.7716,1326.7135,300
82.7721,1329.6104,300
82.7749,1339.1784,300
82.7756,1327.7354,300
82.7778,1328.2515,300
82.7779,1375.9989,300
82.7800,1328.1654,300
82.8001,1305.9400,300
82.8018,1312.4252,300
82.8038,1311.8325,300
82.8066,1317.1634,300
82.8108,1312.9225,300
82.8125,1312.3119,300
82.8135,1308.9145,300
82.8199,1303.0816,300
82.8205,1306.7897,300
82.8207,1309.7767,300
82.8265,1310.2470,300
82.8266,1307.9593,300
82.8290,1307.6818,300
82.8298,1311.8299,300
82.8328,1311.7973,300
82.8330,1308.1108,300
82.8330,1310.6745,300
82.8352,1309.5318,300
82.8356,1318.1155,300
82.8383,1320.3638,300
82.8428,1313.4099,300
82.8467,1308.6880,300
82.8470,1308.2251,300
82.8497,1320.1805,300
82.8550,1308.6241,300
82.8575,1303.9752,300
82.8581,1315.8238,300
82.8581,1306.3954,300
82.8621,1314.2641,300
82.8663,1303.6616,300
82.8707,1309.1224,300
82.8747,1313.9619,300
82.8775,1296.5407,300
82.8775,1304.6453,300
82.8822,1297.6993,300
82.8823,1304.1637,300
82.8844,1297.8082,300
82.8856,1313.5003,300
82.8895,1292.4945,300
82.8897,1299.0772,300
82.8897,1315.6264,300
82.8897,1306.0234,300
82.8998,1298.8585,300
82.9036,1308.1510,300
82.9150,1286.9235,300
82.9161,1286.7291,300
82.9175,1288.5599,300
82.9194,1286.9796,300
82.9261,1284.2619,300
82.9300,1280.1625,300
82.9343,1276.1072,300
82.9372,1277.0877,300
82.9394,1272.3174,300
82.9398,1283.7303,300
82.9405,1282.2446,300
82.9428,1279.4333,300
82.9429,1278.4148,300
82.9441,1294.4124,300
82.9442,1281.8714,300
82.9468,1283.1703,300
82.9469,1287.0376,300
82.9513,1279.1947,300
82.9578,1283.1605,300
82.9579,1290.7260,300
82.9676,1276.0343,300
82.9707,1284.9996,300
82.9714,1290.9231,300
82.9742,1271.6906,300
82.9804,1268.2495,300
82.9807,1278.2857,300
82.9807,1281.6347,300
82.9834,1272.2918,300
82.9851,1267.4921,300
82.9936,1264.7392,300
82.9982,1270.0601,300
82.9983,1272.2239,300
83.0134,1265.7699,300
83.0148,1254.0036,300
83.0158,1262.9679,300
83.0176,1259.2692,300
83.0185,1252.9588,300
83.0227,1259.7644,300
83.0254,1257.1171,300
83.0350,1238.2677,300
83.0389,1240.3144,300
83.0463,1226.9615,300
83.0496,1234.0979,300
83.0506,1235.3091,300
83.0533,1238.6387,300
83.0565,1230.6215,300
83.0566,1236.2982,300
83.0604,1233.7395,300
83.0613,1235.5695,300
83.0724,1230.7324,300
83.0757,1266.8598,300
83.0766,1235.1242,300
83.0832,1220.5319,300
83.0832,1235.5639,300
83.0864,1217.9319,300
83.0866,1221.6403,300
83.0866,1236.6452,300
83.0885,1226.2601,300
83.0886,1230.6950,300
83.0949,1232.2574,300
83.1049,1217.8678,300
83.1058,1221.3117,300
83.1060,1225.9549,300
83.1125,1214.2509,300
83.1212,1206.7243,300
83.1270,1203.8646,300
83.1287,1208.7316,300
83.1338,1203.1661,300
83.1435,1192.8368,300
83.1447,1194.1226,300
83.1453,1193.5267,300
83.1458,1203.4691,300
83.1514,1197.2240,300
83.1545,1191.2933,300
83.1611,1184.1132,300
83.1620,1185.9476,300
83.1675,1193.4208,300
83.1681,1184.1702,300
83.1689,1192.0149,300
83.1742,1193.2548,300
83.1742,1183.6640,300
83.1787,1182.2052,300
83.1809,1187.4884,300
83.1828,1190.0484,300
83.1857,1186.4521,300
83.1869,1181.4788,300
83.1877,1184.4944,300
83.1892,1189.8378,300
83.1923,1179.9815,300
83.1931,1187.6317,300
83.1987,1180.1894,300
83.1989,1179.9675,300
83.2000,1184.2300,300
83.2033,1191.6729,300
83.2063,1181.6014,300
83.2090,1185.2518,300
83.2100,1177.0586,300
83.2234,1182.6134,300
83.2283,1168.8074,300
83.2290,1182.3882,300
83.2336,1166.7681,300
83.2352,1165.1379,300
83.2371,1169.0900,300
83.2379,1169.1150,300
83.2400,1162.9883,300
83.2415,1182.2435,300
83.2520,1154.8987,300
83.2564,1156.8142,300
83.2603,1161.8887,300
83.2673,1148.4692,300
83.2803,1141.8349,300
83.2804,1141.5859,300
83.2812,1150.4062,300
83.2877,1153.2624,300
83.2886,1149.9627,300
83.2887,1137.6899,300
83.2917,1150.9361,300
83.2927,1142.9339,300
83.2955,1140.2779,300
83.2971,1138.7186,300
83.2972,1142.9062,300
83.3079,1134.9322,300
83.3191,1129.6617,300
83.3216,1134.6236,300
83.3231,1133.0929,300
83.3257,1131.3633,300
83.3285,1123.3717,300
83.3324,1122.6148,300
83.3363,1130.1272,300
83.3371,1129.4228,300
83.3375,1122.5927,300
83.3409,1132.4312,300
83.3431,1116.0270,300
83.3432,1123.7688,300
83.3472,1127.0708,300
83.3472,1124.1302,300
83.3530,1116.0984,300
83.3568,1117.5078,300
83.3637,1113.6510,300
83.3650,1115.9101,300
83.3699,1110.9177,300
83.3709,1109.6224,300
83.3758,1118.2502,300
83.3771,1115.6324,300
83.3782,1110.6212,300
83.3794,1167.7456,300
83.3808,1111.8743,300
83.3818,1111.4923,300
83.3966,1097.8892,300
83.3995,1097.4624,300
83.4009,1098.1657,300
83.4016,1114.5601,300
83.4063,1098.4030,300
83.4092,1107.3865,300
83.4120,1097.1212,300
83.4229,1101.0064,300
83.4260,1089.7715,300
83.4283,1093.2846,300
83.4284,1087.6073,300
83.4284,1089.4688,300
83.4284,1100.6055,300
83.4285,1096.8069,300
83.4303,1093.6882,300
83.4303,1100.7436,300
83.4373,1084.6292,300
83.4417,1089.1538,300
83.4483,1082.6671,300
83.4608,1074.0925,300
83.4619,1083.0878,300
83.4621,1078.5692,300
83.4649,1087.2048,300
83.4661,1076.4329,300
83.4661,1083.5353,300
83.4670,1079.6169,300
83.4689,1093.9133,300
83.4707,1080.6622,300
83.4748,1087.8720,300
83.4781,1081.6060,300
83.4781,1091.2554,300
83.4835,1088.6614,300
83.4846,1075.1629,300
83.4854,1077.2704,300
83.4903,1072.1372,300
83.4904,1091.1867,300
83.4924,1068.2706,300
83.4925,1077.4216,300
83.4971,1072.0322,300
83.4981,1077.1915,300
83.4982,1079.0678,300
83.5057,1106.9481,300
83.5166,1065.8026,300
83.5186,1074.0787,300
83.5187,1064.2925,300
83.5274,1062.8909,300
83.5288,1059.0730,300
83.5307,1057.0398,300
83.5351,1062.0918,300
83.5462,1044.3488,300
83.5522,1029.4961,300
83.5539,1081.3170,300
83.5597,1052.1479,300
83.5604,1041.0999,300
83.5605,1043.4052,300
83.5679,1044.1514,300
83.5774,1031.3907,300
83.5823,1035.1156,300
83.5839,1042.0290,300
83.5847,1034.6166,300
83.5864,1033.1026,300
83.5878,1027.7381,300
83.5933,1031.1932,300
83.5935,1028.8713,300
83.5981,1026.6243,300
83.6020,1036.7138,300
83.6025,1023.4739,300
83.6064,1050.0168,300
83.6104,1025.4603,300
83.6111,1032.0427,300
83.6112,1023.9397,300
83.6119,1026.7654,300
83.6123,1030.0760,300
83.6152,1034.1949,300
83.6254,1040.9773,300
83.6303,1016.0394,300
83.6362,1024.1882,300
83.6377,1018.3855,300
83.6380,1014.3432,300
83.6393,1023.2061,300
83.6401,1016.6760,300
83.6456,1011.0845,300
83.6499,1008.5635,300
83.6572,1013.0391,300
83.6573,1038.8696,300
83.6573,1009.2629,300
83.6573,1012.8800,300
83.6573,1013.0563,300
83.6573,1014.6258,300
83.6692,1006.4052,300
83.6693,1008.4635,300
83.6733,1004.6439,300
83.6772,1002.9138,300
83.6830,1000.3978,300
83.6831,1012.2711,300
83.6893,1001.6750,300
83.6983,988.7716,300
83.6984,997.9598,300
83.6997,990.9848,300
83.7008,994.6919,300
83.7022,999.7833,300
83.7077,994.1057,300
83.7105,1009.2155,300
83.7124,986.9796,300
83.7125,994.4428,300
83.7134,993.5417,300
83.7144,1001.2228,300
83.7152,1004.5058,300
83.7160,999.2640,300
83.7167,999.4266,300
83.7238,992.2871,300
83.7240,1002.5183,300
83.7250,994.7093,300
83.7289,993.7427,300
83.7329,992.8208,300
83.7373,995.6451,300
83.7417,991.2202,300
83.7424,987.9569,300
83.7520,980.9153,300
83.7570,973.2918,300
83.7583,977.4791,300
83.7627,975.2879,300
83.7681,972.2414,300
83.7682,988.4100,300
83.7689,975.6512,300
83.7762,970.7584,300
83.7810,967.1078,300
83.7895,958.6363,300
83.7896,961.6141,300
83.7913,976.5956,300
83.7928,980.5757,300
83.7931,958.1037,300
83.7944,967.6818,300
83.8020,971.3538,300
83.8021,962.9093,300
83.8051,962.7882,300
83.8055,962.9023,300
83.8065,972.8072,300
83.8101,960.6521,300
83.8102,963.1056,300
83.8180,959.7644,300
83.8229,952.3175,300
83.8266,953.9366,300
83.8283,966.1615,300
83.8308,959.5884,300
83.8373,948.3164,300
83.8402,949.5276,300
83.8404,947.3153,300
83.8414,964.9682,300
83.8439,948.8388,300
83.8447,957.2828,300
83.8448,957.2530,300
83.8500,956.3680,300
83.8501,956.3160,300
83.8511,955.6734,300
83.8518,954.5751,300
83.8607,954.2730,300
83.8608,941.8561,300
83.8627,952.2959,300
83.8705,950.5596,300
83.8707,954.9512,300
83.8712,949.8843,300
83.8827,946.5744,300
83.8837,955.1979,300
83.8850,953.9270,300
83.8996,929.7065,300
83.9036,921.9761,300
83.9049,924.4420,300
83.9056,920.3466,300
83.9061,928.8083,300
83.9067,929.9440,300
83.9071,931.8028,300
83.9082,943.5953,300
83.9102,930.7062,300
83.9102,938.5723,300
83.9135,945.1565,300
83.9141,937.7031,300
83.9155,944.5092,300
83.9185,938.0284,300
83.9186,932.4277,300
83.9218,929.2223,300
83.9219,934.6538,300
83.9237,948.1495,300
83.9272,935.1418,300
83.9281,951.1247,300
83.9392,926.8822,300
83.9402,930.0953,300
83.9410,929.9170,300
83.9531,917.8430,300
83.9537,926.5933,300
83.9577,917.8128,300
83.9605,918.3673,300
83.9608,918.1034,300
83.9637,917.2991,300
83.9638,915.0793,300
83.9647,919.9653,300
83.9656,922.5310,300
83.9743,915.9158,300
83.9798,917.5863,300
83.9807,917.2124,300
83.9837,920.4540,300
83.9883,925.8089,300
83.9915,916.0619,300
83.9972,905.7864,300
84.0019,901.0401,300
84.0020,904.6502,300
84.0084,898.2426,300
84.0161,898.6798,300
84.0162,941.1347,300
84.0200,879.8878,300
84.0217,893.6913,300
84.0218,900.2052,300
84.0328,881.3416,300
84.0440,877.0446,300
84.0441,889.9737,300
84.0441,878.6856,300
84.0441,886.0219,300
84.0529,891.3575,300
84.0666,869.0191,300
84.0666,872.9155,300
84.0696,870.5259,300
84.0696,866.0938,300
84.0746,865.5304,300
84.0747,865.4060,300
84.0774,867.0232,300
84.0775,866.9037,300
84.0801,877.8465,300
84.0856,868.2425,300
84.0912,862.6835,300
84.0962,863.3865,300
84.0963,861.0602,300
84.1001,862.3198,300
84.1002,859.3770,300
84.1017,875.3602,300
84.1050,872.0244,300
84.1064,870.7022,300
84.1159,861.1653,300
84.1182,854.3703,300
84.1211,867.0322,300
84.1212,854.7545,300
84.1242,851.7988,300
84.1276,852.8888,300
84.1277,864.5929,300
84.1413,846.8390,300
84.1430,842.4551,300
84.1508,832.1992,300
84.1520,838.0164,300
84.1528,839.5201,300
84.1556,821.5996,300
84.1629,832.2713,300
84.1812,820.1563,300
84.1851,816.3094,300
84.1859,820.8134,300
84.1910,815.6151,300
84.1912,813.1874,300
84.1912,815.5976,300
84.1912,820.0586,300
84.1950,817.4511,300
84.1979,816.6138,300
84.2024,811.8420,300
84.2025,817.7426,300
84.2048,817.8649,300
84.2104,812.2545,300
84.2169,811.0908,300
84.2174,812.5555,300
84.2220,804.1756,300
84.2320,800.1285,300
84.2320,807.3286,300
84.2320,807.3118,300
84.2326,804.4763,300
84.2369,805.4244,300
84.2377,799.3966,300
84.2614,778.5274,300
84.2632,779.2175,300
84.2673,780.8325,300
84.2714,780.9556,300
84.2747,783.0805,300
84.2825,766.4556,300
84.2826,778.4302,300
84.2850,775.2199,300
84.2854,765.2189,300
84.2929,765.0848,300
84.2932,767.1074,300
84.2933,774.8380,300
84.2936,770.8130,300
84.2955,768.7586,300
84.3027,767.8717,300
84.3067,763.5536,300
84.3114,761.9559,300
84.3219,751.9941,300
84.3219,757.4363,300
84.3258,754.4422,300
84.3258,748.0823,300
84.3268,753.3808,300
84.3296,754.7388,300
84.3371,747.2416,300
84.3456,741.7832,300
84.3484,754.2971,300
84.3513,776.4959,300
84.3540,725.4237,300
84.3604,735.5185,300
84.3660,731.8761,300
84.3666,742.9089,300
84.3680,734.0371,300
84.3713,731.4346,300
84.3757,730.8323,300
84.3799,726.1469,300
84.3846,725.3255,300
84.3877,724.8682,300
84.3897,727.1385,300
84.3915,729.4842,300
84.4104,706.9856,300
84.4105,717.2519,300
84.4105,712.6280,300
84.4124,711.6484,300
84.4125,722.5134,300
84.4135,717.4803,300
84.4141,724.8087,300
84.4151,731.4978,300
84.4151,727.2810,300
84.4180,724.3768,300
84.4254,714.0503,300
84.4266,715.8677,300
84.4273,719.2126,300
84.4340,713.4769,300
84.4464,696.5267,300
84.4496,695.4600,300
84.4585,696.4339,300
84.4594,699.9736,300
84.4614,700.8655,300
84.4636,699.3060,300
84.4744,680.5229,300
84.4774,688.9234,300
84.4800,682.2612,300
84.4801,682.2080,300
84.4810,685.3274,300
84.4886,682.7447,300
84.4913,675.5604,300
84.4915,678.2156,300
84.4936,679.9710,300
84.4985,676.0665,300
84.4985,680.6952,300
84.4993,694.9304,300
84.5013,680.8600,300
84.5014,683.0270,300
84.5020,684.8249,300
84.5104,671.7371,300
84.5158,674.3061,300
84.5160,681.5002,300
84.5205,682.6954,300
84.5251,676.6151,300
84.5322,664.5551,300
84.5323,672.4464,300
84.5352,673.9469,300
84.5353,668.6493,300
84.5370,667.6898,300
84.5428,659.5517,300
84.5437,665.5149,300
84.5566,655.6674,300
84.5570,668.8158,300
84.5594,653.8756,300
84.5650,652.6743,300
84.5679,660.2277,300
84.5680,653.0016,300
84.5687,668.9407,300
84.5806,647.4863,300
84.5845,650.2109,300
84.5899,644.3424,300
84.5943,637.5253,300
84.5944,639.7441,300
84.5962,641.9398,300
84.5976,641.2238,300
84.6033,641.6427,300
84.6147,631.1934,300
84.6148,631.0697,300
84.6194,623.4095,300
84.6215,621.2930,300
84.6237,624.7120,300
84.6237,631.4337,300
84.6237,632.2232,300
84.6248,633.6002,300
84.6286,623.7217,300
84.6324,622.4440,300
84.6348,637.8004,300
84.6348,628.2458,300
84.6487,631.9218,300
84.6488,628.5466,300
84.6518,616.1550,300
84.6536,622.7817,300
84.6580,620.3378,300
84.6580,617.7393,300
84.6580,632.4108,300
84.6580,619.3516,300
84.6691,598.8012,300
84.6732,613.8841,300
84.6777,619.5395,300
84.6778,610.1290,300
84.6808,605.4118,300
84.6827,607.6958,300
84.6828,637.1810,300
84.6832,610.1083,300
84.6900,610.1281,300
84.6900,616.1729,300
84.7030,626.1067,300
84.7062,599.1051,300
84.7089,603.8601,300
84.7091,606.4786,300
84.7091,610.4391,300
84.7101,602.6436,300
84.7138,605.7522,300
84.7256,597.1535,300
84.7289,599.0920,300
84.7414,590.6490,300
84.7458,577.0133,300
84.7495,574.3236,300
84.7525,579.5841,300
84.7532,577.5103,300
84.7533,577.3839,300
84.7574,587.0320,300
84.7579,571.8970,300
84.7618,576.5241,300
84.7619,579.2363,300
84.7638,577.8244,300
84.7654,590.0442,300
84.7699,574.4856,300
84.7720,583.4529,300
84.7791,572.8553,300
84.7868,571.0513,300
84.7868,568.1444,300
84.7886,566.5148,300
84.7887,575.5798,300
84.7898,566.9365,300
84.7935,573.0755,300
84.7965,577.1620,300
84.7966,574.0136,300
84.7966,569.9831,300
84.7987,570.9657,300
84.8017,564.8834,300
84.8112,566.2196,300
84.8208,556.9862,300
84.8365,545.2466,300
84.8365,542.3970,300
84.8424,537.0359,300
84.8506,535.2598,300
84.8536,524.6252,300
84.8537,535.5596,300
84.8578,531.4567,300
84.8579,538.6161,300
84.8653,526.9211,300
84.8682,551.1185,300
84.8683,527.3488,300
84.8708,527.2782,300
84.8717,534.7511,300
84.8741,523.9492,300
84.8769,524.9736,300
84.8819,524.5895,300
84.8868,522.3709,300
84.8885,526.0557,300
84.8925,522.0604,300
84.8947,519.1479,300
84.8993,531.6808,300
84.9035,511.8179,300
84.9064,517.6774,300
84.9065,513.2479,300
84.9070,517.9663,300
84.9128,513.3040,300
84.9166,510.1437,300
84.9273,500.5152,300
84.9330,504.1672,300
84.9440,490.2531,300
84.9441,490.2238,300
84.9487,489.2620,300
84.9497,491.4820,300
84.9498,488.1423,300
84.9563,493.3106,300
84.9654,477.3148,300
84.9656,483.4265,300
84.9656,484.5225,300
84.9676,494.3148,300
84.9719,482.8901,300
84.9720,479.1030,300
84.9735,481.3335,300
84.9845,475.0621,300
84.9855,485.3253,300
84.9943,471.8861,300
84.9964,470.2110,300
84.9976,473.6610,300
85.0083,461.3863,300
85.0111,465.3752,300
85.0136,458.1086,300
85.0215,455.4283,300
85.0250,455.0800,300
85.0309,452.8845,300
85.0310,452.8463,300
85.0310,452.8411,300
85.0384,442.6473,300
85.0412,445.4911,300
85.0449,448.6997,300
85.0450,455.8998,300
85.0571,440.6500,300
85.0573,440.9558,300
85.0676,430.6459,300
85.0693,434.4530,300
85.0758,438.3478,300
85.0815,435.8680,300
85.0832,423.3237,300
85.0871,424.1814,300
85.0879,433.3587,300
85.0903,436.0578,300
85.1011,420.5836,300
85.1012,410.1548,300
85.1038,414.0678,300
85.1084,416.5685,300
85.1143,406.8701,300
85.1145,419.3787,300
85.1229,415.7266,300
85.1230,405.6715,300
85.1307,413.0133,300
85.1309,394.5005,300
85.1342,404.7461,300
85.1412,396.8622,300
85.1420,404.6710,300
85.1438,396.4303,300
85.1590,384.3682,300
85.1659,380.8367,300
85.1663,377.4445,300
85.1698,390.4519,300
85.1699,394.0887,300
85.1737,378.0556,300
85.1741,382.8868,300
85.1775,386.4270,300
85.1776,383.0884,300
85.1785,381.6767,300
85.1786,419.6938,300
85.1805,382.8593,300
85.1806,385.5242,300
85.1817,400.3890,300
85.1855,387.1093,300
85.1862,386.3974,300
85.1863,386.2649,300
85.1885,393.5508,300
85.1887,401.8348,300
85.1973,384.7670,300
85.1974,384.7252,300
85.1979,400.3741,300
85.2037,386.7954,300
85.2041,387.1271,300
85.2042,386.3733,300
85.2076,390.7218,300
85.2101,382.5611,300
85.2141,377.7532,300
85.2161,378.9781,300
85.2162,386.9684,300
85.2168,389.9270,300
85.2190,384.1546,300
85.2200,393.9078,300
85.2209,382.2642,300
85.2241,385.5749,300
85.2242,386.5309,300
85.2300,383.8654,300
85.2336,381.2354,300
85.2359,395.4754,300
85.2505,371.8535,300
85.2515,370.8447,300
85.2516,381.8503,300
85.2547,372.8741,300
85.2603,371.0614,300
85.2613,368.0528,300
85.2688,360.6307,300
85.2735,369.1140,300
85.2747,361.4204,300
85.2748,363.2685,300
85.2765,376.2798,300
85.2807,360.0275,300
85.2922,355.6651,300
85.2958,346.7661,300
85.2965,353.5247,300
85.2989,360.8667,300
85.3053,348.3347,300
85.3094,344.2354,300
85.3118,338.5321,300
85.3164,345.3986,300
85.3186,341.2789,300
85.3186,358.0066,300
85.3216,340.3123,300
85.3264,339.6285,300
85.3264,350.1062,300
85.3274,349.6209,300
85.3289,354.0402,300
85.3330,339.7937,300
85.3376,340.7257,300
85.3428,340.1392,300
85.3477,346.1819,300
85.3508,332.1619,300
85.3508,342.8374,300
85.3509,335.7253,300
85.3551,342.6016,300
85.3568,337.0278,300
85.3604,340.4876,300
85.3613,336.4744,300
85.3670,333.8997,300
85.3678,330.6187,300
85.3724,327.8866,300
85.3741,328.9883,300
85.3764,324.5129,300
85.3774,327.7487,300
85.3802,324.9717,300
85.3847,334.8143,300
85.3847,338.5453,300
85.3847,331.1701,300
85.3925,327.0326,300
85.3933,349.5060,300
85.3940,326.2160,300
85.3940,336.2258,300
85.3964,342.0972,300
85.3975,331.9870,300
85.4019,328.2848,300
85.4039,328.6472,300
85.4046,327.3027,300
85.4118,326.7240,300
85.4177,317.7295,300
85.4381,300.4518,300
85.4423,298.2611,300
85.4448,293.6847,300
85.4547,299.0613,300
85.4586,283.0340,300
85.4678,280.7038,300
85.4705,280.2825,300
85.4749,281.0367,300
85.4791,271.6919,300
85.4858,275.3767,300
85.4858,272.8298,300
85.4864,286.8183,300
85.4962,270.6435,300
85.4964,268.3300,300
85.4993,276.7560,300
85.5023,258.8348,300
85.5055,277.3320,300
85.5099,275.6239,300
85.5100,262.3405,300
85.5160,263.6480,300
85.5246,255.0157,300
85.5278,252.7169,300
85.5329,257.1857,300
85.5329,286.8676,300
85.5342,258.3703,300
85.5379,254.7397,300
85.5380,258.8910,300
85.5414,258.6620,300
85.5453,248.8972,300
85.5456,258.7126,300
85.5460,265.8576,300
85.5504,249.7123,300
85.5582,253.6377,300
85.5616,242.2838,300
85.5639,240.4490,300
85.5639,286.9120,300
85.5655,241.0000,300
85.5660,257.3704,300
85.5687,254.5823,300
85.5724,252.5222,300
85.5746,245.6103,300
85.5775,242.2194,300
85.5813,252.7408,300
85.5853,244.0497,300
85.5855,242.1432,300
85.5987,232.3623,300
85.5994,230.5066,300
85.5996,229.8188,300
85.6087,257.0005,300
85.6088,225.2968,300
85.6114,241.6933,300
85.6207,221.6276,300
85.6246,212.4309,300
85.6248,219.3013,300
85.6268,223.9217,300
85.6304,224.6016,300
85.6326,224.4306,300
85.6360,219.0160,300
85.6397,213.2850,300
85.6398,217.2389,300
85.6401,232.2541,300
85.6540,206.4569,300
85.6617,201.7498,300
85.6689,195.4767,300
85.6750,190.3046,300
85.6751,187.3010,300
85.6758,193.3289,300
85.6773,201.8626,300
85.6806,193.3395,300
85.6816,197.6598,300
85.6860,196.4449,300
85.6913,195.0168,300
85.6924,183.8541,300
85.6963,202.9983,300
85.7003,184.3048,300
85.7049,194.5735,300
85.7051,180.2144,300
85.7056,198.3202,300
85.7056,197.7225,300
85.7080,187.9124,300
85.7182,176.7779,300
85.7253,176.9421,300
85.7255,175.1725,300
85.7278,181.8310,300
85.7302,179.8883,300
85.7340,180.0890,300
85.7345,176.1979,300
85.7350,169.7806,300
85.7377,190.2468,300
85.7385,180.5623,300
85.7393,185.7559,300
85.7401,165.5656,300
85.7413,179.5677,300
85.7422,182.5297,300
85.7440,176.8361,300
85.7442,183.7492,300
85.7542,189.6668,300
85.7603,158.7660,300
85.7632,171.5846,300
85.7634,172.3143,300
85.7650,187.0824,300
85.7659,173.6157,300
85.7764,170.6419,300
85.7842,173.9541,300
85.7843,153.4307,300
85.7871,159.9306,300
85.7872,173.8034,300
85.7934,161.8556,300
85.7937,161.6175,300
85.8024,152.8677,300
85.8026,159.2222,300
85.8026,161.7516,300
85.8052,168.8642,300
85.8053,159.0411,300
85.8065,164.5607,300
85.8153,153.1738,300
85.8183,165.7356,300
85.8327,140.6802,300
85.8367,131.8020,300
85.8374,140.9789,300
85.8379,155.4308,300
85.8405,137.9262,300
85.8630,122.2650,300
85.8671,127.1419,300
85.8679,124.1142,300
85.8709,117.3881,300
85.8710,131.2441,300
85.8726,129.6033,300
85.8786,123.0452,300
85.8846,108.9008,300
85.8847,115.5427,300
85.8847,110.2583,300
85.8889,122.4619,300
85.8935,123.9599,300
85.8944,110.3139,300
85.8976,113.7471,300
85.8987,124.4456,300
85.8988,125.5730,300
85.9058,101.9663,300
85.9084,111.9872,300
85.9159,112.3441,300
85.9222,98.1180,300
85.9238,96.5820,300
85.9308,96.8996,300
85.9338,90.6043,300
85.9389,93.0067,300
85.9416,87.4813,300
85.9452,87.0423,300
85.9503,86.3988,300
85.9579,79.3649,300
85.9631,78.5879,300
85.9660,73.0714,300
85.9674,77.8743,300
85.9735,70.5013,300
85.9755,70.3650,300
85.9911,54.8393,300
85.9924,70.9876,300
85.9927,59.7137,300
85.9958,58.0407,300
85.9994,63.5351,300
85.9995,62.5243,300
85.9996,59.4744,300
86.0000,61.0984,300
86.0010,62.7459,300
86.0016,61.3836,300
86.0040,69.3305,300
86.0040,76.9945,300
86.0068,69.8161,300
86.0152,59.4986,300
86.0154,61.4201,300
86.0234,50.2384,300
86.0311,53.3971,300
86.0321,49.1580,300
86.0327,57.3372,300
86.0328,61.5432,300
86.0334,84.7572,300
86.0373,50.8095,300
86.0418,48.0887,300
86.0431,51.2420,300
86.0441,51.4592,300
86.0475,53.2131,300
86.0476,53.1366,300
86.0515,49.2623,300
86.0539,64.0968,300
86.0574,48.3591,300
86.0574,62.4275,300
86.0606,50.6107,300
86.0607,51.7692,300
86.0695,45.9097,300
86.0726,47.4999,300
86.0726,45.5113,300
86.0747,51.8595,300
86.0759,55.1243,300
86.0776,53.7127,300
86.0803,48.6966,300
86.0830,39.1411,300
86.0832,47.8203,300
86.0832,61.0531,300
86.0899,29.9613,300
86.0922,44.3248,300
86.0924,44.7538,300
86.0940,48.7751,300
86.1034,38.8565,300
86.1035,43.9862,300
86.1104,47.7839,300
86.1105,50.6935,300
86.1105,46.4387,300
86.1169,34.3558,300
86.1255,27.8048,300
86.1255,39.6296,300
86.1268,31.3948,300
86.1403,18.5701,300
86.1404,21.7899,300
86.1411,36.3861,300
86.1411,33.0269,300
86.1411,24.5780,300
86.1421,26.2389,300
86.1429,25.4253,300
86.1467,27.4862,300
86.1467,29.3049,300
86.1477,73.1035,300
86.1528,33.1916,300
86.1528,26.1045,300
86.1528,34.9390,300
86.1528,32.7348,300
86.1571,30.6609,300
86.1571,32.9454,300
86.1581,34.5826,300
86.1605,30.0633,300
86.1616,33.4582,300
86.1703,28.0633,300
86.1736,27.4843,300
86.1761,25.2897,300
86.1790,19.2067,300
86.1813,31.8450,300
86.1814,32.5999,300
86.1842,30.4460,300
86.1913,22.9518,300
86.1922,35.2075,300
86.1948,20.7370,300
86.1949,22.9963,300
86.1975,57.6137,300
86.2002,27.3764,300
86.2031,24.0114,300
86.2044,25.3936,300
86.2045,35.9107,300
86.2124,30.3060,300
86.2124,21.0461,300
86.2124,22.1928,300
86.2125,27.4127,300
86.2136,25.6043,300
86.2176,37.6641,300
86.2263,21.0573,300
86.2327,22.6114,300
86.2329,22.1248,300
86.2329,22.2863,300
86.2392,18.4518,300
86.2404,20.1331,300
86.2454,20.2915,300
86.2680,27.0263,300
86.2717,15.4476,300
86.2739,23.2301,300
86.2740,23.8644,300
86.2792,18.1023,300
86.2802,27.4117,300
86.2886,19.1660,300
86.2887,17.9955,300
86.2887,22.2469,300
86.2915,25.6475,300
86.2993,25.9730,300
86.3023,15.1527,300
86.3024,21.9137,300
86.3037,20.2573,300
86.3092,16.1791,300
86.3167,31.4122,300
86.3192,26.2385,300
86.3194,30.9470,300
86.3233,27.7652,300
86.3258,21.9735,300
86.3321,19.0253,300
86.3379,31.4032,300
86.3379,35.8194,300
86.3471,19.5681,300
86.3732,16.9785,300
86.3761,15.1860,300
86.3893,17.5708,300
86.3894,31.5996,300
86.4008,14.9129,300
86.4057,27.3825,300
86.4072,26.0973,300
86.4145,18.7482,300
86.4243,53.8656,300
86.4250,19.1696,300
86.4259,21.4960,300
86.4259,35.3733,300
86.4343,18.7181,300
86.4345,34.2458,300
86.4419,29.5668,300
86.4440,23.1314,300
86.4468,16.7449,300
86.4498,28.2225,300
86.4499,21.1603,300
86.4581,20.2720,300
86.4596,16.4004,300
86.4626,17.2294,300
86.4665,23.3726,300
86.4666,29.2496,300
86.4705,18.8440,300
86.4777,22.9697,300
86.4886,27.5121,300
86.4923,22.6341,300
86.4972,23.9375,300
86.4974,31.3491,300
86.5048,11.1699,300
86.5049,28.0176,300
86.5061,21.9480,300
86.5071,25.9887,300
86.5104,22.6019,300
86.5116,29.4720,300
86.5143,30.0973,300
86.5194,19.5799,300
86.5211,14.7759,300
86.5214,33.3956,300
86.5292,20.3867,300
86.5314,18.3016,300
86.5403,23.4789,300
86.5417,19.3312,300
86.5461,18.4624,300
86.5510,15.3796,300
86.5529,17.5377,300
86.5541,24.1584,300
86.5590,18.2889,300
86.5592,6.4580,300
86.5605,31.2197,300
86.5629,25.7127,300
86.5656,33.4580,300
86.5681,23.1427,300
86.5708,29.3633,300
86.5708,20.9376,300
86.5858,19.0499,300
86.5880,19.0042,300
86.5960,16.8565,300
86.5961,35.4249,300
86.5961,25.7890,300
86.5970,27.8837,300
86.5978,19.2154,300
86.5979,27.0077,300
86.5982,40.5623,300
86.6033,28.5433,300
86.6039,27.8850,300
86.6042,27.6646,300
86.6101,24.3967,300
86.6160,20.2614,300
86.6169,30.4870,300
86.6221,17.2003,300
86.6235,22.2020,300
86.6278,23.5855,300
86.6338,19.2454,300
86.6375,19.0340,300
86.6380,20.5187,300
86.6398,26.6459,300
86.6428,30.6932,300
86.6472,15.3983,300
86.6473,23.0603,300
86.6478,21.9176,300
86.6482,28.6104,300
86.6559,19.5544,300
86.6657,31.8827,300
86.6689,11.9971,300
86.6701,22.7218,300
86.6744,29.8933,300
86.6800,17.5236,300
86.6841,27.0754,300
86.6857,18.5370,300
86.6908,20.3689,300
86.6931,21.0400,300
86.7063,17.5687,300
86.7171,19.6601,300
86.7237,20.1947,300
86.7291,16.8402,300
86.7342,28.1175,300
86.7343,19.2177,300
86.7353,33.0939,300
86.7421,31.1287,300
86.7470,25.6799,300
86.7475,15.8667,300
86.7511,17.6690,300
86.7533,16.7435,300
86.7821,22.0728,300
86.7821,22.7749,300
86.7829,34.2338,300
86.7881,19.8151,300
86.7881,22.1133,300
86.7881,16.0539,300
86.7889,24.5657,300
86.7897,30.5659,300
86.7897,23.7858,300
86.8101,24.7425,300
86.8125,19.5167,300
86.8125,21.5329,300
86.8153,59.6782,300
86.8169,19.4975,300
86.8212,17.6234,300
86.8332,18.8917,300
86.8346,17.4564,300
86.8411,16.9559,300
86.8412,118.9992,300
86.8412,24.6575,300
86.8412,24.6266,300
86.8423,31.7146,300
86.8439,25.7785,300
86.8561,12.9677,300
86.8590,14.9675,300
86.8629,18.4982,300
86.8630,31.0386,300
86.8642,24.0283,300
86.8803,22.6073,300
86.8851,19.9808,300
86.8864,23.8324,300
86.8872,14.7407,300
86.8887,21.2609,300
86.8917,18.8996,300
86.8967,20.1076,300
86.8998,22.4844,300
86.9009,21.4511,300
86.9054,19.8408,300
86.9083,19.4193,300
86.9094,12.9519,300
86.9109,32.0903,300
86.9129,19.3549,300
86.9131,22.4745,300
86.9221,17.9130,300
86.9272,17.8444,300
86.9273,12.8214,300
86.9283,17.7935,300
86.9337,26.5842,300
86.9338,14.0729,300
86.9376,19.7844,300
86.9416,15.8141,300
86.9447,31.7248,300
86.9516,5.8641,300
86.9535,19.3686,300
86.9549,24.5383,300
86.9605,14.6610,300
86.9625,22.4256,300
86.9654,17.9522,300
86.9667,20.5272,300
86.9675,25.1739,300
86.9739,19.9654,300
86.9752,21.9803,300
86.9769,24.5963,300
86.9784,25.6483,300
86.9800,32.2098,300
86.9815,25.0910,300
86.9901,15.3849,300
86.9924,18.9697,300
86.9946,25.7366,300
86.9998,19.6721,300
86.9999,25.0478,300
87.0036,20.5936,300
87.0135,12.7597,300
87.0240,25.4044,300
87.0291,19.1697,300
87.0293,31.5081,300
87.0312,17.5899,300
87.0313,22.6950,300
87.0450,29.1799,300
87.0451,20.8818,300
87.0457,29.2431,300
87.0459,29.9561,300
87.0466,33.0854,300
87.0467,29.0973,300
87.0508,23.1265,300
87.0522,25.7690,300
87.0534,30.4261,300
87.0535,29.6491,300
87.0539,38.1185,300
87.0594,23.7030,300
87.0664,36.4997,300
87.0716,29.1002,300
87.0717,28.9617,300
87.0724,36.1688,300
87.0793,24.8791,300
87.1064,15.7073,300
87.1065,35.1225,300
87.1082,23.6500,300
87.1107,21.1863,300
87.1108,52.3175,300
87.1195,22.5154,300
87.1202,30.1707,300
87.1214,20.1909,300
87.1268,21.2002,300
87.1270,25.4994,300
87.1270,8.5549,300
87.1357,32.3651,300
87.1387,32.1061,300
87.1388,21.1099,300
87.1393,20.9935,300
87.1394,15.1704,300
87.1453,20.4603,300
87.1521,18.2752,300
87.1591,12.3214,300
87.1625,19.5201,300
87.1656,17.5846,300
87.1695,13.4878,300
87.1736,19.2321,300
87.1753,13.4800,300
87.1827,21.0722,300
87.1869,74.2870,300
87.1918,43.4163,300
87.1932,20.1142,300
87.1957,22.2833,300
87.1957,30.3016,300
87.2030,17.0991,300
87.2030,26.8629,300
87.2044,19.9005,300
87.2116,17.6068,300
87.2167,25.4157,300
87.2168,20.2445,300
87.2247,22.3463,300
87.2335,18.0529,300
87.2386,18.0880,300
87.2387,17.8151,300
87.2418,22.2476,300
87.2420,19.6106,300
87.2431,22.7951,300
87.2467,19.8376,300
87.2474,35.8624,300
87.2475,19.1849,300
87.2475,22.9180,300
87.2475,39.7755,300
87.2502,34.9504,300
87.2510,32.2115,300
87.2603,20.9715,300
87.2604,30.1129,300
87.2631,21.2157,300
87.2685,21.9748,300
87.2694,17.8147,300
87.2764,17.5971,300
87.2776,25.9160,300
87.2784,32.2525,300
87.2803,20.4041,300
87.2904,18.9304,300
87.2929,26.2848,300
87.2930,18.3820,300
87.3026,17.6602,300
87.3053,17.0017,300
87.3055,21.0377,300
87.3057,31.5665,300
87.3121,21.9304,300
87.3130,20.1383,300
87.3135,22.4388,300
87.3222,17.8114,300
87.3256,25.1453,300
87.3258,29.1542,300
87.3351,28.8684,300
87.3352,31.3066,300
87.3409,23.0137,300
87.3446,22.7030,300
87.3455,24.2604,300
87.3529,32.6018,300
87.3531,21.1373,300
87.3540,19.6126,300
87.3541,24.3512,300
87.3554,25.1529,300
87.3606,20.0001,300
87.3631,23.6829,300
87.3697,17.0819,300
87.3704,28.5032,300
87.3727,31.9062,300
87.3729,31.1067,300
87.3814,18.4778,300
87.3824,18.3509,300
87.3852,19.4154,300
87.3883,32.1428,300
87.3993,24.8537,300
87.4078,18.9477,300
87.4155,48.0814,300
87.4156,21.1264,300
87.4156,33.8071,300
87.4156,22.6693,300
87.4165,26.6649,300
87.4165,25.3578,300
87.4171,24.7428,300
87.4172,34.2698,300
87.4217,26.9635,300
87.4218,27.5446,300
87.4219,39.0060,300
87.4219,26.8119,300
87.4230,32.2228,300
87.4275,33.3310,300
87.4364,21.5972,300
87.4406,22.9364,300
87.4432,8.2281,300
87.4514,35.6298,300
87.4622,13.3926,300
87.4630,45.7189,300
87.4634,20.4230,300
87.4700,24.8077,300
87.4709,16.1396,300
87.4739,17.8271,300
87.4748,22.2577,300
87.4787,29.5088,300
87.4802,28.0822,300
87.4856,23.1636,300
87.4868,23.1192,300
87.4960,14.4455,300
87.4961,19.0689,300
87.4961,27.9007,300
87.5019,18.3508,300
87.5057,28.1320,300
87.5086,22.9215,300
87.5096,17.6078,300
87.5116,27.3444,300
87.5133,33.5734,300
87.5232,19.1668,300
87.5299,18.6751,300
87.5306,20.4188,300
87.5363,28.5027,300
87.5372,22.2324,300
87.5384,23.9247,300
87.5384,23.8881,300
87.5413,24.0385,300
87.5468,26.5278,300
87.5550,15.5178,300
87.5581,20.3993,300
87.5582,20.9802,300
87.5612,27.3745,300
87.5613,20.7655,300
87.5662,21.2370,300
87.5691,23.4421,300
87.5802,33.0341,300
87.5851,18.9535,300
87.5852,21.8587,300
87.5862,23.4951,300
87.5902,28.6236,300
87.5949,14.8883,300
87.5958,17.4454,300
87.6022,19.8300,300
87.6083,21.6210,300
87.6133,17.1054,300
87.6171,17.1697,300
87.6172,17.0526,300
87.6239,26.7228,300
87.6290,18.4575,300
87.6304,16.9665,300
87.6347,22.0326,300
87.6359,18.9265,300
87.6470,21.1844,300
87.6491,34.6101,300
87.6531,28.5103,300
87.6541,19.6318,300
87.6610,19.1629,300
87.6639,3.7884,300
87.6648,28.7588,300
87.6648,22.5529,300
87.6658,22.0950,300
87.6710,24.8309,300
87.6836,14.7894,300
87.6873,17.5845,300
87.6878,5.8257,300
87.6924,16.4633,300
87.6954,19.1815,300
87.6966,20.2938,300
87.6973,20.4122,300
87.7068,21.0859,300
87.7131,29.7389,300
87.7133,27.9291,300
87.7178,21.0437,300
87.7200,21.2531,300
87.7401,25.8075,300
87.7401,29.6305,300
87.7411,21.6776,300
87.7460,18.6608,300
87.7462,24.0936,300
87.7493,31.9223,300
87.7504,24.6551,300
87.7577,25.9381,300
87.7588,34.1378,300
87.7589,24.2922,300
87.7616,28.5022,300
87.7633,20.3363,300
87.7645,19.6468,300
87.7662,29.6461,300
87.7804,21.0424,300
87.7806,28.0319,300
87.7810,28.2222,300
87.7890,19.5980,300
87.7891,36.0238,300
87.8029,22.9973,300
87.8030,17.9386,300
87.8078,28.9421,300
87.8079,17.1555,300
87.8079,18.4184,300
87.8121,19.8164,300
87.8139,22.8192,300
87.8198,16.9894,300
87.8199,26.4762,300
87.8276,16.5342,300
87.8309,18.9322,300
87.8336,4.2589,300
87.8338,21.2438,300
87.8338,16.0137,300
87.8358,24.7555,300
87.8382,20.9785,300
87.8585,26.6881,300
87.8648,27.4758,300
87.8649,23.6399,300
87.8649,32.6980,300
87.8726,18.4210,300
87.8741,22.2682,300
87.8751,33.8916,300
87.8805,28.5068,300
87.8949,17.9462,300
87.8950,21.3612,300
87.8999,19.9677,300
87.9015,20.3994,300
87.9094,26.1735,300
87.9102,27.9053,300
87.9152,13.3255,300
87.9277,18.9475,300
87.9278,27.4348,300
87.9293,21.5617,300
87.9317,26.4951,300
87.9323,19.6339,300
87.9340,21.4981,300
87.9373,20.7077,300
87.9420,27.8933,300
87.9421,46.7704,300
87.9437,30.5491,300
87.9500,24.9888,300
87.9519,16.1294,300
87.9537,17.2179,300
87.9553,19.5953,300
87.9669,21.4155,300
87.9671,20.7413,300
87.9693,21.1428,300
87.9694,24.3417,300
87.9709,33.3892,300
87.9731,59.9864,300
87.9732,28.2206,300
87.9829,21.2768,300
87.9834,20.7924,300
87.9949,26.7165,300
87.9950,22.8499,300
87.9951,22.3473,300
87.9956,24.1150,300
87.9968,33.0547,300
87.9990,26.1864,300
88.0011,24.2534,300
88.0039,21.6221,300
88.0068,29.1388,300
88.0136,19.3475,300
88.0138,23.0529,300
88.0171,18.7572,300
88.0188,20.0978,300
88.0232,15.8473,300
88.0239,32.6665,300
88.0257,20.0470,300
88.0298,16.1137,300
88.0359,20.8438,300
88.0393,17.5229,300
88.0400,18.9554,300
88.0503,16.5430,300
88.0525,19.5448,300
88.0531,18.1869,300
88.0556,15.7563,300
88.0601,17.0153,300
88.0633,17.9590,300
88.0681,17.6835,300
88.0721,17.9886,300
88.0769,17.3079,300
88.0846,21.3118,300
88.0853,26.9866,300
88.0902,23.6462,300
88.0932,19.4621,300
88.0975,22.7197,300
88.0976,19.3314,300
88.1007,27.2007,300
88.1049,19.0360,300
88.1124,22.2250,300
88.1237,13.8088,300
88.1446,18.0967,300
88.1472,18.7328,300
88.1477,31.1992,300
88.1511,20.1943,300
88.1565,17.7862,300
88.1618,19.4236,300
88.1633,29.1936,300
88.1633,20.2165,300
88.1679,30.5307,300
88.1702,17.0152,300
88.1703,20.6984,300
88.1732,25.5775,300
88.1732,21.4704,300
88.1746,21.9339,300
88.1752,23.2506,300
88.1759,38.9201,300
88.1780,23.3682,300
88.1799,31.1690,300
88.1810,27.8948,300
88.1810,36.5263,300
88.1820,29.1033,300
88.1820,33.7586,300
88.1826,32.2239,300
88.1858,29.9270,300
88.1859,31.6694,300
88.1900,43.8374,300
88.1900,32.0813,300
88.2026,24.8304,300
88.2028,24.7304,300
88.2075,23.4592,300
88.2124,15.0518,300
88.2126,23.0912,300
88.2141,35.7477,300
88.2191,14.0980,300
88.2204,19.8391,300
88.2205,20.2221,300
88.2327,17.1355,300
88.2334,27.3505,300
88.2369,18.0057,300
88.2380,27.6151,300
88.2457,18.9978,300
88.2480,18.7805,300
88.2481,20.1504,300
88.2510,19.5750,300
88.2568,29.3595,300
88.2636,20.3164,300
88.2652,26.1887,300
88.2669,21.7942,300
88.2678,18.3671,300
88.2695,19.2586,300
88.2789,26.7247,300
88.2790,19.7318,300
88.2829,18.2932,300
88.2849,27.3991,300
88.2857,16.1822,300
88.2881,28.5766,300
88.2883,21.4627,300
88.2883,24.2729,300
88.2962,16.0525,300
88.3002,24.0649,300
88.3003,20.4403,300
88.3003,20.4400,300
88.3031,24.2164,300
88.3031,69.3614,300
88.3056,27.8676,300
88.3120,28.2177,300
88.3139,21.0065,300
88.3163,21.4856,300
88.3232,18.9513,300
88.3325,23.0921,300
88.3394,17.5232,300
88.3413,21.1958,300
88.3424,13.0922,300
88.3424,19.9155,300
88.3444,31.9618,300
88.3496,12.9829,300
88.3546,17.9913,300
88.3584,24.2356,300
88.3603,18.1120,300
88.3604,17.8862,300
88.3681,24.8178,300
88.3683,24.0536,300
88.3701,5.4154,300
88.3703,22.5769,300
88.3853,17.3761,300
88.3873,27.9892,300
88.3918,30.2854,300
88.3918,23.7765,300
88.3951,17.4280,300
88.3952,31.8312,300
88.3993,16.8697,300
88.4013,20.1925,300
88.4029,17.9094,300
88.4104,24.0488,300
88.4106,27.6833,300
88.4116,22.8397,300
88.4121,24.5473,300
88.4150,19.2925,300
88.4151,23.0803,300
88.4195,18.4324,300
88.4285,17.0314,300
88.4305,18.0224,300
88.4356,18.5582,300
88.4357,27.5150,300
88.4395,22.7597,300
88.4414,28.8825,300
88.4504,21.4529,300
88.4504,21.1737,300
88.4504,19.7741,300
88.4534,29.6981,300
88.4555,20.3197,300
88.4556,22.9035,300
88.4570,21.5879,300
88.4576,34.1743,300
88.4628,20.1711,300
88.4674,18.6746,300
88.4693,31.4691,300
88.4732,23.1921,300
88.4775,25.5325,300
88.4780,33.5190,300
88.4803,27.0846,300
88.4804,18.3947,300
88.4855,21.8201,300
88.4955,17.9607,300
88.5061,27.6323,300
88.5147,17.0689,300
88.5205,18.5409,300
88.5207,21.6962,300
88.5219,25.0667,300
88.5234,28.1722,300
88.5235,21.4114,300
88.5281,32.8648,300
88.5302,19.5960,300
88.5303,24.4560,300
88.5303,28.2174,300
88.5303,26.7200,300
88.5364,25.4994,300
88.5415,19.5307,300
88.5484,22.8049,300
88.5519,18.0277,300
88.5573,17.5740,300
88.5600,22.3711,300
88.5630,16.5549,300
88.5637,18.7649,300
88.5642,20.7191,300
88.5642,9.1808,300
88.5689,22.9621,300
88.5737,17.6485,300
88.5745,16.4615,300
88.5812,18.4796,300
88.5861,26.9588,300
88.5872,25.3316,300
88.5901,17.4436,300
88.5988,20.0487,300
88.5989,15.1085,300
88.5989,29.0897,300
88.6054,18.3949,300
88.6059,26.3470,300
88.6070,21.0051,300
88.6102,13.6875,300
88.6119,33.5817,300
88.6127,30.9413,300
88.6129,23.3179,300
88.6132,23.9291,300
88.6361,13.7662,300
88.6429,14.4299,300
88.6515,29.3127,300
88.6516,19.9971,300
88.6516,30.8910,300
88.6586,22.2494,300
88.6647,13.1638,300
88.6681,17.1424,300
88.6730,17.7869,300
88.6731,25.9901,300
88.6799,25.7192,300
88.6825,27.5658,300
88.6826,16.5120,300
88.6978,18.3634,300
88.6979,34.7162,300
88.7051,18.9474,300
88.7061,30.3266,300
88.7134,14.0540,300
88.7163,18.0956,300
88.7197,22.2675,300
88.7230,24.7301,300
88.7231,18.9043,300
88.7231,34.7626,300
88.7290,31.3857,300
88.7356,25.5335,300
88.7357,28.3208,300
88.7409,19.4724,300
88.7450,19.0448,300
88.7503,16.8301,300
88.7504,28.5458,300
88.7532,24.1129,300
88.7534,24.4774,300
88.7552,24.3541,300
88.7598,18.5311,300
88.7605,24.5177,300
88.7659,23.8780,300
88.7660,19.0633,300
88.7670,18.5484,300
88.7857,14.0875,300
88.7949,17.1350,300
88.7988,18.6416,300
88.8029,17.4784,300
88.8047,15.6898,300
88.8057,24.0901,300
88.8205,17.9820,300
88.8236,27.3644,300
88.8258,18.4034,300
88.8286,18.7258,300
88.8287,18.6474,300
88.8308,18.4985,300
88.8375,31.3231,300
88.8404,17.9245,300
88.8424,16.3849,300
88.8435,15.2640,300
88.8511,18.0387,300
88.8512,27.0828,300
88.8631,17.7407,300
88.8631,20.3746,300
88.8631,33.5923,300
88.8701,26.6153,300
88.8719,28.8225,300
88.8768,19.8722,300
88.8777,19.0595,300
88.8801,16.6088,300
88.8811,32.2826,300
88.8888,15.4247,300
88.8919,19.2027,300
88.8942,26.7948,300
88.8943,20.1023,300
88.8943,24.4607,300
88.8952,23.0156,300
88.8990,27.2671,300
88.9008,31.9932,300
88.9071,21.5860,300
88.9114,54.1260,300
88.9160,27.1485,300
88.9184,26.4988,300
88.9197,26.6323,300
88.9248,19.3418,300
88.9261,32.4879,300
88.9270,19.8171,300
88.9375,11.0265,300
88.9376,28.8992,300
88.9441,18.0252,300
88.9517,27.1655,300
88.9518,29.7887,300
88.9518,20.3341,300
88.9527,58.6004,300
88.9528,26.0854,300
88.9534,25.4013,300
88.9566,34.3869,300
88.9574,30.2143,300
88.9587,27.3479,300
88.9604,24.5775,300
88.9615,26.5892,300
88.9656,29.0631,300
88.9703,30.7899,300
88.9712,36.4842,300
88.9769,30.7795,300
88.9772,23.8615,300
88.9787,23.5061,300
88.9830,22.5028,300
88.9831,36.9581,300
88.9862,21.4833,300
88.9866,26.6389,300
88.9911,17.9693,300
88.9999,16.5352,300
88.9999,35.3584,300
89.0049,13.3554,300
89.0081,27.2373,300
89.0153,29.3140,300
89.0169,5.3192,300
89.0212,26.5939,300
89.0260,16.3268,300
89.0261,19.4365,300
89.0293,23.2387,300
89.0295,33.0777,300
89.0336,12.7789,300
89.0346,17.3958,300
89.0365,19.4975,300
89.0414,28.0452,300
89.0424,16.8730,300
89.0432,25.1010,300
89.0449,27.9643,300
89.0465,30.0702,300
89.0466,38.0089,300
89.0492,23.6328,300
89.0501,30.2358,300
89.0502,23.1695,300
89.0571,27.9081,300
89.0618,18.5172,300
89.0626,31.9874,300
89.0658,21.4058,300
89.0668,18.1691,300
89.0685,20.9958,300
89.0747,23.1684,300
89.0753,34.6301,300
89.0833,26.0888,300
89.0845,27.3614,300
89.0845,7.7773,300
89.0921,17.7871,300
89.0922,28.9080,300
89.0935,16.3938,300
89.0958,22.0196,300
89.0960,25.8285,300
89.0973,20.5792,300
89.0988,28.3495,300
89.1027,27.8780,300
89.1057,20.4573,300
89.1076,20.5764,300
89.1102,24.5645,300
89.1108,7.1309,300
89.1137,21.0171,300
89.1158,21.8504,300
89.1200,17.7455,300
89.1209,24.8146,300
89.1241,33.9547,300
89.1252,17.7572,300
89.1280,22.5233,300
89.1289,23.5456,300
89.1323,22.2865,300
89.1368,32.6016,300
89.1369,13.5481,300
89.1379,24.9069,300
89.1426,19.0314,300
89.1450,16.6392,300
89.1477,19.8335,300
89.1522,13.3262,300
89.1537,20.4833,300
89.1569,20.8757,300
89.1584,19.2068,300
89.1608,26.3183,300
89.1608,24.2117,300
89.1665,12.0887,300
89.1705,33.5757,300
89.1767,25.3646,300
89.1776,20.3300,300
89.1784,46.3110,300
89.1910,20.8669,300
89.1967,25.2741,300
89.2005,22.2971,300
89.2054,23.1523,300
89.2074,16.6775,300
89.2093,18.5182,300
89.2097,21.1356,300
89.2118,19.1588,300
89.2173,20.0654,300
89.2219,23.2428,300
89.2302,20.6721,300
89.2349,19.0027,300
89.2349,18.9803,300
89.2349,21.8352,300
89.2357,20.9984,300
89.2437,17.0187,300
89.2437,20.1027,300
89.2468,24.2490,300
89.2469,25.6274,300
89.2469,25.0656,300
89.2618,16.8966,300
89.2637,24.5770,300
89.2638,27.7651,300
89.2735,44.6028,300
89.2826,20.6907,300
89.2837,22.6186,300
89.2903,22.7219,300
89.2932,16.6461,300
89.2947,19.1176,300
89.2971,17.9809,300
89.2990,28.2101,300
89.2992,22.7645,300
89.3020,21.2934,300
89.3079,26.7977,300
89.3136,17.3925,300
89.3144,19.7065,300
89.3205,15.2785,300
89.3228,12.3857,300
89.3266,17.7737,300
89.3276,20.4834,300
89.3336,20.8336,300
89.3337,25.8835,300
89.3337,20.1480,300
89.3395,20.0068,300
89.3403,24.1310,300
89.3424,19.9246,300
89.3442,32.7340,300
89.3450,34.9429,300
89.3504,17.5665,300
89.3555,19.7333,300
89.3590,21.3761,300
89.3615,18.4861,300
89.3694,29.0024,300
89.3733,33.1748,300
89.3764,25.3787,300
89.3822,17.7262,300
89.3823,19.8893,300
89.3945,19.9510,300
89.3981,22.5674,300
89.3988,26.8035,300
89.4009,18.9769,300
89.4020,17.3134,300
89.4032,19.8812,300
89.4058,19.8622,300
89.4088,22.3497,300
89.4193,22.8976,300
89.4251,15.0022,300
89.4322,56.0491,300
89.4329,35.7848,300
89.4343,34.8141,300
89.4351,24.8501,300
89.4356,23.5947,300
89.4390,21.4436,300
89.4435,21.1571,300
89.4436,15.6610,300
89.4511,17.9744,300
89.4512,20.3990,300
89.4512,18.6882,300
89.4524,22.4341,300
89.4526,22.1845,300
89.4640,21.5007,300
89.4740,16.4502,300
89.4774,31.6279,300
89.4785,22.3236,300
89.4804,20.0119,300
89.4944,18.0353,300
89.4946,28.8369,300
89.5000,19.6664,300
89.5086,17.8431,300
89.5095,26.4365,300
89.5100,30.2692,300
89.5108,25.1842,300
89.5156,30.0730,300
89.5215,29.0187,300
89.5254,27.2865,300
89.5393,13.3486,300
89.5403,22.7687,300
89.5483,18.2286,300
89.5540,22.2197,300
89.5561,11.3282,300
89.5572,28.7662,300
89.5600,25.9613,300
89.5654,23.5427,300
89.5655,23.4965,300
89.5692,19.7649,300
89.5753,29.5050,300
89.5767,25.1796,300
89.5809,28.4262,300
89.5985,14.7738,300
89.6007,22.3825,300
89.6214,31.7352,300
89.6273,30.4560,300
89.6295,18.9903,300
89.6383,19.3786,300
89.6427,16.2900,300
89.6494,18.1437,300
89.6576,33.0045,300
89.6581,20.0847,300
89.6605,19.0979,300
89.6774,20.8205,300
89.6789,26.6848,300
89.6830,30.8433,300
89.6834,29.7456,300
89.6862,16.9328,300
89.6895,18.5895,300
89.6924,20.7415,300
89.6941,19.0953,300
89.6947,18.4535,300
89.6981,23.7410,300
89.7033,19.2270,300
89.7034,19.9742,300
89.7039,22.1085,300
89.7054,20.6268,300
89.7067,22.9179,300
89.7168,22.8179,300
89.7170,19.5453,300
89.7209,27.0709,300
89.7259,18.1930,300
89.7259,20.8946,300
89.7318,16.5216,300
89.7334,18.8152,300
89.7335,21.3095,300
89.7430,21.6141,300
89.7480,24.7032,300
89.7487,21.4950,300
89.7492,31.8796,300
89.7498,26.2436,300
89.7504,22.2880,300
89.7510,25.1157,300
89.7541,32.2570,300
89.7547,23.3315,300
89.7566,24.4772,300
89.7719,23.9056,300
89.7725,21.1407,300
89.7751,23.4914,300
89.7764,17.2486,300
89.7796,15.1579,300
89.7837,25.9617,300
89.7922,17.0443,300
89.7980,28.1945,300
89.8027,20.3538,300
89.8044,31.5416,300
89.8054,28.9652,300
89.8094,27.4525,300
89.8217,15.1827,300
89.8219,34.2425,300
89.8252,22.5819,300
89.8258,22.7388,300
89.8389,32.3177,300
89.8500,21.9445,300
89.8501,28.9528,300
89.8507,23.5008,300
89.8522,31.6052,300
89.8528,31.8587,300
89.8529,26.1792,300
89.8540,29.9122,300
89.8546,24.9271,300
89.8558,28.8444,300
89.8569,37.7858,300
89.8607,29.1581,300
89.8687,25.3789,300
89.8732,19.8822,300
89.8972,11.9832,300
89.8974,20.8200,300
89.9023,18.8079,300
89.9075,18.6119,300
89.9122,18.0859,300
89.9142,17.9673,300
89.9177,23.0108,300
89.9202,18.5040,300
89.9294,25.8776,300
89.9311,16.7255,300
89.9351,22.0204,300
89.9461,15.9827,300
89.9478,22.9845,300
89.9500,22.4215,300
89.9510,27.4308,300
89.9564,17.8446,300
89.9603,27.0192,300
89.9605,21.0826,300
89.9641,19.1838,300
89.9709,16.4986,300
89.9763,22.3853,300
89.9771,19.3703,300
89.9802,18.9139,300
89.9885,17.1205,300
89.9942,21.6529,300
90.0013,13.2370,300
90.0015,16.6010,300
90.0034,24.9724,300
90.0058,22.5226,300
90.0107,15.6564,300
90.0108,20.6813,300
90.0138,33.6076,300
90.0145,26.3761,300
90.0146,23.6980,300
90.0196,17.8437,300
90.0314,26.0470,300
90.0327,21.0982,300
90.0386,32.8613,300
90.0396,15.8464,300
90.0436,18.8367,300
90.0465,25.7063,300
90.0472,28.6190,300
90.0491,44.9115,300
90.0521,17.5486,300
90.0589,23.4397,300
90.0647,21.5299,300
90.0686,21.6495,300
90.0736,29.1290,300
90.0779,18.0191,300
90.0798,25.1553,300
90.0826,16.9933,300
90.0897,115.7322,300
90.0897,16.9397,300
90.0984,26.7722,300
90.1003,26.9761,300
90.1043,17.7414,300
90.1112,51.6167,300
90.1121,19.0219,300
90.1190,23.8741,300
90.1191,22.1494,300
90.1203,20.9340,300
90.1242,21.9607,300
90.1253,23.0250,300
90.1267,29.0147,300
90.1297,75.7109,300
90.1305,28.3204,300
90.1326,19.2984,300
90.1356,19.8566,300
90.1357,7.2017,300
90.1395,26.9758,300
90.1474,15.2105,300
90.1522,14.7894,300
90.1543,18.3935,300
90.1630,16.1504,300
90.1639,17.7796,300
90.1662,20.7584,300
90.1663,28.3376,300
90.1708,17.7040,300
90.1805,25.5547,300
90.1807,19.8080,300
90.1834,18.2548,300
90.1854,27.8573,300
90.1863,18.8527,300
90.1877,20.6632,300
90.1913,16.3906,300
90.1950,22.5855,300
90.1971,28.7478,300
90.1972,18.9666,300
90.1991,24.3383,300
90.1992,21.7678,300
90.2020,32.6669,300
90.2045,32.1355,300
90.2063,28.3117,300
90.2071,21.8083,300
90.2089,22.7879,300
90.2128,54.5295,300
90.2128,23.0517,300
90.2160,20.6655,300
90.2247,18.0736,300
90.2305,17.9110,300
90.2306,20.0877,300
90.2340,32.5811,300
90.2342,32.3988,300
90.2355,21.2438,300
90.2393,20.3726,300
90.2408,51.6087,300
90.2413,21.4972,300
90.2420,24.2888,300
90.2471,28.5545,300
90.2530,18.2034,300
90.2561,15.7409,300
90.2562,28.7241,300
90.2617,10.7533,300
90.2660,18.8575,300
90.2772,31.4590,300
90.2774,20.8082,300
90.2878,18.2949,300
90.2889,16.4039,300
90.2890,25.1072,300
90.2911,19.4330,300
90.2949,23.4401,300
90.2968,21.5557,300
90.2983,20.9422,300
90.3073,22.7880,300
90.3092,24.0179,300
90.3097,17.1034,300
90.3109,22.2770,300
90.3133,31.9888,300
90.3176,18.5822,300
90.3177,20.5511,300
90.3228,15.4172,300
90.3260,19.3249,300
90.3280,26.5631,300
90.3328,29.5474,300
90.3441,30.9559,300
90.3446,20.8334,300
90.3487,18.3233,300
90.3605,44.1115,300
90.3647,27.2653,300
90.3660,20.5187,300
90.3670,18.9210,300
90.3750,23.7262,300
90.3750,20.0907,300
90.3783,21.8581,300
90.3809,18.6973,300
90.3858,28.6844,300
90.3858,6.1021,300
90.3864,29.1660,300
90.3875,22.0925,300
90.3917,20.3149,300
90.3924,22.0200,300
90.4051,18.8759,300
90.4052,25.8231,300
90.4060,20.3998,300
90.4100,16.7397,300
90.4101,35.1001,300
90.4136,19.4664,300
90.4143,21.3091,300
90.4146,21.8793,300
90.4159,23.1776,300
90.4159,22.7330,300
90.4181,25.0192,300
90.4223,20.8339,300
90.4256,30.5495,300
90.4322,17.3963,300
90.4342,16.2110,300
90.4364,3.0377,300
90.4452,17.8829,300
90.4453,20.3459,300
90.4481,54.2732,300
90.4482,21.7401,300
90.4549,18.6293,300
90.4551,26.2926,300
90.4551,20.5685,300
90.4579,26.6730,300
90.4580,33.1853,300
90.4608,27.4765,300
90.4623,26.4933,300
90.4686,17.6356,300
90.4715,19.6106,300
90.4717,17.1079,300
90.4732,21.3179,300
90.4741,19.8287,300
90.4775,20.9650,300
90.4779,20.1947,300
90.4843,18.0826,300
90.4843,19.8909,300
90.4871,22.0820,300
90.4903,18.9342,300
90.5024,3.3682,300
90.5082,43.9859,300
90.5214,18.2070,300
90.5215,30.7599,300
90.5217,30.4146,300
90.5227,30.0720,300
90.5228,26.8902,300
90.5234,28.0241,300
90.5283,23.1587,300
90.5284,40.8707,300
90.5321,27.1533,300
90.5330,24.0379,300
90.5356,56.6915,300
90.5357,30.8635,300
90.5358,20.0208,300
90.5358,30.8099,300
90.5396,31.5622,300
90.5514,19.7214,300
90.5524,40.2832,300
90.5538,19.4301,300
90.5555,25.3102,300
90.5587,25.7856,300
90.5606,23.6745,300
90.5609,19.3809,300
90.5654,25.5365,300
90.5752,19.7579,300
90.5753,25.7138,300
90.5793,18.3364,300
90.5797,28.3781,300
90.5805,30.5408,300
90.5833,18.6113,300
90.5904,17.7172,300
90.5915,18.2422,300
90.5963,16.2027,300
90.5979,23.8688,300
90.6043,15.4037,300
90.6050,19.4964,300
90.6100,18.5790,300
90.6213,18.7604,300
90.6239,17.4858,300
90.6282,21.5034,300
90.6291,18.8241,300
90.6327,17.6796,300
90.6337,20.5837,300
90.6344,29.2797,300
90.6401,22.2105,300
90.6475,30.2687,300
90.6500,11.1318,300
90.6500,27.8397,300
90.6622,25.4238,300
90.6623,22.1563,300
90.6661,15.3944,300
90.6689,23.2667,300
90.6720,18.2462,300
90.6725,23.5368,300
90.6767,19.3716,300
90.6840,18.9834,300
90.6876,18.5334,300
90.6918,18.3334,300
90.6973,18.5011,300
90.7062,15.3732,300
90.7063,13.2267,300
90.7090,30.7838,300
90.7103,12.3257,300
90.7114,19.2187,300
90.7123,25.3622,300
90.7178,9.9536,300
90.7179,26.5331,300
90.7207,24.2414,300
90.7222,28.0129,300
90.7266,17.8316,300
90.7341,17.5006,300
90.7368,20.8661,300
90.7427,18.0898,300
90.7476,13.0904,300
90.7499,21.9844,300
90.7554,25.2492,300
90.7566,17.8842,300
90.7596,17.9402,300
90.7665,11.0520,300
90.7676,19.3959,300
90.7676,29.0336,300
90.7713,28.4048,300
90.7748,17.2986,300
90.7757,20.9078,300
90.7831,17.5322,300
90.7860,22.3705,300
90.7953,25.5132,300
90.7982,32.1460,300
90.8074,22.9531,300
90.8075,33.4730,300
90.8113,19.0152,300
90.8166,24.7655,300
90.8172,18.4406,300
90.8199,27.0927,300
90.8236,17.9220,300
90.8248,21.5589,300
90.8306,23.1482,300
90.8307,27.5386,300
90.8316,22.1528,300
90.8348,5.6056,300
90.8525,22.3506,300
90.8576,11.5132,300
90.8604,18.7145,300
90.8606,32.8382,300
90.8643,45.8422,300
90.8655,20.6877,300
90.8658,29.1736,300
90.8680,17.7034,300
90.8693,19.4240,300
90.8710,26.0051,300
90.8770,17.9621,300
90.8772,17.8529,300
90.8781,21.7407,300
90.8845,23.0627,300
90.8846,19.7517,300
90.8873,20.1577,300
90.8874,25.7817,300
90.8917,18.4356,300
90.8944,18.8069,300
90.9023,17.8385,300
90.9070,31.2535,300
90.9102,18.5133,300
90.9126,25.1677,300
90.9198,20.0436,300
90.9199,19.5697,300
90.9228,17.7639,300
90.9282,18.1290,300
90.9336,12.0512,300
90.9372,31.2882,300
90.9374,23.8943,300
90.9378,21.2585,300
90.9381,31.5589,300
90.9402,28.1085,300
90.9572,18.2139,300
90.9609,22.0551,300
90.9677,29.3406,300
90.9689,5.0949,300
90.9826,28.5999,300
90.9938,19.5657,300
90.9940,23.2637,300
90.9947,25.0170,300
90.9985,21.2750,300
91.0014,18.4713,300
91.0015,18.3889,300
91.0026,20.5561,300
91.0053,14.4443,300
91.0054,37.4764,300
91.0082,19.2005,300
91.0184,22.0349,300
91.0195,20.3174,300
91.0211,18.7503,300
91.0213,26.2137,300
91.0213,21.5920,300
91.0225,24.5009,300
91.0238,30.3777,300
91.0277,18.4681,300
91.0309,35.2498,300
91.0358,18.7302,300
91.0360,30.2291,300
91.0396,19.8042,300
91.0418,20.9219,300
91.0486,18.1304,300
91.0540,24.7382,300
91.0543,32.4280,300
91.0578,14.4571,300
91.0608,29.1661,300
91.0647,19.0956,300
91.0651,30.2015,300
91.0734,16.1297,300
91.0753,13.7312,300
91.0812,17.6900,300
91.0851,19.0505,300
91.0868,31.3974,300
91.0930,17.8374,300
91.1038,14.3615,300
91.1039,17.1062,300
91.1057,20.9127,300
91.1129,31.4611,300
91.1134,32.0599,300
91.1146,22.7161,300
91.1176,22.6123,300
91.1232,11.7129,300
91.1256,26.0019,300
91.1256,18.7116,300
91.1267,24.3790,300
91.1269,24.1032,300
91.1332,28.7910,300
91.1431,29.2061,300
91.1500,29.4556,300
91.1516,30.4825,300
91.1554,30.4191,300
91.1555,15.9728,300
91.1606,19.0062,300
91.1616,18.5712,300
91.1621,24.5279,300
91.1627,23.9210,300
91.1674,33.1884,300
91.1715,21.9336,300
91.1752,16.2766,300
91.1772,31.4841,300
91.1773,20.9914,300
91.1781,19.6069,300
91.1788,26.7664,300
91.1802,26.3518,300
91.1808,27.8948,300
91.1809,25.2276,300
91.1821,31.5455,300
91.1822,36.0582,300
91.1879,35.3178,300
91.1913,31.3253,300
91.1916,24.5466,300
91.1947,27.2123,300
91.2036,16.3147,300
91.2045,20.4369,300
91.2124,24.3435,300
91.2173,30.0586,300
91.2248,19.2787,300
91.2250,23.3025,300
91.2258,51.6745,300
91.2299,19.4105,300
91.2300,19.6300,300
91.2301,22.8934,300
91.2321,31.1669,300
91.2351,17.1886,300
91.2357,34.9856,300
91.2462,17.8216,300
91.2511,18.7217,300
91.2518,22.7489,300
91.2612,23.3853,300
91.2689,21.5106,300
91.2765,25.4505,300
91.2809,19.5935,300
91.2810,30.6208,300
91.2810,20.4251,300
91.2896,22.3217,300
91.2905,30.9514,300
91.2918,20.4463,300
91.3001,18.4782,300
91.3101,23.4662,300
91.3130,24.3072,300
91.3311,28.0543,300
91.3398,19.3900,300
91.3414,18.9502,300
91.3436,22.1807,300
91.3453,27.5958,300
91.3461,20.3750,300
91.3471,23.6599,300
91.3476,22.5879,300
91.3507,22.1356,300
91.3577,13.1265,300
91.3592,27.4361,300
91.3593,25.4268,300
91.3686,26.4260,300
91.3761,23.6227,300
91.3806,18.5766,300
91.3807,20.7572,300
91.3896,22.5271,300
91.3897,19.7476,300
91.3926,17.3545,300
91.3983,26.3266,300
91.3990,15.8736,300
91.4000,33.4972,300
91.4052,15.5248,300
91.4083,29.0331,300
91.4084,22.0034,300
91.4128,27.0930,300
91.4140,32.9424,300
91.4180,32.3070,300
91.4182,24.3786,300
91.4182,26.7874,300
91.4223,24.1698,300
91.4322,18.1614,300
91.4350,18.3328,300
91.4366,29.4453,300
91.4409,16.1153,300
91.4410,20.9479,300
91.4411,24.9903,300
91.4448,16.4163,300
91.4457,22.9441,300
91.4492,27.5799,300
91.4522,19.9306,300
91.4556,17.4158,300
91.4610,42.3351,300
91.4726,30.0578,300
91.4759,17.2982,300
91.4759,21.1962,300
91.4788,23.6348,300
91.4863,21.6394,300
91.4864,20.7369,300
91.4911,17.6312,300
91.4934,13.0805,300
91.4943,16.6241,300
91.4969,17.6282,300
91.4970,76.8659,300
91.5012,29.5848,300
91.5052,9.8017,300
91.5104,17.0059,300
91.5128,19.3774,300
91.5130,22.2427,300
91.5148,20.9955,300
91.5291,25.9322,300
91.5313,18.4138,300
91.5463,15.9914,300
91.5482,64.4099,300
91.5570,19.6965,300
91.5609,23.8785,300
91.5647,20.5071,300
91.5648,21.1132,300
91.5648,21.0779,300
91.5669,19.0843,300
91.5698,26.5596,300
91.5707,20.8912,300
91.5730,17.7359,300
91.5741,22.2402,300
91.5758,21.3192,300
91.5819,31.3909,300
91.5820,24.9789,300
91.5840,23.8145,300
91.5841,25.2725,300
91.5867,25.8101,300
91.5869,23.1514,300
91.5887,29.4117,300
91.5888,32.7018,300
91.6017,4.8635,300
91.6024,18.4810,300
91.6082,15.8659,300
91.6115,17.7427,300
91.6178,22.0603,300
91.6179,21.9786,300
91.6179,29.9352,300
91.6229,19.8652,300
91.6279,16.5452,300
91.6298,18.0419,300
91.6309,19.1306,300
91.6337,20.0954,300
91.6349,25.7619,300
91.6385,19.1783,300
91.6411,18.7733,300
91.6441,19.7264,300
91.6442,21.4905,300
91.6442,23.7204,300
91.6490,33.7867,300
91.6526,15.3787,300
91.6566,19.6677,300
91.6603,22.4345,300
91.6635,21.7806,300
91.6646,15.7130,300
91.6725,18.9523,300
91.6737,20.0672,300
91.6791,19.7062,300
91.6854,20.5310,300
91.6931,25.2121,300
91.6978,21.1910,300
91.6979,7.0702,300
91.7039,24.3351,300
91.7175,21.0510,300
91.7176,20.9745,300
91.7176,29.3927,300
91.7203,21.9012,300
91.7215,25.5170,300
91.7225,24.5030,300
91.7272,24.6397,300
91.7272,22.4082,300
91.7414,25.2672,300
91.7509,19.0406,300
91.7522,22.3530,300
91.7565,25.6728,300
91.7566,17.8379,300
91.7655,19.4248,300
91.7683,5.8286,300
91.7684,23.7565,300
91.7729,22.2112,300
91.7784,13.0977,300
91.7785,20.1195,300
91.7841,15.4776,300
91.7868,23.8166,300
91.7876,30.7539,300
91.7897,17.4368,300
91.7938,19.2345,300
91.7966,27.3167,300
91.7967,27.2278,300
91.7974,24.2232,300
91.7980,20.3828,300
91.7985,22.5500,300
91.8044,17.1847,300
91.8051,22.3253,300
91.8053,21.8901,300
91.8061,25.2446,300
91.8117,27.0662,300
91.8199,23.1320,300
91.8259,31.7764,300
91.8261,20.4360,300
91.8298,11.0396,300
91.8300,13.9835,300
91.8357,51.0956,300
91.8418,27.2019,300
91.8486,27.2025,300
91.8496,18.6885,300
91.8497,20.3059,300
91.8515,30.2039,300
91.8569,25.6996,300
91.8596,13.1176,300
91.8597,22.0243,300
91.8606,18.1023,300
91.8607,29.0130,300
91.8666,15.1486,300
91.8746,31.5020,300
91.8751,25.9753,300
91.8785,19.7550,300
91.8822,27.4554,300
91.8887,19.2907,300
91.8899,26.4126,300
91.8931,4.0599,300
91.8932,18.8458,300
91.8990,53.5226,300
91.8991,18.0514,300
91.9060,24.5075,300
91.9117,21.4703,300
91.9153,18.3604,300
91.9227,18.5445,300
91.9228,23.3227,300
91.9233,18.7104,300
91.9245,63.9409,300
91.9315,18.8663,300
91.9365,25.5312,300
91.9444,18.2610,300
91.9446,18.7589,300
91.9458,20.6577,300
91.9495,23.1656,300
91.9677,32.0071,300
91.9678,23.6234,300
91.9721,27.1279,300
91.9792,22.7641,300
91.9793,27.0172,300
91.9793,24.9496,300
91.9793,35.7313,300
91.9823,17.3968,300
91.9837,31.3126,300
91.9875,21.6917,300
91.9876,24.4109,300
91.9915,32.6895,300
91.9941,25.6257,300
91.9982,18.5206,300
91.9982,19.2144,300
92.0029,17.3551,300
92.0047,19.5020,300
92.0078,18.6975,300
92.0107,18.3048,300
92.0141,27.0610,300
92.0148,19.6932,300
92.0208,18.5610,300
92.0280,19.4917,300
92.0334,21.6529,300
92.0382,25.9281,300
92.0383,34.1778,300
92.0397,21.6931,300
92.0402,23.0296,300
92.0499,19.5927,300
92.0528,30.7373,300
92.0529,20.0665,300
92.0645,21.5785,300
92.0645,19.5004,300
92.0707,29.6913,300
92.0716,32.2813,300
92.0748,29.1083,300
92.0765,15.3151,300
92.0784,18.2401,300
92.0785,21.0773,300
92.0811,22.8218,300
92.0831,18.0408,300
92.0869,21.7723,300
92.0916,24.9614,300
92.0948,16.8719,300
92.0949,20.9404,300
92.1002,26.9687,300
92.1037,25.7866,300
92.1075,21.9190,300
92.1105,18.9463,300
92.1143,27.8967,300
92.1221,19.2781,300
92.1263,16.5005,300
92.1341,20.1388,300
92.1370,17.6920,300
92.1400,18.9630,300
92.1401,25.1097,300
92.1416,29.1259,300
92.1496,18.2621,300
92.1497,27.2462,300
92.1504,20.2907,300
92.1578,19.1155,300
92.1579,22.6847,300
92.1588,21.0489,300
92.1609,17.9016,300
92.1639,26.6653,300
92.1719,17.9088,300
92.1769,21.8055,300
92.1849,28.0031,300
92.1860,20.3615,300
92.2014,26.6805,300
92.2015,21.0216,300
92.2023,50.7209,300
92.2046,28.2590,300
92.2053,25.2601,300
92.2075,23.0712,300
92.2076,11.0270,300
92.2118,22.6409,300
92.2127,24.3254,300
92.2181,18.9751,300
92.2182,35.6735,300
92.2243,27.4680,300
92.2269,26.1387,300
92.2291,17.2785,300
92.2326,19.1728,300
92.2390,28.2383,300
92.2438,19.7899,300
92.2448,28.2626,300
92.2507,22.3815,300
92.2508,19.5376,300
92.2520,34.2198,300
92.2533,17.0396,300
92.2537,31.5173,300
92.2555,27.0542,300
92.2594,19.5602,300
92.2631,19.9283,300
92.2741,16.3880,300
92.2821,28.1712,300
92.2837,19.1972,300
92.2848,20.9103,300
92.2878,18.3115,300
92.2889,31.3185,300
92.2964,25.7804,300
92.2965,26.5837,300
92.2965,31.8268,300
92.2994,22.8362,300
92.3091,16.4885,300
92.3097,34.5328,300
92.3113,25.8751,300
92.3160,22.3842,300
92.3170,23.6125,300
92.3193,19.1852,300
92.3242,19.6138,300
92.3330,18.6084,300
92.3360,18.0508,300
92.3362,20.2282,300
92.3378,17.9045,300
92.3431,12.6689,300
92.3467,28.2925,300
92.3474,31.5621,300
92.3507,18.7896,300
92.3542,20.7609,300
92.3575,4.9528,300
92.3576,19.2154,300
92.3616,26.7867,300
92.3877,32.6811,300
92.3926,15.8053,300
92.4042,32.9969,300
92.4104,18.2759,300
92.4105,20.4829,300
92.4111,20.5141,300
92.4193,23.3379,300
92.4194,20.5839,300
92.4221,34.4518,300
92.4297,17.1622,300
92.4298,23.5048,300
92.4358,20.7829,300
92.4388,14.5357,300
92.4388,18.3204,300
92.4396,29.7691,300
92.4419,17.6320,300
92.4420,23.7702,300
92.4495,27.3516,300
92.4564,20.4499,300
92.4597,26.1705,300
92.4603,18.5614,300
92.4604,21.3299,300
92.4647,21.7538,300
92.4678,18.3124,300
92.4759,18.3500,300
92.4771,18.5876,300
92.4855,17.3216,300
92.4857,19.5128,300
92.4862,32.0598,300
92.4895,18.8695,300
92.4896,21.5325,300
92.4925,21.5834,300
92.4974,29.8430,300
92.5044,16.4543,300
92.5045,30.6210,300
92.5075,19.8482,300
92.5107,25.8709,300
92.5109,20.0327,300
92.5109,23.9958,300
92.5177,13.2791,300
92.5233,53.8210,300
92.5266,22.2575,300
92.5432,15.4323,300
92.5473,15.9796,300
92.5474,24.6177,300
92.5483,24.0918,300
92.5522,34.3212,300
92.5523,28.1880,300
92.5590,27.4377,300
92.5591,15.6135,300
92.5612,28.9269,300
92.5717,26.4426,300
92.5765,17.4192,300
92.5792,25.0503,300
92.5802,19.8762,300
92.5810,14.8743,300
92.5857,23.3992,300
92.5906,18.6284,300
92.5926,18.4837,300
92.6025,19.1831,300
92.6026,22.5341,300
92.6037,26.5788,300
92.6045,20.7130,300
92.6045,21.7284,300
92.6172,29.0595,300
92.6211,48.6765,300
92.6244,27.7079,300
92.6255,26.6911,300
92.6293,43.5201,300
92.6334,15.6388,300
92.6335,20.1588,300
92.6402,24.1666,300
92.6429,26.1206,300
92.6430,21.5330,300
92.6481,15.2044,300
92.6605,17.5189,300
92.6637,24.5527,300
92.6677,27.9786,300
92.6678,20.4942,300
92.6686,29.5355,300
92.6719,21.1761,300
92.6738,28.0082,300
92.6805,30.1086,300
92.6806,31.5472,300
92.6845,19.2205,300
92.6846,28.3248,300
92.6856,21.9388,300
92.6875,31.0925,300
92.6883,32.8775,300
92.6974,18.3034,300
92.7002,18.4260,300
92.7068,28.9029,300
92.7089,21.5408,300
92.7102,33.6243,300
92.7155,3.3310,300
92.7185,25.7177,300
92.7191,34.5683,300
92.7203,23.9661,300
92.7204,20.1124,300
92.7225,21.7419,300
92.7266,20.2723,300
92.7302,21.5478,300
92.7307,17.3848,300
92.7344,19.2951,300
92.7367,25.7075,300
92.7368,27.4147,300
92.7389,29.4721,300
92.7399,22.5284,300
92.7473,11.7519,300
92.7506,17.7507,300
92.7558,13.6839,300
92.7580,18.2494,300
92.7619,16.8466,300
92.7632,23.5278,300
92.7661,18.5109,300
92.7666,17.9628,300
92.7712,11.0902,300
92.7714,28.5444,300
92.7726,24.2244,300
92.7732,22.6608,300
92.7789,19.9456,300
92.7790,22.6715,300
92.7790,22.6515,300
92.7799,22.2925,300
92.7806,34.7316,300
92.7866,19.6076,300
92.7896,18.9214,300
92.7918,19.5971,300
92.7948,4.5850,300
92.7950,28.0482,300
92.7950,26.2388,300
92.7978,21.1741,300
92.8021,26.6991,300
92.8046,25.8253,300
92.8075,29.9799,300
92.8162,14.6041,300
92.8181,27.2014,300
92.8260,16.6763,300
92.8282,23.0507,300
92.8283,23.8873,300
92.8303,20.2683,300
92.8306,22.1261,300
92.8421,17.3721,300
92.8422,24.4321,300
92.8431,33.8010,300
92.8464,22.7516,300
92.8496,17.4942,300
92.8511,18.7168,300
92.8532,27.8124,300
92.8542,31.8869,300
92.8548,31.8126,300
92.8668,19.9160,300
92.8673,23.6214,300
92.8673,31.5517,300
92.8686,21.7234,300
92.8767,18.2021,300
92.8810,17.8600,300
92.8876,27.0253,300
92.8877,26.2580,300
92.8884,21.2533,300
92.8903,20.1893,300
92.8912,29.1464,300
92.8976,45.2232,300
92.8985,21.9003,300
92.8985,18.8857,300
92.8989,37.3689,300
92.9030,18.3268,300
92.9050,22.1240,300
92.9054,21.6851,300
92.9080,19.1379,300
92.9090,21.4642,300
92.9107,37.7117,300
92.9206,29.7840,300
92.9288,27.8142,300
92.9289,20.2926,300
92.9345,23.1459,300
92.9385,18.1565,300
92.9386,27.6119,300
92.9420,24.2134,300
92.9488,10.5558,300
92.9504,26.1547,300
92.9505,18.2778,300
92.9531,5.6964,300
92.9551,24.8205,300
92.9581,22.7854,300
92.9618,32.5094,300
92.9620,25.4373,300
92.9620,25.9139,300
92.9649,33.5275,300
92.9682,30.2405,300
92.9778,17.9625,300
92.9837,25.9962,300
92.9838,27.7720,300
92.9868,32.8408,300
92.9869,51.1811,300
92.9896,26.5983,300
92.9896,27.1142,300
92.9925,47.7750,300
92.9946,25.1027,300
92.9986,13.0026,300
93.0023,24.0028,300
93.0024,17.2856,300
93.0033,22.4736,300
93.0145,11.2407,300
93.0146,20.4029,300
93.0165,17.8726,300
93.0195,28.4175,300
93.0213,23.3033,300
93.0235,20.2890,300
93.0280,17.5302,300
93.0339,14.0004,300
93.0392,28.9472,300
93.0406,30.9379,300
93.0581,17.8305,300
93.0661,18.3443,300
93.0714,20.2454,300
93.0750,28.2708,300
93.0751,32.9018,300
93.0762,29.6900,300
93.0763,29.6173,300
93.0772,23.8357,300
93.0780,24.8207,300
93.0805,34.7433,300
93.0819,29.2017,300
93.0827,31.8104,300
93.0868,24.2497,300
93.1022,27.1085,300
93.1041,28.5264,300
93.1173,18.4313,300
93.1213,18.3441,300
93.1277,18.7444,300
93.1385,22.7775,300
93.1386,17.6464,300
93.1443,10.6056,300
93.1453,18.2242,300
93.1529,22.6711,300
93.1530,15.7979,300
93.1541,17.6113,300
93.1613,18.6787,300
93.1648,27.6052,300
93.1708,29.7273,300
93.1709,21.5608,300
93.1798,20.7559,300
93.1807,19.8482,300
93.1808,22.6199,300
93.1944,21.0018,300
93.1983,20.7867,300
93.1984,21.1704,300
93.2035,29.1963,300
93.2109,16.8982,300
93.2138,21.5292,300
93.2230,53.6887,300
93.2231,22.4275,300
93.2279,17.6591,300
93.2428,18.2561,300
93.2528,13.3906,300
93.2529,23.8074,300
93.2601,27.0268,300
93.2616,15.7783,300
93.2641,33.1918,300
93.2646,29.7516,300
93.2661,24.4636,300
93.2704,33.6360,300
93.2739,22.3332,300
93.2750,16.5331,300
93.2752,21.0546,300
93.2752,8.8297,300
93.2760,24.7039,300
93.2784,37.3215,300
93.2815,18.6705,300
93.2825,23.8319,300
93.2836,25.1685,300
93.2837,38.1374,300
93.2854,32.5207,300
93.2861,23.6498,300
93.2883,34.8265,300
93.2888,24.6063,300
93.2897,31.3270,300
93.2905,26.9920,300
93.3043,19.3437,300
93.3051,29.0809,300
93.3118,26.8764,300
93.3169,17.7081,300
93.3182,19.5032,300
93.3227,18.0675,300
93.3249,21.8733,300
93.3254,17.3800,300
93.3263,24.3012,300
93.3286,25.0439,300
93.3325,24.4396,300
93.3365,29.2410,300
93.3382,52.2266,300
93.3424,18.1254,300
93.3433,26.9582,300
93.3439,23.8375,300
93.3464,60.8360,300
93.3504,29.3194,300
93.3506,18.1547,300
93.3508,22.5493,300
93.3552,16.5046,300
93.3553,21.2186,300
93.3556,21.4726,300
93.3582,22.9208,300
93.3594,26.9988,300
93.3603,25.7040,300
93.3669,21.2970,300
93.3706,24.9823,300
93.3709,19.5704,300
93.3757,24.2944,300
93.3800,23.2582,300
93.3809,23.6415,300
93.3844,20.0720,300
93.3853,17.6291,300
93.3893,13.5639,300
93.3913,26.4646,300
93.3925,25.3410,300
93.3943,50.1271,300
93.3972,20.2189,300
93.3973,30.8762,300
93.3994,17.0239,300
93.4060,18.1161,300
93.4092,49.9464,300
93.4099,19.2419,300
93.4140,21.1724,300
93.4148,17.1342,300
93.4151,18.7677,300
93.4162,22.4519,300
93.4231,18.2928,300
93.4241,27.7106,300
93.4276,31.3761,300
93.4333,22.9052,300
93.4337,30.4372,300
93.4399,13.9194,300
93.4400,24.2059,300
93.4407,22.1452,300
93.4482,24.6085,300
93.4483,20.1830,300
93.4490,27.0905,300
93.4555,22.9586,300
93.4580,14.6889,300
93.4621,19.0966,300
93.4622,23.5084,300
93.4681,17.9642,300
93.4681,24.1723,300
93.4682,21.7058,300
93.4709,15.1930,300
93.4717,27.4704,300
93.4738,30.6691,300
93.4777,20.4887,300
93.4778,21.3746,300
93.4809,20.1819,300
93.4885,18.7797,300
93.4944,23.5642,300
93.4987,23.1192,300
93.5031,23.4597,300
93.5036,26.4600,300
93.5061,17.8055,300
93.5080,22.0311,300
93.5129,18.0836,300
93.5158,22.1949,300
93.5160,22.5074,300
93.5227,18.7286,300
93.5263,12.1327,300
93.5265,27.4779,300
93.5288,23.2680,300
93.5292,22.0371,300
93.5304,56.5518,300
93.5325,26.3686,300
93.5367,19.6660,300
93.5369,22.0345,300
93.5428,17.8111,300
93.5430,17.4769,300
93.5498,21.3200,300
93.5530,20.7050,300
93.5547,19.3352,300
93.5559,17.8290,300
93.5586,18.5154,300
93.5596,26.6123,300
93.5601,22.8268,300
93.5611,21.8958,300
93.5620,28.0598,300
93.5646,21.4071,300
93.5647,35.9975,300
93.5656,25.3678,300
93.5684,25.5578,300
93.5760,20.7475,300
93.5789,15.0613,300
93.5863,29.9950,300
93.5895,17.5242,300
93.5931,18.0702,300
93.6051,13.1831,300
93.6092,27.7044,300
93.6143,20.4742,300
93.6155,13.8661,300
93.6173,13.8937,300
93.6261,17.8893,300
93.6280,13.8596,300
93.6282,21.0032,300
93.6301,23.7563,300
93.6359,28.6388,300
93.6398,21.2933,300
93.6412,21.0398,300
93.6412,21.0942,300
93.6431,19.0299,300
93.6435,49.0784,300
93.6436,34.8393,300
93.6482,24.2828,300
93.6517,50.3565,300
93.6518,26.5100,300
93.6541,33.4352,300
93.6557,54.2957,300
93.6589,21.2083,300
93.6677,26.3841,300
93.6678,34.1357,300
93.6679,20.9461,300
93.6688,23.0053,300
93.6716,21.2728,300
93.6781,21.8199,300
93.6797,18.3692,300
93.6801,18.0748,300
93.6809,23.9344,300
93.6841,26.7035,300
93.6881,16.5724,300
93.6920,23.1654,300
93.7066,25.0528,300
93.7066,17.8438,300
93.7105,19.4516,300
93.7105,26.4371,300
93.7105,21.1048,300
93.7118,23.4194,300
93.7152,31.4123,300
93.7161,30.6123,300
93.7213,25.3323,300
93.7248,24.0228,300
93.7283,17.9977,300
93.7293,19.5566,300
93.7306,28.4327,300
93.7349,16.3421,300
93.7391,17.4140,300
93.7450,26.2397,300
93.7452,23.1382,300
93.7477,20.5926,300
93.7510,28.3284,300
93.7519,21.5601,300
93.7545,27.5653,300
93.7605,26.9464,300
93.7609,20.4280,300
93.7647,18.9872,300
93.7674,17.9833,300
93.7703,17.1906,300
93.7739,17.2126,300
93.7748,19.7460,300
93.7758,18.3103,300
93.7855,18.0879,300
93.7873,24.6667,300
93.7873,49.6719,300
93.7902,26.7414,300
93.7931,15.8699,300
93.8020,22.3782,300
93.8109,12.9608,300
93.8117,21.1268,300
93.8130,28.1219,300
93.8156,5.1193,300
93.8185,24.5400,300
93.8226,22.3522,300
93.8241,18.8781,300
93.8337,19.1135,300
93.8360,18.2586,300
93.8367,21.3302,300
93.8401,19.7215,300
93.8414,16.5234,300
93.8529,18.0194,300
93.8581,21.9494,300
93.8608,27.6869,300
93.8609,66.0068,300
93.8798,19.2629,300
93.8875,29.8251,300
93.8879,16.2914,300
93.8924,33.7203,300
93.9000,19.3280,300
93.9046,18.2077,300
93.9079,17.4956,300
93.9106,17.4527,300
93.9204,19.2003,300
93.9209,25.5710,300
93.9225,18.2682,300
93.9230,34.8779,300
93.9244,21.6082,300
93.9305,26.6183,300
93.9390,15.5877,300
93.9415,17.7489,300
93.9463,16.6680,300
93.9469,19.4294,300
93.9496,27.4709,300
93.9525,16.8569,300
93.9542,22.8113,300
93.9575,15.7462,300
93.9613,19.7039,300
93.9720,17.7853,300
93.9760,31.4821,300
93.9772,22.3793,300
93.9799,19.6111,300
93.9800,21.3862,300
93.9848,17.3869,300
93.9854,26.6686,300
93.9887,18.7310,300
93.9888,21.6286,300
93.9955,27.7362,300
94.0012,16.0026,300
94.0046,23.1098,300
94.0071,20.0547,300
94.0106,16.6302,300
94.0109,20.2241,300
94.0173,16.7195,300
94.0194,30.7757,300
94.0232,21.6709,300
94.0302,19.3527,300
94.0403,15.7147,300
94.0425,26.7063,300
94.0465,27.7267,300
94.0488,13.4009,300
94.0559,18.3673,300
94.0566,28.7429,300
94.0680,18.7400,300
94.0778,17.2100,300
94.0843,18.9681,300
94.0844,31.1247,300
94.1030,22.6995,300
94.1104,25.9914,300
94.1134,16.6919,300
94.1156,34.8627,300
94.1180,33.1731,300
94.1181,25.1980,300
94.1209,18.7625,300
94.1210,20.0081,300
94.1279,47.3956,300
94.1280,28.7138,300
94.1284,15.6753,300
94.1289,39.4403,300
94.1292,33.3200,300
94.1353,19.4945,300
94.1374,5.9098,300
94.1375,23.8816,300
94.1382,24.3016,300
94.1401,38.1877,300
94.1506,18.2509,300
94.1507,24.0034,300
94.1705,13.9584,300
94.1725,25.0091,300
94.1745,19.1898,300
94.1751,15.7364,300
94.1780,16.3578,300
94.1837,18.7650,300
94.1844,13.7857,300
94.1844,16.1885,300
94.1883,19.6866,300
94.1952,29.1077,300
94.1993,18.4959,300
94.2006,16.3160,300
94.2063,15.6089,300
94.2080,26.2997,300
94.2124,16.2520,300
94.2162,18.1092,300
94.2204,26.9885,300
94.2275,15.9936,300
94.2276,20.1760,300
94.2289,18.9379,300
94.2301,29.0470,300
94.2321,19.3195,300
94.2331,21.4547,300
94.2345,23.1658,300
94.2370,23.0502,300
94.2493,16.6048,300
94.2532,18.5050,300
94.2539,26.8076,300
94.2540,23.2585,300
94.2578,13.5763,300
94.2602,27.9170,300
94.2608,17.9989,300
94.2613,28.4924,300
94.2615,28.2970,300
94.2720,28.3405,300
94.2730,33.4652,300
94.2759,13.8863,300
94.2775,17.4511,300
94.2781,14.5529,300
94.2798,17.4194,300
94.2858,31.7294,300
94.2875,18.9348,300
94.2899,25.0409,300
94.2972,28.7747,300
94.3085,18.1813,300
94.3125,26.8984,300
94.3165,16.7712,300
94.3166,23.2857,300
94.3212,18.6474,300
94.3241,19.6308,300
94.3425,17.4920,300
94.3539,16.8852,300
94.3578,22.1404,300
94.3598,28.0044,300
94.3609,20.0218,300
94.3688,19.0071,300
94.3689,28.7224,300
94.3701,32.2819,300
94.3741,34.3505,300
94.3798,25.8396,300
94.3827,24.4507,300
94.3881,18.0869,300
94.3994,17.9022,300
94.4013,4.9102,300
94.4042,26.8957,300
94.4139,15.2096,300
94.4212,18.7506,300
94.4251,26.9796,300
94.4252,20.1096,300
94.4262,22.3615,300
94.4301,19.4711,300
94.4349,31.6698,300
94.4355,27.6471,300
94.4414,26.7221,300
94.4477,14.2094,300
94.4564,17.9913,300
94.4605,19.2307,300
94.4629,18.0961,300
94.4660,24.2608,300
94.4674,62.7181,300
94.4718,17.6650,300
94.4788,19.2986,300
94.4801,18.8347,300
94.4843,19.6327,300
94.4854,19.0191,300
94.4871,25.6977,300
94.4879,17.4787,300
94.4898,21.0222,300
94.4971,18.4961,300
94.5057,18.8455,300
94.5099,28.8155,300
94.5109,18.1855,300
94.5110,19.1284,300
94.5122,28.2685,300
94.5146,18.0277,300
94.5265,29.6082,300
94.5266,19.8462,300
94.5313,25.8398,300
94.5387,17.7789,300
94.5408,27.3298,300
94.5443,12.9154,300
94.5463,26.9952,300
94.5472,19.6121,300
94.5491,28.7595,300
94.5521,19.0628,300
94.5523,5.7064,300
94.5619,21.0565,300
94.5619,19.1755,300
94.5619,15.9883,300
94.5619,24.0379,300
94.5696,21.9984,300
94.5710,20.7045,300
94.5766,19.2771,300
94.5812,26.5406,300
94.5831,16.9333,300
94.5938,26.7903,300
94.5951,33.3154,300
94.5964,19.4494,300
94.6075,18.7860,300
94.6146,18.5472,300
94.6148,20.8528,300
94.6159,23.0034,300
94.6165,19.7784,300
94.6206,33.4446,300
94.6212,21.5485,300
94.6226,22.1686,300
94.6249,21.8779,300
94.6326,20.7509,300
94.6326,12.5734,300
94.6326,20.0736,300
94.6356,21.9736,300
94.6375,21.0914,300
94.6414,33.1456,300
94.6420,22.4618,300
94.6460,19.0794,300
94.6461,13.3064,300
94.6580,22.8482,300
94.6665,19.8187,300
94.6716,18.6361,300
94.6765,20.3773,300
94.6766,25.7038,300
94.6793,23.0289,300
94.6798,18.8659,300
94.6823,50.2757,300
94.6863,51.4537,300
94.7009,19.9722,300
94.7010,19.8961,300
94.7068,22.7693,300
94.7102,19.4642,300
94.7141,18.5080,300
94.7200,17.8062,300
94.7238,16.5394,300
94.7255,19.0332,300
94.7264,52.4553,300
94.7291,16.3835,300
94.7395,28.4331,300
94.7395,22.7572,300
94.7407,21.5803,300
94.7434,19.8209,300
94.7435,19.1302,300
94.7435,50.8194,300
94.7435,27.8140,300
94.7438,27.4389,300
94.7483,23.1622,300
94.7493,30.8839,300
94.7616,18.7295,300
94.7617,29.7485,300
94.7629,21.5440,300
94.7661,15.0162,300
94.7671,21.6336,300
94.7758,18.4881,300
94.7780,15.2390,300
94.7780,17.6693,300
94.7828,23.7782,300
94.7839,19.8597,300
94.7847,18.9225,300
94.7880,19.2584,300
94.7941,15.8774,300
94.7948,14.2974,300
94.7997,18.3624,300
94.8058,26.0208,300
94.8085,19.3085,300
94.8088,31.4468,300
94.8092,32.6713,300
94.8099,24.1968,300
94.8139,23.0487,300
94.8227,14.9018,300
94.8228,17.4013,300
94.8228,34.2866,300
94.8266,17.9379,300
94.8273,33.8203,300
94.8317,20.4475,300
94.8336,18.7051,300
94.8342,20.2127,300
94.8403,16.8760,300
94.8413,13.6102,300
94.8435,25.6803,300
94.8439,29.0584,300
94.8486,18.3601,300
94.8487,31.9200,300
94.8488,21.2271,300
94.8536,18.0779,300
94.8576,32.4101,300
94.8609,22.9033,300
94.8668,23.3291,300
94.8695,14.5014,300
94.8733,25.3344,300
94.8871,22.3539,300
94.9041,30.3278,300
94.9043,18.9587,300
94.9061,18.2575,300
94.9071,20.7892,300
94.9102,19.7776,300
94.9152,17.9692,300
94.9236,10.2842,300
94.9246,32.2561,300
94.9267,17.5963,300
94.9289,22.3270,300
94.9291,25.7252,300
94.9331,27.2774,300
94.9344,21.8244,300
94.9387,28.6609,300
94.9460,14.5072,300
94.9497,21.9965,300
94.9528,18.8465,300
94.9560,16.3900,300
94.9586,21.4162,300
94.9598,22.8038,300
94.9659,17.8758,300
94.9767,3.4883,300
94.9768,18.1672,300
94.9768,22.3840,300
94.9787,28.0539,300
94.9815,21.4426,300
94.9874,28.3276,300
94.9945,18.6751,300
94.9962,17.6127,300
94.9993,22.7017,300
95.0013,21.0937,300
95.0014,20.4790,300
95.0042,31.0999,300
95.0120,18.9159,300
95.0136,21.6766,300
95.0155,20.9703,300
95.0191,17.3703,300
95.0216,31.8252,300
95.0294,18.7459,300
95.0303,13.9585,300
95.0349,18.7459,300
95.0358,12.2735,300
95.0401,18.1583,300
95.0402,17.9413,300
95.0402,22.4894,300
95.0414,30.6145,300
95.0433,21.9901,300
95.0500,32.6303,300
95.0508,19.1857,300
95.0571,24.1714,300
95.0572,20.9008,300
95.0648,43.5149,300
95.0679,49.4097,300
95.0688,19.0999,300
95.0688,21.2432,300
95.0698,25.8236,300
95.0772,30.4817,300
95.0805,30.7410,300
95.0844,18.7515,300
95.0941,18.3556,300
95.0973,26.2327,300
95.0994,21.4544,300
95.1053,25.6971,300
95.1054,18.1124,300
95.1103,20.6646,300
95.1104,28.0306,300
95.1192,20.1037,300
95.1203,18.1129,300
95.1227,25.8946,300
95.1301,25.2336,300
95.1302,13.7991,300
95.1376,17.6908,300
95.1377,19.8161,300
95.1434,11.8972,300
95.1447,19.4101,300
95.1454,22.8680,300
95.1485,21.8225,300
95.1511,19.7549,300
95.1537,19.3879,300
95.1596,15.3397,300
95.1596,22.3553,300
95.1639,20.1625,300
95.1793,14.7650,300
95.1794,19.4174,300
95.1838,18.4758,300
95.1846,22.2337,300
95.1908,16.5293,300
95.1936,24.3646,300
95.2054,18.9788,300
95.2130,18.2443,300
95.2132,26.6143,300
95.2132,22.2298,300
95.2311,29.3826,300
95.2335,20.8580,300
95.2336,20.7470,300
95.2353,19.8428,300
95.2384,28.3962,300
95.2385,21.9806,300
95.2564,28.7714,300
95.2654,20.2917,300
95.2655,21.0753,300
95.2825,18.1244,300
95.2879,44.2894,300
95.2879,32.6791,300
95.2987,14.2472,300
95.3004,31.7489,300
95.3010,22.7704,300
95.3051,23.8092,300
95.3249,21.7198,300
95.3271,18.2385,300
95.3272,19.4137,300
95.3280,17.2923,300
95.3441,17.7987,300
95.3511,18.9932,300
95.3591,26.4537,300
95.3621,22.8506,300
95.3628,28.1044,300
95.3697,18.3447,300
95.3721,16.5131,300
95.3742,21.0485,300
95.3771,18.3682,300
95.3941,30.6306,300
95.3965,23.4034,300
95.3975,23.9257,300
95.3984,23.0392,300
95.3989,33.0914,300
95.4017,29.8851,300
95.4036,27.9228,300
95.4083,24.9519,300
95.4084,16.9718,300
95.4227,17.1114,300
95.4243,23.9283,300
95.4252,57.0865,300
95.4253,31.3131,300
95.4269,24.9607,300
95.4274,37.6064,300
95.4277,24.0912,300
95.4302,24.0301,300
95.4307,26.4699,300
95.4319,28.4945,300
95.4319,62.8009,300
95.4359,38.9167,300
95.4360,41.2544,300
95.4427,18.4673,300
95.4450,33.2002,300
95.4506,24.2390,300
95.4535,22.0263,300
95.4555,22.6706,300
95.4691,25.6198,300
95.4718,16.3566,300
95.4747,23.4718,300
95.4780,20.1740,300
95.4807,42.9085,300
95.4845,28.6974,300
95.4866,17.9481,300
95.4915,18.3367,300
95.4976,26.6048,300
95.5016,18.3972,300
95.5017,18.2519,300
95.5028,18.5140,300
95.5082,18.8812,300
95.5109,13.3826,300
95.5110,26.9493,300
95.5120,23.6847,300
95.5192,33.0178,300
95.5204,18.0556,300
95.5256,26.6340,300
95.5268,28.5486,300
95.5368,16.0532,300
95.5379,19.8656,300
95.5385,19.2303,300
95.5392,19.0986,300
95.5438,23.4880,300
95.5445,19.6531,300
95.5468,21.4153,300
95.5485,22.8435,300
95.5518,19.5511,300
95.5595,17.4613,300
95.5664,23.9030,300
95.5892,26.1505,300
95.5893,34.7058,300
95.5893,25.0521,300
95.5893,33.3455,300
95.5893,26.0885,300
95.5908,52.0305,300
95.6001,22.5409,300
95.6012,26.7541,300
95.6040,19.3741,300
95.6127,19.6138,300
95.6279,32.2848,300
95.6314,19.1274,300
95.6397,33.9654,300
95.6405,19.6081,300
95.6407,19.7823,300
95.6494,19.2713,300
95.6495,24.1863,300
95.6495,23.1975,300
95.6505,21.3224,300
95.6518,79.3519,300
95.6550,19.9968,300
95.6599,54.0991,300
95.6604,21.1114,300
95.6630,19.4893,300
95.6687,17.7674,300
95.6687,53.0587,300
95.6737,18.6525,300
95.6741,33.1150,300
95.6771,30.4471,300
95.6877,26.7466,300
95.6899,22.1531,300
95.6923,22.7589,300
95.7065,15.8841,300
95.7191,20.8221,300
95.7210,18.8295,300
95.7249,15.1717,300
95.7258,20.4271,300
95.7298,22.3736,300
95.7347,20.2647,300
95.7347,35.1090,300
95.7348,35.3989,300
95.7390,24.5512,300
95.7416,28.5416,300
95.7417,21.8288,300
95.7503,24.1267,300
95.7504,53.3047,300
95.7504,28.5864,300
95.7543,19.4133,300
95.7571,20.4573,300
95.7601,18.2323,300
95.7602,34.7015,300
95.7682,25.8484,300
95.7839,18.9473,300
95.7924,16.0329,300
95.8018,26.4559,300
95.8071,21.1709,300
95.8078,15.5688,300
95.8088,20.0103,300
95.8157,28.5859,300
95.8304,18.6067,300
95.8305,30.2777,300
95.8405,20.2299,300
95.8428,21.2333,300
95.8600,32.2152,300
95.8601,12.7663,300
95.8608,20.8955,300
95.8687,22.7451,300
95.8688,24.3305,300
95.8706,20.1694,300
95.8735,20.1746,300
95.8756,15.4557,300
95.8774,18.4346,300
95.8819,17.5652,300
95.8820,30.0087,300
95.8863,17.0615,300
95.8902,24.5372,300
95.8917,14.7614,300
95.8937,12.6489,300
95.8947,14.1931,300
95.8992,14.5102,300
95.9008,18.1891,300
95.9015,14.6943,300
95.9018,21.3912,300
95.9022,23.4158,300
95.9058,23.9878,300
95.9126,15.0606,300
95.9128,24.7145,300
95.9144,19.7683,300
95.9151,20.8182,300
95.9156,23.6294,300
95.9226,18.5462,300
95.9294,17.7965,300
95.9322,18.2127,300
95.9328,33.3072,300
95.9352,19.9427,300
95.9371,21.0985,300
95.9372,13.5156,300
95.9429,23.3826,300
95.9439,25.0865,300
95.9439,20.5081,300
95.9499,20.8011,300
95.9555,26.2186,300
95.9576,17.1045,300
95.9634,26.1612,300
95.9645,26.8443,300
95.9673,9.9398,300
95.9676,20.5916,300
95.9676,18.5384,300
95.9712,26.8897,300
95.9712,25.6822,300
95.9745,21.2430,300
95.9761,20.7560,300
95.9781,21.0515,300
95.9789,22.6897,300
95.9816,22.2013,300
95.9849,16.7595,300
95.9923,30.1766,300
95.9967,21.7039,300
96.0033,115.2228,300
96.0042,19.9639,300
96.0062,27.4125,300
96.0081,17.5867,300
96.0142,18.3351,300
96.0170,29.8788,300
96.0171,28.8222,300
96.0174,20.1943,300
96.0219,19.6267,300
96.0241,22.4233,300
96.0242,55.7179,300
96.0255,21.2807,300
96.0263,27.6312,300
96.0277,22.7906,300
96.0278,26.2655,300
96.0318,22.1738,300
96.0345,25.3376,300
96.0394,20.2990,300
96.0450,3.5959,300
96.0451,17.6735,300
96.0463,19.7726,300
96.0532,26.8289,300
96.0609,31.5237,300
96.0618,27.1499,300
96.0619,18.7070,300
96.0623,67.1271,300
96.0627,23.1623,300
96.0636,25.2795,300
96.0668,23.8914,300
96.0687,21.9095,300
96.0706,24.8829,300
96.0726,24.4845,300
96.0746,22.6236,300
96.0785,27.1700,300
96.0802,27.2850,300
96.0865,19.1558,300
96.0865,32.2409,300
96.0983,26.2699,300
96.1030,17.1533,300
96.1040,19.2647,300
96.1060,18.7791,300
96.1093,21.8774,300
96.1093,16.5433,300
96.1113,19.8411,300
96.1120,22.2635,300
96.1152,22.9444,300
96.1183,27.6616,300
96.1184,17.7893,300
96.1211,24.9010,300
96.1239,23.2786,300
96.1251,20.3801,300
96.1256,18.1797,300
96.1367,9.2833,300
96.1382,13.5944,300
96.1415,32.8021,300
96.1511,21.6167,300
96.1512,17.6624,300
96.1553,21.0656,300
96.1554,20.9534,300
96.1554,24.5644,300
96.1601,17.5340,300
96.1602,19.1466,300
96.1614,23.2087,300
96.1616,23.0085,300
96.1625,24.7964,300
96.1626,24.7109,300
96.1659,21.3931,300
96.1683,24.9457,300
96.1708,35.1734,300
96.1777,20.2793,300
96.1816,18.2988,300
96.1817,26.0036,300
96.1873,18.6148,300
96.1874,20.2710,300
96.1879,25.8514,300
96.1894,22.1052,300
96.1995,21.7678,300
96.2005,27.9253,300
96.2168,12.9694,300
96.2169,18.1736,300
96.2169,18.9559,300
96.2197,22.1020,300
96.2197,23.0181,300
96.2198,24.8681,300
96.2276,19.3306,300
96.2277,26.1497,300
96.2334,15.4136,300
96.2351,19.5355,300
96.2538,16.3676,300
96.2558,17.9595,300
96.2588,15.1565,300
96.2627,20.0872,300
96.2628,20.0063,300
96.2666,26.1613,300
96.2715,18.0704,300
96.2736,25.9875,300
96.2766,32.2290,300
96.2767,21.4661,300
96.2772,23.2633,300
96.2805,25.6800,300
96.2838,22.3354,300
96.2891,18.0817,300
96.2913,26.9515,300
96.2921,20.4757,300
96.2941,23.5479,300
96.2991,17.3496,300
96.3048,11.6350,300
96.3054,19.2354,300
96.3061,24.1137,300
96.3072,26.9675,300
96.3124,26.4633,300
96.3134,21.5301,300
96.3155,18.6885,300
96.3214,30.2488,300
96.3216,20.4876,300
96.3216,21.1118,300
96.3216,23.5214,300
96.3216,24.9546,300
96.3227,59.5351,300
96.3272,56.5734,300
96.3281,33.7351,300
96.3289,26.9220,300
96.3332,30.0056,300
96.3333,25.9307,300
96.3333,31.9123,300
96.3360,30.9441,300
96.3360,26.7367,300
96.3380,33.4816,300
96.3411,33.6646,300
96.3427,26.2218,300
96.3436,61.8892,300
96.3446,32.3646,300
96.3446,34.0683,300
96.3446,37.7424,300
96.3446,34.4790,300
96.3454,33.6536,300
96.3487,43.2864,300
96.3507,36.7774,300
96.3517,37.6840,300
96.3546,41.8287,300
96.3551,41.8556,300
96.3558,39.4144,300
96.3575,51.4315,300
96.3587,40.4467,300
96.3604,38.6645,300
96.3617,41.4711,300
96.3647,52.2752,300
96.3656,39.9025,300
96.3704,51.7553,300
96.3760,36.9747,300
96.3793,33.7063,300
96.3817,40.4378,300
96.3838,36.3247,300
96.3892,31.0301,300
96.3904,24.8640,300
96.3936,30.1972,300
96.3945,31.1611,300
96.3946,33.3307,300
96.3972,28.8680,300
96.3972,34.3053,300
96.4015,43.7271,300
96.4022,28.4954,300
96.4029,34.7202,300
96.4042,44.2406,300
96.4103,31.1427,300
96.4148,26.7181,300
96.4195,12.0043,300
96.4271,16.6677,300
96.4282,34.8589,300
96.4339,15.9814,300
96.4427,14.0472,300
96.4427,33.6807,300
96.4481,18.8386,300
96.4489,22.8808,300
96.4554,18.0069,300
96.4554,33.4884,300
96.4568,26.4604,300
96.4578,22.9361,300
96.4603,21.4451,300
96.4609,22.3307,300
96.4621,32.3629,300
96.4634,24.9048,300
96.4690,23.1077,300
96.4719,34.0755,300
96.4737,23.7723,300
96.4746,17.0747,300
96.4816,18.6224,300
96.4816,27.8235,300
96.4817,26.8939,300
96.4835,22.4635,300
96.4847,24.7420,300
96.4857,20.2095,300
96.4857,26.4121,300
96.4906,27.3245,300
96.4935,18.6826,300
96.4965,31.2270,300
96.5013,30.1098,300
96.5022,20.4478,300
96.5072,33.0091,300
96.5170,20.0368,300
96.5268,29.7007,300
96.5269,21.3274,300
96.5313,16.5302,300
96.5313,19.6336,300
96.5317,21.3172,300
96.5355,30.1257,300
96.5355,23.0943,300
96.5472,12.2744,300
96.5521,21.2221,300
96.5540,30.0033,300
96.5565,16.8309,300
96.5579,22.8588,300
96.5595,24.5363,300
96.5619,19.0715,300
96.5619,19.7521,300
96.5650,24.0085,300
96.5651,20.8854,300
96.5660,30.3337,300
96.5666,26.3988,300
96.5677,22.0355,300
96.5687,36.0077,300
96.5726,27.7993,300
96.5755,19.2371,300
96.5756,30.9267,300
96.5775,24.7823,300
96.5775,26.4376,300
96.5794,20.0579,300
96.5795,34.9872,300
96.5801,40.6113,300
96.5802,35.6418,300
96.5912,24.6746,300
96.5948,20.4111,300
96.5971,18.0160,300
96.5980,22.6318,300
96.5987,23.1611,300
96.6000,32.1542,300
96.6012,33.8548,300
96.6029,31.1101,300
96.6127,16.8704,300
96.6176,21.8930,300
96.6200,50.9995,300
96.6200,19.4643,300
96.6200,21.7321,300
96.6234,20.8133,300
96.6254,20.2923,300
96.6283,19.3430,300
96.6288,26.1966,300
96.6320,19.7694,300
96.6381,17.8621,300
96.6431,25.8534,300
96.6507,17.7039,300
96.6527,18.2593,300
96.6592,15.6600,300
96.6597,20.4334,300
96.6651,31.8871,300
96.6671,18.7036,300
96.6739,20.7632,300
96.6794,19.4465,300
96.6850,18.8024,300
96.6851,20.6772,300
96.6935,3.4401,300
96.6953,16.1202,300
96.7012,29.3777,300
96.7017,66.3853,300
96.7081,17.2754,300
96.7100,20.5416,300
96.7113,23.3389,300
96.7129,19.9881,300
96.7149,18.9063,300
96.7198,16.1593,300
96.7227,26.2173,300
96.7288,23.3760,300
96.7337,18.6350,300
96.7343,21.4159,300
96.7343,21.3716,300
96.7355,25.8445,300
96.7362,31.5953,300
96.7363,27.3013,300
96.7376,22.4459,300
96.7388,27.3626,300
96.7414,26.7280,300
96.7416,29.8922,300
96.7475,22.5898,300
96.7514,30.1300,300
96.7514,28.0452,300
96.7580,60.6826,300
96.7595,21.5900,300
96.7603,28.5950,300
96.7670,32.5936,300
96.7707,26.6809,300
96.7727,18.2322,300
96.7744,18.7031,300
96.7758,25.6856,300
96.7783,16.8282,300
96.7788,20.5280,300
96.7789,119.4113,300
96.7800,25.5401,300
96.7801,29.5285,300
96.7822,27.7621,300
96.7832,30.7866,300
96.7850,24.7044,300
96.7863,31.1743,300
96.7909,31.9451,300
96.7932,35.4131,300
96.7990,117.7041,300
96.8000,26.2105,300
96.8086,33.5752,300
96.8127,18.3882,300
96.8171,25.1423,300
96.8205,26.5712,300
96.8274,29.9573,300
96.8362,31.2755,300
96.8378,18.8970,300
96.8460,27.9860,300
96.8528,18.5433,300
96.8616,24.9402,300
96.8666,21.9538,300
96.8723,23.9467,300
96.8724,19.7472,300
96.8741,23.7610,300
96.8794,23.4653,300
96.8912,20.4618,300
96.8941,18.2273,300
96.8942,36.5142,300
96.8945,21.8002,300
96.8950,31.2345,300
96.9049,15.8446,300
96.9108,14.8762,300
96.9115,30.5250,300
96.9145,18.3956,300
96.9199,23.9308,300
96.9214,32.0692,300
96.9217,15.0752,300
96.9257,28.6320,300
96.9273,27.5221,300
96.9305,18.3738,300
96.9321,18.4397,300
96.9346,20.2624,300
96.9412,14.6872,300
96.9421,24.3209,300
96.9453,16.6996,300
96.9482,5.9111,300
96.9482,23.9188,300
96.9482,18.6062,300
96.9525,25.1258,300
96.9526,26.0949,300
96.9526,22.9314,300
96.9544,27.6534,300
96.9545,34.5605,300
96.9548,27.2337,300
96.9571,25.0212,300
96.9610,29.2165,300
96.9668,35.1540,300
96.9669,18.8568,300
96.9669,16.7313,300
96.9681,26.3985,300
96.9743,32.9175,300
96.9802,29.5032,300
96.9823,18.9575,300
96.9888,18.7807,300
96.9958,19.0723,300
97.0004,18.2255,300
97.0056,18.6258,300
97.0088,27.4838,300
97.0138,18.9900,300
97.0150,49.2103,300
97.0155,20.7211,300
97.0199,14.8901,300
97.0325,20.7040,300
97.0326,20.5516,300
97.0396,18.3698,300
97.0397,61.7295,300
97.0413,19.6165,300
97.0503,32.0989,300
97.0504,23.4372,300
97.0504,19.6517,300
97.0507,26.8678,300
97.0508,26.2148,300
97.0573,20.4237,300
97.0618,19.4976,300
97.0672,21.4470,300
97.0687,20.3850,300
97.0701,18.9833,300
97.0771,18.3153,300
97.0836,17.8331,300
97.0837,20.4685,300
97.0849,21.4197,300
97.0878,23.3699,300
97.0937,16.4055,300
97.1074,16.6415,300
97.1075,17.3677,300
97.1090,27.2594,300
97.1093,20.4325,300
97.1107,20.0057,300
97.1182,17.9170,300
97.1192,18.7975,300
97.1204,19.5261,300
97.1208,20.3476,300
97.1213,19.9393,300
97.1240,22.4377,300
97.1250,22.3621,300
97.1270,30.0915,300
97.1324,29.2235,300
97.1360,18.3803,300
97.1373,17.1696,300
97.1399,45.9623,300
97.1586,19.3794,300
97.1640,17.5630,300
97.1642,33.1290,300
97.1720,21.2882,300
97.1722,75.9475,300
97.1722,21.3071,300
97.1848,21.5593,300
97.1877,18.6109,300
97.1885,23.3283,300
97.1895,26.6676,300
97.1896,35.3492,300
97.1925,21.8194,300
97.1974,20.4951,300
97.1975,26.5356,300
97.2008,19.2981,300
97.2019,27.3114,300
97.2037,20.3403,300
97.2039,24.4566,300
97.2046,30.5586,300
97.2077,30.6139,300
97.2200,17.3691,300
97.2200,28.1229,300
97.2200,25.5061,300
97.2200,31.7530,300
97.2207,25.4830,300
97.2214,34.0024,300
97.2282,22.5402,300
97.2289,31.2284,300
97.2290,33.7462,300
97.2298,27.6799,300
97.2298,33.8503,300
97.2364,36.7429,300
97.2394,30.2932,300
97.2411,22.5554,300
97.2434,22.9742,300
97.2435,36.7217,300
97.2443,29.1921,300
97.2450,26.7861,300
97.2496,23.9829,300
97.2497,22.0999,300
97.2615,17.8233,300
97.2684,24.3435,300
97.2685,22.1677,300
97.2685,22.0516,300
97.2697,30.2222,300
97.2712,23.8756,300
97.2803,15.6986,300
97.2818,26.3779,300
97.2900,14.1704,300
97.2918,15.0168,300
97.2943,17.9169,300
97.2955,19.0848,300
97.2984,9.7615,300
97.3035,16.9006,300
97.3069,18.8561,300
97.3195,27.0974,300
97.3269,18.6187,300
97.3317,22.7378,300
97.3318,20.7305,300
97.3332,21.4242,300
97.3405,13.1473,300
97.3406,21.2668,300
97.3482,19.6162,300
97.3491,24.2947,300
97.3505,20.5479,300
97.3536,19.7882,300
97.3542,18.0932,300
97.3581,22.5085,300
97.3590,24.2810,300
97.3617,32.8613,300
97.3618,19.2205,300
97.3640,18.4403,300
97.3668,19.6826,300
97.3677,24.6823,300
97.3708,16.4529,300
97.3716,29.1625,300
97.3731,32.4255,300
97.3775,20.4870,300
97.3796,21.2081,300
97.3804,20.3924,300
97.3804,24.7371,300
97.3814,28.5593,300
97.3834,19.4449,300
97.3855,29.1382,300
97.3876,22.4183,300
97.3876,38.5716,300
97.3887,29.3257,300
97.3924,23.8453,300
97.3927,36.9918,300
97.3932,27.2243,300
97.3946,29.8804,300
97.3991,18.8297,300
97.4032,20.7351,300
97.4039,24.6306,300
97.4059,28.2581,300
97.4094,22.9266,300
97.4104,30.6744,300
97.4112,26.9572,300
97.4127,31.8057,300
97.4134,12.7110,300
97.4166,25.6312,300
97.4183,29.6830,300
97.4215,49.5061,300
97.4289,5.1984,300
97.4313,23.8284,300
97.4313,23.7753,300
97.4379,17.2227,300
97.4407,13.3963,300
97.4546,16.4369,300
97.4556,19.0518,300
97.4666,13.2820,300
97.4694,20.1707,300
97.4733,26.3020,300
97.4773,14.0758,300
97.4775,24.1097,300
97.4797,18.9262,300
97.4808,22.6635,300
97.4821,30.4664,300
97.4850,18.4206,300
97.5037,24.6382,300
97.5116,16.1162,300
97.5117,20.3052,300
97.5212,24.1553,300
97.5232,51.4273,300
97.5233,23.3321,300
97.5311,18.8206,300
97.5311,19.2415,300
97.5312,19.2170,300
97.5389,26.3398,300
97.5390,20.2161,300
97.5417,21.0226,300
97.5418,20.3057,300
97.5426,30.3039,300
97.5487,20.5614,300
97.5525,17.9386,300
97.5591,11.3094,300
97.5649,17.6710,300
97.5672,18.7147,300
97.5681,17.2399,300
97.5723,18.6322,300
97.5729,18.4979,300
97.5749,19.6203,300
97.5779,18.7223,300
97.5779,32.0309,300
97.5837,18.6606,300
97.5857,17.5981,300
97.5866,23.3582,300
97.5896,23.0943,300
97.5936,17.0965,300
97.5955,28.7432,300
97.5956,13.4792,300
97.5974,26.8202,300
97.6052,24.8752,300
97.6141,15.2026,300
97.6221,14.3514,300
97.6230,23.8439,300
97.6298,21.2567,300
97.6359,23.4841,300
97.6442,18.5151,300
97.6463,22.4304,300
97.6468,21.3353,300
97.6469,21.2577,300
97.6473,23.7685,300
97.6498,27.5288,300
97.6554,31.6016,300
97.6556,25.8965,300
97.6612,29.3699,300
97.6701,15.1589,300
97.6701,18.7869,300
97.6738,15.1258,300
97.6787,25.2655,300
97.6789,22.1500,300
97.6792,26.3467,300
97.6813,21.6312,300
97.6892,27.5552,300
97.6892,32.7715,300
97.6953,17.1104,300
97.6953,21.4263,300
97.7031,28.1973,300
97.7035,27.8473,300
97.7100,18.7610,300
97.7126,17.9252,300
97.7165,24.1986,300
97.7226,17.9799,300
97.7296,13.1227,300
97.7309,13.7479,300
97.7345,17.4039,300
97.7363,19.8034,300
97.7364,19.6789,300
97.7461,16.0725,300
97.7471,19.5053,300
97.7501,16.4744,300
97.7511,31.2280,300
97.7520,18.5619,300
97.7549,27.4402,300
97.7661,16.8684,300
97.7696,25.7848,300
97.7765,17.7367,300
97.7777,26.6549,300
97.7814,18.4103,300
97.7881,17.7651,300
97.7885,17.4149,300
97.7887,29.4974,300
97.7911,22.6998,300
97.7920,30.2677,300
97.7971,31.4729,300
97.7979,23.5736,300
97.7987,26.8283,300
97.8047,25.9529,300
97.8087,21.8972,300
97.8107,17.8953,300
97.8166,32.4456,300
97.8167,20.4533,300
97.8215,11.2361,300
97.8307,4.5975,300
97.8320,23.8512,300
97.8353,17.3501,300
97.8382,18.1144,300
97.8447,19.6843,300
97.8458,20.2496,300
97.8519,18.9026,300
97.8551,19.9632,300
97.8583,19.4465,300
97.8641,20.7726,300
97.8669,23.4701,300
97.8681,31.2862,300
97.8698,19.8413,300
97.8808,18.8794,300
97.8844,19.8677,300
97.8848,33.5806,300
97.8876,30.7169,300
97.8878,22.2497,300
97.8944,18.6197,300
97.8945,23.8039,300
97.8951,29.5494,300
97.9011,16.7288,300
97.9081,18.7733,300
97.9111,20.9283,300
97.9118,19.5785,300
97.9240,16.1297,300
97.9299,20.4176,300
97.9300,28.6776,300
97.9319,18.9741,300
97.9326,27.7311,300
97.9372,18.7045,300
97.9443,16.5861,300
97.9550,18.3844,300
97.9567,12.1095,300
97.9576,17.9475,300
97.9598,28.2473,300
97.9680,20.5181,300
97.9686,27.7298,300
97.9688,30.8612,300
97.9699,18.6891,300
97.9766,29.5488,300
97.9897,18.2317,300
97.9898,18.8711,300
97.9923,65.0828,300
97.9987,15.1622,300
97.9991,27.8769,300
98.0000,24.5443,300
98.0023,19.7602,300
98.0025,22.2723,300
98.0055,50.8772,300
98.0111,26.9264,300
98.0112,26.7603,300
98.0112,18.8434,300
98.0150,31.8136,300
98.0151,30.6576,300
98.0229,14.9746,300
98.0243,22.5372,300
98.0277,12.1597,300
98.0283,18.7495,300
98.0316,11.3334,300
98.0365,29.8951,300
98.0423,17.7769,300
98.0431,26.3233,300
98.0512,17.5635,300
98.0591,18.1690,300
98.0629,17.5188,300
98.0629,26.7603,300
98.0679,15.3212,300
98.0686,19.5026,300
98.0713,27.4016,300
98.0776,55.5201,300
98.0827,33.2278,300
98.0884,20.5401,300
98.0925,18.6948,300
98.0954,15.7441,300
98.0976,20.9053,300
98.0987,19.8066,300
98.1013,17.9750,300
98.1042,18.1290,300
98.1052,24.2821,300
98.1140,19.7626,300
98.1177,29.1826,300
98.1191,19.2525,300
98.1205,21.8494,300
98.1211,20.3756,300
98.1222,22.4014,300
98.1323,16.3156,300
98.1334,30.0663,300
98.1352,28.2702,300
98.1353,21.3931,300
98.1440,19.5307,300
98.1460,25.3966,300
98.1469,20.0061,300
98.1555,18.1084,300
98.1592,13.2139,300
98.1626,23.8376,300
98.1638,31.0494,300
98.1639,21.2736,300
98.1666,28.8375,300
98.1707,18.4241,300
98.1708,21.0710,300
98.1727,20.1426,300
98.1735,7.7265,300
98.1764,21.3037,300
98.1765,22.5135,300
98.1775,24.5105,300
98.1782,25.8934,300
98.1840,20.8163,300
98.1849,21.8333,300
98.1882,21.0945,300
98.1883,31.2799,300
98.1920,25.3603,300
98.1957,27.7246,300
98.1957,21.6137,300
98.2011,13.2211,300
98.2025,27.7632,300
98.2031,21.0288,300
98.2051,17.2683,300
98.2075,22.6985,300
98.2141,23.9065,300
98.2183,25.4799,300
98.2212,18.5485,300
98.2321,20.2200,300
98.2383,17.8999,300
98.2489,74.1326,300
98.2501,22.8977,300
98.2541,21.7032,300
98.2553,20.2972,300
98.2560,25.5384,300
98.2656,17.5707,300
98.2687,14.5855,300
98.2715,31.5414,300
98.2846,25.9448,300
98.2847,20.8101,300
98.2916,20.8079,300
98.2918,18.7788,300
98.2980,20.2314,300
98.2981,20.1315,300
98.3000,31.4555,300
98.3022,20.9378,300
98.3069,21.4592,300
98.3125,16.9290,300
98.3180,21.6425,300
98.3293,25.0860,300
98.3325,24.5126,300
98.3357,18.7365,300
98.3390,18.8418,300
98.3398,22.1946,300
98.3473,25.4036,300
98.3476,20.0709,300
98.3532,23.3517,300
98.3572,16.9529,300
98.3603,23.2112,300
98.3611,19.5253,300
98.3650,17.6318,300
98.3666,19.5409,300
98.3728,26.9414,300
98.3757,30.4109,300
98.3777,21.9754,300
98.3787,18.0537,300
98.3788,20.9753,300
98.3793,37.2163,300
98.3813,22.8073,300
98.3891,17.0378,300
98.3940,18.2437,300
98.4080,64.7247,300
98.4151,19.8380,300
98.4180,117.4475,300
98.4189,34.3849,300
98.4200,26.9024,300
98.4310,22.3009,300
98.4369,26.7312,300
98.4418,18.6331,300
98.4487,23.9798,300
98.4545,18.7424,300
98.4577,26.3836,300
98.4590,25.2538,300
98.4718,23.7964,300
98.4749,18.9271,300
98.4761,17.2529,300
98.4777,28.4645,300
98.4782,27.4253,300
98.4810,25.1350,300
98.4840,12.2884,300
98.4878,18.3911,300
98.4895,18.3133,300
98.5003,18.2807,300
98.5017,12.4781,300
98.5042,20.7913,300
98.5043,20.6817,300
98.5090,32.9574,300
98.5120,12.3946,300
98.5175,18.1713,300
98.5177,22.4391,300
98.5214,20.3667,300
98.5294,17.1451,300
98.5321,29.0391,300
98.5384,23.6367,300
98.5395,24.0928,300
98.5420,22.8344,300
98.5477,25.4925,300
98.5494,18.8980,300
98.5627,19.1988,300
98.5635,28.1437,300
98.5637,27.9542,300
98.5643,22.4111,300
98.5655,23.7703,300
98.5680,23.6561,300
98.5680,34.3989,300
98.5721,22.7905,300
98.5730,27.5747,300
98.5741,30.6040,300
98.5742,26.3708,300
98.5794,25.8279,300
98.5807,59.0808,300
98.5823,32.8092,300
98.5833,21.9290,300
98.5877,31.3174,300
98.5895,19.3046,300
98.5900,25.1293,300
98.5917,26.8746,300
98.5986,19.9381,300
98.6064,24.8696,300
98.6263,19.7777,300
98.6264,19.7849,300
98.6330,17.5201,300
98.6331,18.3713,300
98.6372,17.2304,300
98.6395,20.5757,300
98.6420,14.7702,300
98.6450,18.3575,300
98.6450,18.4012,300
98.6476,21.4654,300
98.6534,15.6226,300
98.6566,13.9012,300
98.6567,25.1026,300
98.6623,22.6100,300
98.6624,25.7895,300
98.6680,26.7643,300
98.6749,15.6174,300
98.6750,19.7621,300
98.6761,18.1379,300
98.6838,18.5861,300
98.6840,20.0261,300
98.6872,19.0208,300
98.6949,19.2051,300
98.6975,27.3513,300
98.6976,32.0558,300
98.6977,23.0945,300
98.6983,24.5033,300
98.7102,21.0116,300
98.7148,22.0091,300
98.7249,18.2350,300
98.7278,18.1056,300
98.7313,17.3788,300
98.7336,15.6574,300
98.7338,22.7915,300
98.7355,19.2915,300
98.7366,29.6772,300
98.7371,28.5628,300
98.7444,15.8939,300
98.7471,12.3664,300
98.7482,17.5280,300
98.7502,26.7506,300
98.7619,19.8250,300
98.7620,29.2177,300
98.7657,19.9400,300
98.7706,17.6994,300
98.7715,20.0615,300
98.7761,17.9414,300
98.7780,20.8097,300
98.7802,27.1268,300
98.7803,5.5898,300
98.7869,18.5879,300
98.7870,18.5242,300
98.7959,23.8243,300
98.8015,18.1655,300
98.8017,28.7549,300
98.8022,21.1978,300
98.8096,19.3570,300
98.8097,5.8110,300
98.8147,31.4257,300
98.8185,23.1317,300
98.8279,52.8089,300
98.8290,13.3675,300
98.8290,21.5172,300
98.8315,20.4731,300
98.8355,18.4931,300
98.8365,34.0348,300
98.8437,14.7676,300
98.8438,18.4519,300
98.8497,10.5021,300
98.8517,18.9031,300
98.8518,19.2412,300
98.8574,23.2884,300
98.8579,35.8386,300
98.8593,13.4833,300
98.8618,31.9085,300
98.8721,27.4694,300
98.8760,17.9552,300
98.8761,22.9391,300
98.8795,19.4456,300
98.8825,22.6581,300
98.8832,18.9336,300
98.8839,21.2475,300
98.8844,24.4003,300
98.8891,20.2974,300
98.8923,19.9687,300
98.8929,19.2919,300
98.8938,21.9578,300
98.8980,21.9540,300
98.8981,24.5383,300
98.9011,21.5738,300
98.9043,23.2513,300
98.9049,18.2358,300
98.9108,13.0344,300
98.9120,28.9122,300
98.9124,28.2271,300
98.9176,15.3058,300
98.9231,17.0495,300
98.9231,15.0696,300
98.9264,31.5800,300
98.9286,18.6811,300
98.9288,30.7828,300
98.9298,32.7280,300
98.9323,20.8096,300
98.9323,22.0444,300
98.9323,35.8861,300
98.9371,63.1075,300
98.9397,20.6549,300
98.9403,22.2529,300
98.9446,24.0273,300
98.9450,35.0662,300
98.9463,25.3746,300
98.9485,28.4376,300
98.9515,18.6411,300
98.9534,25.3988,300
98.9554,27.0493,300
98.9577,51.5155,300
98.9594,21.7335,300
98.9642,15.8992,300
98.9643,21.8197,300
98.9648,26.4253,300
98.9671,27.2119,300
98.9681,28.7024,300
98.9740,11.6528,300
98.9760,22.7949,300
98.9761,21.5736,300
98.9761,23.2336,300
98.9765,23.6413,300
98.9776,28.4995,300
98.9781,60.8528,300
98.9798,35.8198,300
98.9811,28.0699,300
98.9819,29.6967,300
98.9911,20.8657,300
98.9955,21.2344,300
99.0021,22.3933,300
99.0051,19.9149,300
99.0081,26.6048,300
99.0093,29.7450,300
99.0095,18.8255,300
99.0150,13.3460,300
99.0166,31.9013,300
99.0208,13.8894,300
99.0266,27.1207,300
99.0274,13.4519,300
99.0305,17.3828,300
99.0336,30.6445,300
99.0373,14.0298,300
99.0403,17.2207,300
99.0471,17.7751,300
99.0532,14.8331,300
99.0618,20.8724,300
99.0735,16.5132,300
99.0804,49.9472,300
99.0813,18.5159,300
99.0814,30.1207,300
99.0877,20.8500,300
99.0985,23.9555,300
99.0986,15.5910,300
99.0997,32.8840,300
99.1019,16.3898,300
99.1021,23.8647,300
99.1021,20.9993,300
99.1021,25.3862,300
99.1033,24.2228,300
99.1081,27.5000,300
99.1124,23.2416,300
99.1148,20.4319,300
99.1189,19.0204,300
99.1209,17.4557,300
99.1210,20.2956,300
99.1210,22.5787,300
99.1252,28.2644,300
99.1257,32.0350,300
99.1317,29.8251,300
99.1354,29.7923,300
99.1355,21.9916,300
99.1407,17.5303,300
99.1408,16.9527,300
99.1579,29.3688,300
99.1615,16.7448,300
99.1680,14.3331,300
99.1681,19.8639,300
99.1719,18.0515,300
99.1833,23.8827,300
99.1859,17.3020,300
99.1921,21.8768,300
99.1923,19.3255,300
99.1929,18.7525,300
99.2031,18.2330,300
99.2102,26.7240,300
99.2162,19.5379,300
99.2186,17.1910,300
99.2271,3.7173,300
99.2340,27.8446,300
99.2342,21.3856,300
99.2356,20.4502,300
99.2448,19.1074,300
99.2508,16.5889,300
99.2513,27.8493,300
99.2660,29.6682,300
99.2741,13.9422,300
99.2742,19.4290,300
99.2838,15.8476,300
99.2839,23.9189,300
99.2839,32.4086,300
99.2839,23.8888,300
99.2892,18.5629,300
99.3078,27.4583,300
99.3085,33.4609,300
99.3091,17.6368,300
99.3148,19.7999,300
99.3254,18.9127,300
99.3269,29.5827,300
99.3351,24.3974,300
99.3356,20.9115,300
99.3432,15.7603,300
99.3491,18.4977,300
99.3492,33.2984,300
99.3523,21.6658,300
99.3554,18.5625,300
99.3699,25.0818,300
99.3718,22.2764,300
99.3747,31.9771,300
99.3776,11.5917,300
99.3780,20.1232,300
99.3781,20.5927,300
99.3808,53.6079,300
99.3896,4.5439,300
99.3897,22.0014,300
99.3918,19.8217,300
99.3967,26.3001,300
99.4006,19.1006,300
99.4017,16.1501,300
99.4054,16.9620,300
99.4061,19.9007,300
99.4095,17.1360,300
99.4205,18.5347,300
99.4219,32.4926,300
99.4253,23.1051,300
99.4326,15.8658,300
99.4355,19.4438,300
99.4362,23.7170,300
99.4388,19.0156,300
99.4416,18.3014,300
99.4417,22.5204,300
99.4421,25.7691,300
99.4496,28.0622,300
99.4530,27.2055,300
99.4557,21.5117,300
99.4558,20.6050,300
99.4567,24.4233,300
99.4628,18.2868,300
99.4628,20.4933,300
99.4640,21.4129,300
99.4641,29.2735,300
99.4646,25.8786,300
99.4705,22.8616,300
99.4761,18.0836,300
99.4866,18.3398,300
99.4867,18.4891,300
99.4896,29.7487,300
99.4896,24.0789,300
99.4921,21.6367,300
99.4957,21.0904,300
99.4974,25.9779,300
99.4977,34.3645,300
99.5005,20.0525,300
99.5007,19.4383,300
99.5043,22.4467,300
99.5049,21.8070,300
99.5074,15.9614,300
99.5076,23.7447,300
99.5093,33.3525,300
99.5115,31.2221,300
99.5131,16.0511,300
99.5131,25.2770,300
99.5168,28.9902,300
99.5205,34.0061,300
99.5228,22.9252,300
99.5317,26.7875,300
99.5318,14.4372,300
99.5369,26.9589,300
99.5387,12.7836,300
99.5461,9.2990,300
99.5485,23.3639,300
99.5518,12.9420,300
99.5518,20.1829,300
99.5536,17.2830,300
99.5543,17.7512,300
99.5624,29.9904,300
99.5641,21.5561,300
99.5663,17.2180,300
99.5691,24.9007,300
99.5696,19.6290,300
99.5706,26.0200,300
99.5730,19.9907,300
99.5743,29.2323,300
99.5767,28.1962,300
99.5775,30.1829,300
99.5814,12.6860,300
99.5847,39.8658,300
99.5884,14.2506,300
99.6034,16.3409,300
99.6095,19.0597,300
99.6107,25.2380,300
99.6149,18.5656,300
99.6150,27.3337,300
99.6176,21.2977,300
99.6232,25.0350,300
99.6237,15.1683,300
99.6264,28.1669,300
99.6323,19.8780,300
99.6351,15.3575,300
99.6408,27.0196,300
99.6473,30.3329,300
99.6474,19.7237,300
99.6483,25.4604,300
99.6487,24.1019,300
99.6574,26.1828,300
99.6604,26.1638,300
99.6654,18.1883,300
99.6661,29.1722,300
99.6820,21.9426,300
99.6848,17.3587,300
99.6970,17.4559,300
99.6981,26.0289,300
99.6982,29.7010,300
99.7010,18.5914,300
99.7044,28.4041,300
99.7093,13.2397,300
99.7122,14.4759,300
99.7147,25.3317,300
99.7171,22.9436,300
99.7185,15.8959,300
99.7215,4.9013,300
99.7218,30.8056,300
99.7238,27.9047,300
99.7249,21.8867,300
99.7249,70.3639,300
99.7249,22.3056,300
99.7328,20.7539,300
99.7359,22.4547,300
99.7391,29.4417,300
99.7399,18.4219,300
99.7410,20.1453,300
99.7449,25.7050,300
99.7473,21.7548,300
99.7473,20.3862,300
99.7538,23.8902,300
99.7539,53.1390,300
99.7567,17.7359,300
99.7571,5.9626,300
99.7604,17.2489,300
99.7610,25.4327,300
99.7620,19.5462,300
99.7631,25.5205,300
99.7632,29.4747,300
99.7665,21.3158,300
99.7691,23.5978,300
99.7771,27.0624,300
99.7860,18.1969,300
99.7877,29.0478,300
99.7877,31.6307,300
99.7877,33.3737,300
99.7972,28.2370,300
99.8002,15.6509,300
99.8041,16.4910,300
99.8144,25.8846,300
99.8151,18.1320,300
99.8265,22.2550,300
99.8285,24.9175,300
99.8315,4.0229,300
99.8324,20.6221,300
99.8352,18.2181,300
99.8454,13.4293,300
99.8478,18.9454,300
99.8489,14.7704,300
99.8527,16.7465,300
99.8548,18.5768,300
99.8549,31.5259,300
99.8597,18.1703,300
99.8627,19.3250,300
99.8632,22.7602,300
99.8633,22.6209,300
99.8697,12.3036,300
99.8734,17.4138,300
99.8768,20.3528,300
99.8769,20.2785,300
99.8811,17.7122,300
99.8848,25.3677,300
99.8895,17.2012,300
99.8904,29.1093,300
99.8904,31.3377,300
99.8925,21.3211,300
99.8933,17.6814,300
99.8972,23.6704,300
99.8980,22.0008,300
99.8980,38.9183,300
99.8989,30.3175,300
99.9091,15.5989,300
99.9129,18.4086,300
99.9137,17.7714,300
99.9237,16.1017,300
99.9289,16.6119,300
99.9295,20.1791,300
99.9296,23.3024,300
99.9299,23.2354,300
99.9311,22.0644,300
99.9358,33.4812,300
99.9370,20.7984,300
99.9370,24.0921,300
99.9387,25.1330,300
99.9394,20.8448,300
99.9444,28.8542,300
99.9457,23.6171,300
99.9483,20.9648,300
99.9514,21.0039,300
99.9528,26.2593,300
99.9637,19.4339,300
99.9642,26.4200,300
99.9661,19.9845,300
99.9709,19.0247,300
99.9735,25.9011,300
99.9743,22.5724,300
99.9748,23.1069,300
99.9767,34.9120,300
99.9821,23.7283,300
99.9849,17.7349,300
99.9895,28.3466,300
99.9926,25.0505,300
100.0027,26.1194,300
100.0027,28.9097,300
100.0047,18.0267,300
100.0076,34.3774,300
100.0078,21.0057,300
100.0106,24.0453,300
100.0108,26.9592,300
100.0145,20.1993,300
100.0168,14.8123,150
100.0296,23.5250,150
100.0366,27.0225,150
100.0511,22.9410,150
100.0625,21.7987,150
100.0626,36.3542,150
100.0977,27.0028,150
100.0978,20.2467,150
100.1090,35.1095,150
100.1091,22.2927,150
100.1258,18.3544,150
100.1413,24.0682,150
100.1510,65.1339,150
100.1573,21.4294,150
100.1595,25.3797,150
100.1664,18.5029,150
100.1679,26.5783,150
100.1934,26.6797,150
100.1935,25.6588,150
100.1935,21.4191,150
100.2001,23.5783,150
100.2017,18.4809,150
100.2019,18.2208,150
100.2049,19.3647,150
100.2141,28.8296,150
100.2145,19.6309,150
100.2178,13.3682,150
100.2226,25.5412,150
100.2278,20.2897,150
100.2303,20.2851,150
100.2321,15.7781,150
100.2329,30.2122,150
100.2369,19.1791,150
100.2377,25.3066,150
100.2379,32.6251,150
100.2448,21.2318,150
100.2538,20.2486,150
100.2690,19.8808,150
100.3008,18.5588,150
100.3438,23.0194,150
100.3441,24.7237,150
100.3507,20.7746,150
100.3510,34.9974,150
100.3536,22.0939,150
100.3571,21.2654,150
100.3635,14.8874,150
100.3683,21.2530,150
100.3826,24.2615,150
100.4117,21.8516,150
100.4194,33.3241,150
100.4386,29.3237,150
100.4400,24.5283,150
100.4413,19.0837,150
100.4427,21.7447,150
100.4485,28.5293,150
100.4519,27.8544,150
100.4530,19.8427,150
100.4707,18.5081,150
100.4717,25.7886,150
100.4783,25.1743,150
100.4894,19.4996,150
100.4909,20.5438,150
100.5025,56.8153,150
100.5030,29.9244,150
100.5072,23.3198,150
100.5352,19.3985,150
100.5414,27.1065,150
100.5668,24.8624,150
100.5668,16.5851,150
100.5776,27.8015,150
100.5815,18.9603,150
100.5854,19.9261,150
100.5883,30.0460,150
100.5897,17.7151,150
100.5907,19.9586,150
100.5953,23.0343,150
100.6034,19.9416,150
100.6084,18.0333,150
100.6155,26.6653,150
100.6202,22.4815,150
100.6251,22.7003,150
100.6290,18.8128,150
100.6340,16.6341,150
100.6437,20.5972,150
100.6439,21.7318,150
100.6461,19.8807,150
100.6480,27.9694,150
100.6493,23.0946,150
100.6593,19.2645,150
100.6645,19.9605,150
100.6673,32.8917,150
100.6752,20.0572,150
100.6759,19.3297,150
100.6836,19.6170,150
100.6933,20.1987,150
100.7030,13.2616,150
100.7107,5.6135,150
100.7202,31.9064,150
100.7246,19.6988,150
100.7412,16.3818,150
100.7491,27.9547,150
100.7673,16.9495,150
100.7773,17.8680,150
100.7819,32.9421,150
100.7842,19.9937,150
100.8130,28.7748,150
100.8178,28.5092,150
100.8249,19.0034,150
100.8389,26.2176,150
100.8391,21.9380,150
100.8399,33.3456,150
100.8418,23.3758,150
100.8567,21.3042,150
100.8616,57.2169,150
100.8670,19.5977,150
100.8699,22.2064,150
100.8716,15.0227,150
100.8825,19.4156,150
100.8844,27.9697,150
100.8849,21.3518,150
100.9045,19.4647,150
100.9061,19.8498,150
100.9084,18.5261,150
100.9185,29.6206,150
100.9236,15.4276,150
100.9520,19.0380,150
100.9550,16.0907,150
100.9726,21.3546,150
100.9786,20.0471,150
100.9804,25.2849,150
100.9881,19.6001,150
101.0037,20.0083,150
101.0038,23.9256,150
101.0178,19.6620,150
101.0180,25.1144,150
101.0187,18.8266,150
101.0218,21.3719,150
101.0256,20.2455,150
101.0266,22.1621,150
101.0267,34.2121,150
101.0284,20.3898,150
101.0535,23.1754,150
101.0756,15.1339,150
101.0780,20.5188,150
101.0854,23.8899,150
101.0899,19.4240,150
101.0899,21.1365,150
101.0976,16.9041,150
101.1185,13.0271,150
101.1331,20.9299,150
101.1521,16.5629,150
101.1646,19.0993,150
101.1793,28.3291,150
101.1915,19.6912,150
101.1932,27.5887,150
101.1933,27.4518,150
101.1949,21.5944,150
101.2062,31.3238,150
101.2132,19.6143,150
101.2152,29.5555,150
101.2222,33.7141,150
101.2295,19.4095,150
101.2297,23.4785,150
101.2324,20.7153,150
101.2376,33.0432,150
101.2402,23.0577,150
101.2404,22.0452,150
101.2448,18.4779,150
101.2514,18.9163,150
101.2631,21.1065,150
101.2705,25.0837,150
101.2733,19.2268,150
101.2819,31.7885,150
101.2821,26.3967,150
101.2878,17.7659,150
101.2923,22.2559,150
101.3157,17.3503,150
101.3159,29.9266,150
101.3205,25.3906,150
101.3227,20.4105,150
101.3302,16.9284,150
101.3434,19.6770,150
101.3532,24.2652,150
101.3563,23.0082,150
101.3701,26.7602,150
101.3906,16.0077,150
101.4005,19.8941,150
101.4046,16.3276,150
101.4149,29.0635,150
101.4218,24.7868,150
101.4246,22.6836,150
101.4325,24.2217,150
101.4356,25.1792,150
101.4395,31.6556,150
101.4475,16.3499,150
101.4486,29.2870,150
101.4486,21.5756,150
101.4537,28.5813,150
101.4622,20.0582,150
101.4767,16.2366,150
101.4777,16.2457,150
101.4806,26.1978,150
101.4915,19.2698,150
101.4962,4.5228,150
101.5148,22.9777,150
101.5251,33.5683,150
101.5325,17.6014,150
101.5401,23.5406,150
101.5411,22.4934,150
101.5470,18.2052,150
101.5471,19.2029,150
101.5481,15.5462,150
101.5540,20.7025,150
101.5611,13.6515,150
101.5612,22.2228,150
101.5618,22.5282,150
101.5679,25.7898,150
101.5770,14.4017,150
101.5821,29.0164,150
101.5899,21.2257,150
101.5978,51.7836,150
101.6145,25.3588,150
101.6252,29.4281,150
101.6254,34.7546,150
101.6311,28.9684,150
101.6444,35.6151,150
101.6470,26.4865,150
101.6647,19.5025,150
101.6714,33.6684,150
101.6716,32.4648,150
101.6837,21.9302,150
101.6904,20.3562,150
101.7058,13.8414,150
101.7124,18.2632,150
101.7194,19.2462,150
101.7450,20.3034,150
101.7509,19.2621,150
101.7803,19.1862,150
101.7948,51.2041,150
101.7956,29.9700,150
101.8229,20.2150,150
101.8535,19.3407,150
101.8577,26.5110,150
101.8579,27.3632,150
101.8606,16.3677,150
101.8768,21.7524,150
101.8779,21.1481,150
101.8825,19.5120,150
101.8963,22.0916,150
101.9002,26.6777,150
101.9013,19.1513,150
101.9060,25.9224,150
101.9255,17.1816,150
101.9261,15.9116,150
101.9267,25.0034,150
101.9306,15.8472,150
101.9357,20.4771,150
101.9548,25.9460,150
101.9560,19.2200,150
101.9770,26.6591,150
101.9772,24.7744,150
101.9785,21.4873,150
101.9883,32.0677,150
101.9980,28.0066,150
102.0058,20.1749,150
102.0175,22.6368,150
102.0239,21.8604,150
102.0344,5.7783,150
102.0507,20.5120,150
102.0862,17.1335,150
102.0936,21.3671,150
102.1035,22.4469,150
102.1538,26.2389,150
102.1542,30.1639,150
102.1589,20.0262,150
102.1666,28.2520,150
102.1830,31.0536,150
102.1831,30.9061,150
102.1871,16.7695,150
102.1925,31.8248,150
102.2025,29.9373,150
102.2216,16.0190,150
102.2298,23.1653,150
102.2299,22.9831,150
102.2395,18.6578,150
102.2464,16.8747,150
102.2471,50.4968,150
102.2477,24.3231,150
102.2514,20.7509,150
102.2662,22.9953,150
102.2663,35.2477,150
102.2768,16.4768,150
102.2866,23.1380,150
102.2930,31.8572,150
102.3083,17.6676,150
102.3133,12.6829,150
102.3204,18.7757,150
102.3205,18.3596,150
102.3250,65.5008,150
102.3284,27.4719,150
102.3286,21.2290,150
102.3389,30.4560,150
102.3456,26.3014,150
102.3499,23.1261,150
102.3500,20.9107,150
102.3513,19.9261,150
102.3556,31.0200,150
102.3556,25.1298,150
102.3614,4.9382,150
102.3693,26.4500,150
102.4170,19.7922,150
102.4219,19.4272,150
102.4268,24.8422,150
102.4307,13.2233,150
102.4452,14.5999,150
102.4539,19.2055,150
102.4541,25.0813,150
102.4570,19.2160,150
102.4634,60.5077,150
102.4635,30.3837,150
102.4685,17.7051,150
102.4686,26.2305,150
102.4697,25.1322,150
102.4763,26.9225,150
102.4858,19.5847,150
102.4883,29.2387,150
102.4898,27.7267,150
102.5010,26.2967,150
102.5011,29.2070,150
102.5011,22.0535,150
102.5023,28.5690,150
102.5025,36.3214,150
102.5112,6.3118,150
102.5162,18.2680,150
102.5227,22.7968,150
102.5259,21.7441,150
102.5272,18.2776,150
102.5320,17.2335,150
102.5365,17.8259,150
102.5376,22.9836,150
102.5384,22.1735,150
102.5465,29.9682,150
102.5555,20.9344,150
102.5572,25.8564,150
102.5574,25.7269,150
102.5587,30.9227,150
102.5594,22.3791,150
102.5670,24.1411,150
102.5949,23.5983,150
102.5951,30.9529,150
102.6069,19.1960,150
102.6171,23.7771,150
102.6259,26.4749,150
102.6322,29.1946,150
102.6390,24.5065,150
102.6664,18.9530,150
102.6666,21.6999,150
102.6680,22.0740,150
102.6703,20.4362,150
102.6704,25.3392,150
102.6752,15.2174,150
102.6757,29.7592,150
102.6845,21.8751,150
102.6881,16.9040,150
102.6948,32.9268,150
102.7054,30.5325,150
102.7077,27.0475,150
102.7078,28.1725,150
102.7331,33.4738,150
102.7400,18.2864,150
102.7490,20.5262,150
102.7510,22.4508,150
102.7913,19.1213,150
102.7943,19.3809,150
102.7949,20.8889,150
102.8198,12.9638,150
102.8289,22.8247,150
102.8291,34.7773,150
102.8325,23.6106,150
102.8377,18.3938,150
102.8443,19.5331,150
102.8550,22.5930,150
102.8577,19.4954,150
102.8578,25.8160,150
102.8584,22.0529,150
102.8965,21.5558,150
102.8967,33.7097,150
102.8984,40.2745,150
102.8990,22.5024,150
102.9109,19.4435,150
102.9279,28.8698,150
102.9281,28.6646,150
102.9405,22.0813,150
102.9416,31.1752,150
102.9464,20.0571,150
102.9482,35.9561,150
102.9520,18.1472,150
102.9553,23.1401,150
102.9555,30.4770,150
102.9600,21.0384,150
102.9601,20.9112,150
102.9885,19.8855,150
103.0000,18.0209,150
103.0041,23.3469,150
103.0195,3.7955,150
103.0290,24.2366,150
103.0368,19.1944,150
103.0370,16.1189,150
103.0466,18.9452,150
103.0497,18.6809,150
103.0574,20.4776,150
103.0613,18.5752,150
103.0624,31.6481,150
103.0721,34.7164,150
103.0812,25.7692,150
103.0828,21.4489,150
103.0829,21.2365,150
103.1065,22.1029,150
103.1067,31.1558,150
103.1092,27.7046,150
103.1101,15.8754,150
103.1131,23.9394,150
103.1147,23.6442,150
103.1281,13.8829,150
103.1281,23.3746,150
103.1418,18.1063,150
103.1509,29.8977,150
103.1578,23.1504,150
103.1608,20.1564,150
103.1667,27.8661,150
103.1732,16.0737,150
103.1734,17.1542,150
103.1778,20.0081,150
103.1833,14.6956,150
103.1835,26.4036,150
103.1872,5.1410,150
103.1972,25.6169,150
103.2115,30.4703,150
103.2116,16.2611,150
103.2262,26.6165,150
103.2264,23.4640,150
103.2303,27.8733,150
103.2412,20.5644,150
103.2506,26.6729,150
103.2693,22.1689,150
103.2771,32.6389,150
103.2825,16.2924,150
103.2831,20.8099,150
103.2864,18.5401,150
103.2888,21.0234,150
103.2941,20.3942,150
103.2956,27.5099,150
103.3018,23.4748,150
103.3170,32.3662,150
103.3191,25.3162,150
103.3220,24.0779,150
103.3221,27.4148,150
103.3274,18.0194,150
103.3350,18.9786,150
103.3399,16.4870,150
103.3440,18.5522,150
103.3440,19.9715,150
103.3448,26.2093,150
103.3457,22.3221,150
103.3589,15.6170,150
103.3618,19.3780,150
103.3620,21.6033,150
103.3634,25.5359,150
103.3742,31.9740,150
103.3831,17.0924,150
103.3885,52.8468,150
103.4003,17.6657,150
103.4044,28.5775,150
103.4207,27.6999,150
103.4343,24.8368,150
103.4477,22.1385,150
103.4536,25.9355,150
103.4630,18.5471,150
103.4641,18.1656,150
103.4753,28.2933,150
103.4850,28.3721,150
103.5041,20.0272,150
103.5056,19.4078,150
103.5092,20.3941,150
103.5178,27.4826,150
103.5230,17.6178,150
103.5355,19.6389,150
103.5393,31.6550,150
103.5583,22.0336,150
103.5592,20.9937,150
103.5609,26.5596,150
103.5790,20.5930,150
103.5798,20.4829,150
103.5871,24.7349,150
103.5972,25.9956,150
103.6041,30.6934,150
103.6059,17.8243,150
103.6226,26.0188,150
103.6228,28.6285,150
103.6228,15.1561,150
103.6326,19.0188,150
103.6394,26.9890,150
103.6470,20.7115,150
103.6481,18.2397,150
103.6502,66.3608,150
103.6532,19.0276,150
103.6670,18.4590,150
103.6706,17.6857,150
103.6787,28.4044,150
103.7021,20.7303,150
103.7085,19.6254,150
103.7104,16.8973,150
103.7123,19.2041,150
103.7216,32.5875,150
103.7217,28.5740,150
103.7237,30.5456,150
103.7356,21.1922,150
103.7429,31.1096,150
103.7452,50.0306,150
103.7468,28.8542,150
103.7568,17.1926,150
103.7719,22.3012,150
103.7720,23.2748,150
103.7794,27.9571,150
103.7889,12.7316,150
103.7890,18.3616,150
103.7968,33.0997,150
103.8074,33.2180,150
103.8244,20.1156,150
103.8396,20.6379,150
103.8435,23.4578,150
103.8520,19.5288,150
103.8532,24.2508,150
103.8548,20.1273,150
103.8589,33.1677,150
103.8658,19.5335,150
103.8664,18.7560,150
103.8785,21.0341,150
103.8943,18.9102,150
103.9025,13.6404,150
103.9116,29.1862,150
103.9158,22.6126,150
103.9194,27.1728,150
103.9283,20.7597,150
103.9315,33.6906,150
103.9317,28.1968,150
103.9342,32.0106,150
103.9384,23.7808,150
103.9400,20.8007,150
103.9453,19.8490,150
103.9512,19.6054,150
103.9652,21.1443,150
103.9970,27.5575,150
104.0007,15.9832,150
104.0026,26.1274,150
104.0038,20.7981,150
104.0107,19.8740,150
104.0148,15.7753,150
104.0272,21.2131,150
104.0279,21.8711,150
104.0351,23.7593,150
104.0403,17.5000,150
104.0515,21.3450,150
104.0576,19.0953,150
104.0765,29.9514,150
104.0911,29.0646,150
104.0996,20.5792,150
104.1238,24.8354,150
104.1434,19.0534,150
104.1475,16.2961,150
104.1567,19.1730,150
104.1805,22.0055,150
104.1881,22.4427,150
104.1893,31.0177,150
104.1956,5.2965,150
104.2017,23.1414,150
104.2017,27.5129,150
104.2047,52.3867,150
104.2099,19.2984,150
104.2182,32.5450,150
104.2223,25.4215,150
104.2234,24.3314,150
104.2354,26.4706,150
104.2417,17.7530,150
104.2473,17.5452,150
104.2563,11.5106,150
104.2604,18.7823,150
104.2638,12.8952,150
104.2772,32.2944,150
104.2804,30.3048,150
104.2924,22.5308,150
104.3054,27.5155,150
104.3104,21.1598,150
104.3184,31.3115,150
104.3494,5.2237,150
104.3523,22.9505,150
104.3531,24.5403,150
104.3547,31.8588,150
104.3611,32.3958,150
104.3643,32.2408,150
104.3645,18.3938,150
104.3670,31.1051,150
104.3753,17.5761,150
104.3754,20.3352,150
104.3780,24.0862,150
104.3799,20.7901,150
104.3896,15.3840,150
104.3953,19.6259,150
104.3981,19.2857,150
104.4050,18.6545,150
104.4272,32.3719,150
104.4363,14.4961,150
104.4534,22.4361,150
104.4577,20.1077,150
104.4586,20.6860,150
104.4714,17.9919,150
104.4767,21.9056,150
104.4778,34.2592,150
104.4853,29.0556,150
104.4862,17.5546,150
104.4933,30.2818,150
104.4935,20.6674,150
104.4965,15.2721,150
104.5024,19.8865,150
104.5166,23.1252,150
104.5168,23.9015,150
104.5254,30.7357,150
104.5400,24.8531,150
104.5603,53.6812,150
104.5632,18.5599,150
104.5839,18.7980,150
104.5916,15.4344,150
104.5918,20.8666,150
104.5932,20.6378,150
104.5940,23.3238,150
104.6043,17.9835,150
104.6122,22.2254,150
104.6159,29.3162,150
104.6329,18.1426,150
104.6377,13.5350,150
104.6475,27.5936,150
104.6494,18.9634,150
104.6572,26.1296,150
104.6574,57.1245,150
104.6956,18.4131,150
104.6966,19.0492,150
104.6997,19.8198,150
104.7019,22.7158,150
104.7115,16.3066,150
104.7117,20.0728,150
104.7140,15.7656,150
104.7369,30.1211,150
104.7427,24.4263,150
104.7541,25.4881,150
104.7570,16.9249,150
104.7768,15.1053,150
104.7820,24.1917,150
104.7832,19.2992,150
104.7859,22.9836,150
104.8078,13.5890,150
104.8197,26.3608,150
104.8307,32.1400,150
104.8358,23.2199,150
104.8470,20.4424,150
104.8518,27.3066,150
104.8643,19.1850,150
104.8838,17.5259,150
104.8855,15.2474,150
104.8893,19.6578,150
104.8895,22.0653,150
104.8916,22.8987,150
104.8987,20.0744,150
104.9024,34.2664,150
104.9117,19.7653,150
104.9166,20.1146,150
104.9173,28.8906,150
104.9202,29.4021,150
104.9204,23.0596,150
104.9264,25.9884,150
104.9305,31.0237,150
104.9340,18.4271,150
104.9342,27.3801,150
104.9398,28.4827,150
104.9446,25.9461,150
104.9486,18.1508,150
104.9549,20.4855,150
104.9591,17.1094,150
104.9602,21.4972,150
104.9618,27.4684,150
104.9651,20.7303,150
104.9652,17.5930,150
104.9652,58.1514,150
104.9652,31.6127,150
104.9688,28.8545,150
104.9788,63.0078,150
104.9812,25.0585,150
105.0121,21.2432,150
105.0163,5.9826,150
105.0165,18.6860,150
105.0218,17.9431,150
105.0341,18.6442,150
105.0369,18.7985,150
105.0370,27.2966,150
105.0382,30.3875,150
105.0443,18.2921,150
105.0466,18.2252,150
105.0485,22.0314,150
105.0505,19.1524,150
105.0605,21.6530,150
105.0787,18.6771,150
105.0804,17.0151,150
105.0817,20.6126,150
105.0844,24.9872,150
105.0855,16.2035,150
105.0900,28.4730,150
105.0915,17.8877,150
105.0957,22.1928,150
105.0974,34.1324,150
105.0983,27.8245,150
105.1047,25.3467,150
105.1120,20.0670,150
105.1149,21.9861,150
105.1248,19.7232,150
105.1297,22.9244,150
105.1332,18.4989,150
105.1544,23.6732,150
105.1600,26.2468,150
105.1601,18.3655,150
105.1639,18.4687,150
105.1918,32.0788,150
105.1987,16.9278,150
105.1988,25.0714,150
105.2093,17.4168,150
105.2103,13.6080,150
105.2284,17.2217,150
105.2286,25.0413,150
105.2286,23.1599,150
105.2458,21.3913,150
105.2459,17.4173,150
105.2506,18.5320,150
105.2529,18.8146,150
105.2606,19.9692,150
105.2645,18.9848,150
105.2647,26.2911,150
105.2735,30.7520,150
105.2764,19.2432,150
105.2852,32.8453,150
105.2896,19.5139,150
105.3040,19.1427,150
105.3109,19.6092,150
105.3119,46.3442,150
105.3124,18.1391,150
105.3182,19.9463,150
105.3416,20.5761,150
105.3422,28.9472,150
105.3455,20.1238,150
105.3570,28.6418,150
105.3641,26.5107,150
105.3643,29.7020,150
105.3697,21.6683,150
105.3759,22.5507,150
105.3760,22.4911,150
105.3788,19.3894,150
105.3927,23.3982,150
105.3968,19.2829,150
105.3968,18.9269,150
105.4011,15.8370,150
105.4086,27.3693,150
105.4222,30.0875,150
105.4303,30.0889,150
105.4344,24.8446,150
105.4508,14.1432,150
105.4577,13.2184,150
105.4579,21.5665,150
105.4602,20.4501,150
105.4602,22.9684,150
105.4751,19.3595,150
105.4753,27.5439,150
105.4830,20.7691,150
105.4871,24.1434,150
105.4873,20.8105,150
105.4980,25.4206,150
105.5239,4.5075,150
105.5273,20.4235,150
105.5273,26.8538,150
105.5372,19.8100,150
105.5457,16.9691,150
105.5457,20.2857,150
105.5479,23.6919,150
105.5523,19.2763,150
105.5532,25.5197,150
105.5558,22.4517,150
105.5571,20.1594,150
105.5663,17.9125,150
105.5664,29.7823,150
105.5733,21.0300,150
105.5815,20.7982,150
105.5941,21.9875,150
105.5952,18.3815,150
105.5984,16.7364,150
105.5998,19.1166,150
105.6084,19.4655,150
105.6137,25.4563,150
105.6160,18.3596,150
105.6245,29.4325,150
105.6296,27.1710,150
105.6327,15.5073,150
105.6472,37.8204,150
105.6643,20.7608,150
105.6644,20.5967,150
105.6796,27.6001,150
105.6797,18.4358,150
105.6798,21.3673,150
105.6836,21.0409,150
105.6945,19.6239,150
105.7066,4.4155,150
105.7154,51.9548,150
105.7164,20.2119,150
105.7249,18.0990,150
105.7298,18.3073,150
105.7339,17.9460,150
105.7419,19.1667,150
105.7471,33.3469,150
105.7590,19.8091,150
105.7683,158.0456,150
105.7725,26.5140,150
105.7974,22.8297,150
105.7975,126.1454,150
105.8193,104.3676,150
105.8193,104.3468,150
105.8193,50.9745,150
105.8193,50.9622,150
105.8194,50.8170,150
105.9218,41.2782,150
105.9219,41.2363,150
105.9219,41.2165,150
105.9219,61.6522,150
105.9219,41.1340,150
105.9219,41.1297,150
105.9219,41.1087,150
105.9219,56.9192,150
105.9220,41.1160,150
105.9220,41.1092,150
105.9220,56.8542,150
105.9220,56.8442,150
105.9220,56.8340,150
105.9220,56.8271,150
105.9258,53.0293,150
105.9404,38.4585,150
105.9405,38.3763,150
105.9417,40.1355,150
105.9749,26.4361,150
105.9749,26.3918,150
105.9749,35.9244,150
105.9749,34.1675,150
105.9749,33.6621,150
105.9749,33.6659,150
105.9880,16.8508,150
106.0003,26.5254,150
106.0016,22.5610,150
106.0132,23.2213,150
106.0142,19.5527,150
106.0328,25.4986,150
106.0363,25.0556,150
106.0661,18.6104,150
106.0725,18.1805,150
106.0875,19.5137,150
106.0877,21.1198,150
106.0962,34.7819,150
106.1011,18.0002,150
106.1012,20.5031,150
106.1012,21.7742,150
106.1055,16.1898,150
106.1297,27.9160,150
106.1297,27.8946,150
106.1297,27.8820,150
106.1304,27.1941,150
106.1326,25.6867,150
106.1433,17.9879,150
106.1532,27.6888,150
106.1532,22.2881,150
106.1558,20.9408,150
106.1746,24.3462,150
106.1766,28.2951,150
106.1982,22.4736,150
106.2014,28.7838,150
106.2076,18.4942,150
106.2077,27.9290,150
106.2116,19.6198,150
106.2225,25.4689,150
106.2226,28.4162,150
106.2226,27.6255,150
106.2304,15.1016,150
106.2432,18.1378,150
106.2600,21.4997,150
106.2664,24.4743,150
106.2938,62.5479,150
106.2977,18.8275,150
106.3068,14.4914,150
106.3069,19.8059,150
106.3069,34.8653,150
106.3159,25.9594,150
106.3308,18.7013,150
106.3527,24.1123,150
106.3660,23.1726,150
106.3662,28.9752,150
106.3719,17.2864,150
106.3804,21.3851,150
106.3814,20.3765,150
106.3884,19.0257,150
106.3885,28.3659,150
106.3885,28.3428,150
106.3885,9.5301,150
106.4052,21.8103,150
106.4229,23.5523,150
106.4446,22.4867,150
106.4447,20.1539,150
106.4448,22.3285,150
106.4466,24.7301,150
106.4555,18.3362,150
106.4784,24.3832,150
106.5199,31.6274,150
106.5200,19.6438,150
106.5200,22.4347,150
106.5411,26.2678,150
106.5523,17.6237,150
106.5561,17.9842,150
106.5666,31.1858,150
106.5666,31.3720,150
106.5699,24.4133,150
106.5783,19.6854,150
106.5795,4.3733,150
106.5814,27.5012,150
106.5824,17.9735,150
106.5967,17.5900,150
106.5967,24.4510,150
106.6002,24.1761,150
106.6065,17.9425,150
106.6337,19.6349,150
106.6339,22.8284,150
106.6437,19.4160,150
106.6438,30.4296,150
106.6445,18.6647,150
106.6475,27.3750,150
106.6668,14.8422,150
106.6669,17.3176,150
106.6760,25.9759,150
106.6761,25.8637,150
106.6829,23.8705,150
106.6832,41.6950,150
106.6834,39.3762,150
106.7119,17.8638,150
106.7120,25.9930,150
106.7244,22.9389,150
106.7245,22.7886,150
106.7247,22.5908,150
106.7456,26.0346,150
106.7457,15.4048,150
106.7458,25.8713,150
106.7458,32.4682,150
106.7458,26.6195,150
106.7458,15.3237,150
106.7458,30.8476,150
106.7475,30.7112,150
106.7537,23.8051,150
106.7602,24.6893,150
106.7946,23.6096,150
106.7947,25.8368,150
106.8022,19.3013,150
106.8040,18.4266,150
106.8058,33.4171,150
106.8381,20.6343,150
106.8382,20.8010,150
106.8457,26.3774,150
106.8487,19.6051,150
106.8569,18.7392,150
106.8676,18.1232,150
106.8739,18.3597,150
106.8808,21.7755,150
106.8847,17.8300,150
106.8849,41.1468,150
106.8849,22.5138,150
106.8860,32.8308,150
106.8914,31.4473,150
106.8915,19.3461,150
106.8955,15.7170,150
106.9031,33.0714,150
106.9101,14.7883,150
106.9102,67.5752,150
106.9180,18.1904,150
106.9343,23.8820,150
106.9346,20.4312,150
106.9346,23.1358,150
106.9347,27.3001,150
106.9348,27.2502,150
106.9398,18.3586,150
106.9528,24.1775,150
106.9529,24.0977,150
106.9842,21.7891,150
106.9913,25.6499,150
107.0052,14.8350,150
107.0052,28.3130,150
107.0170,19.9374,150
107.0295,26.2476,150
107.0340,19.9366,150
107.0498,28.3115,150
107.0499,23.9394,150
107.0540,16.4181,150
107.0552,4.6345,150
107.0580,20.0840,150
107.0595,22.9497,150
107.0681,22.8050,150
107.0896,23.5692,150
107.0936,32.6450,150
107.1042,22.8167,150
107.1043,26.2804,150
107.1172,18.8085,150
107.1377,25.5250,150
107.1425,27.0737,150
107.1510,27.0639,150
107.1770,19.3323,150
107.1792,17.7292,150
107.1885,24.7978,150
107.1886,24.7480,150
107.1897,33.0878,150
107.2322,27.8700,150
107.2322,26.1065,150
107.2376,25.9099,150
107.2425,21.0169,150
107.2592,24.0575,150
107.2592,32.9913,150
107.2592,26.9237,150
107.2613,30.9212,150
107.2622,30.0741,150
107.2625,38.1195,150
107.2651,27.1849,150
107.2661,20.0543,150
107.2824,24.6810,150
107.2994,16.3274,150
107.3058,14.9997,150
107.3105,16.4408,150
107.3192,16.2847,150
107.3257,34.5955,150
107.3347,25.5737,150
107.3348,31.4482,150
107.3348,26.4802,150
107.3378,23.5531,150
107.3417,35.3502,150
107.3475,14.2305,150
107.3477,24.0102,150
107.3595,17.5834,150
107.3595,34.3355,150
107.3595,20.7291,150
107.3595,24.7426,150
107.3595,18.1878,150
107.3643,23.4564,150
107.3672,35.7880,150
107.3702,21.3640,150
107.3709,22.8802,150
107.3756,27.3095,150
107.3767,26.2620,150
107.3935,27.4652,150
107.4218,30.0057,150
107.4219,22.3695,150
107.4238,20.4052,150
107.4256,27.7855,150
107.4263,25.5169,150
107.4264,27.0169,150
107.4388,21.9618,150
107.4389,24.7909,150
107.4452,18.9972,150
107.4595,29.9180,150
107.4665,22.8641,150
107.4693,19.4853,150
107.4694,19.4004,150
107.4820,17.1771,150
107.4826,31.8574,150
107.4893,25.2123,150
107.4939,21.0684,150
107.4996,17.7822,150
107.5055,14.6820,150
107.5172,19.0766,150
107.5398,20.5707,150
107.5739,17.6985,150
107.5754,16.0141,150
107.5795,27.1517,150
107.5798,22.3953,150
107.5826,22.3621,150
107.5826,24.5565,150
107.5864,18.5156,150
107.5894,26.1561,150
107.5913,28.6979,150
107.5953,19.6700,150
107.5954,24.5975,150
107.5972,24.0785,150
107.6129,21.4054,150
107.6442,20.0234,150
107.6463,24.3142,150
107.6468,31.9914,150
107.6501,19.2328,150
107.6510,25.9924,150
107.6682,13.7245,150
107.6718,20.8427,150
107.6806,18.1224,150
107.6815,33.2422,150
107.6823,23.4909,150
107.6917,25.4690,150
107.6917,20.1096,150
107.7021,19.2740,150
107.7090,20.4843,150
107.7197,19.5632,150
107.7206,21.3290,150
107.7286,18.8161,150
107.7286,27.8530,150
107.7314,21.6713,150
107.7321,21.0321,150
107.7321,20.9929,150
107.7433,18.6603,150
107.7465,25.0650,150
107.7466,18.1646,150
107.7521,19.3998,150
107.7612,18.7718,150
107.7638,22.8161,150
107.7667,24.6766,150
107.7765,30.8013,150
107.7808,27.3435,150
107.7809,26.4601,150
107.7907,16.6306,150
107.8062,21.3367,150
107.8251,25.6464,150
107.8286,22.0980,150
107.8376,25.4976,150
107.8465,22.0519,150
107.8495,22.5898,150
107.8589,35.5486,150
107.8590,27.1657,150
107.8686,25.8663,150
107.8691,27.5280,150
107.8736,12.5368,150
107.8805,17.0779,150
107.8853,22.0973,150
107.8959,25.7440,150
107.9124,14.1565,150
107.9210,17.6120,150
107.9251,13.0759,150
107.9318,24.4201,150
107.9477,11.5508,150
107.9478,22.9711,150
107.9515,19.3936,150
107.9554,15.4586,150
107.9593,17.6065,150
107.9645,17.6480,150
107.9656,21.2589,150
107.9693,37.7149,150
107.9740,16.8342,150
107.9740,18.8806,150
107.9740,29.5311,150
107.9805,25.4147,150
107.9871,22.0291,150
108.0007,26.0255,150
108.0007,17.3285,150
108.0007,35.4406,150
108.0008,25.9757,150
108.0060,30.1467,150
108.0281,27.8480,150
108.0439,36.6310,150
108.0439,19.9529,150
108.0561,24.4412,150
108.0620,24.5488,150
108.0702,18.2184,150
108.0857,24.4165,150
108.0871,24.9844,150
108.0879,10.5342,150
108.1180,25.4582,150
108.1295,25.7866,150
108.1296,18.0929,150
108.1296,25.6610,150
108.1296,24.9027,150
108.1350,20.7202,150
108.1354,28.4780,150
108.1443,19.2485,150
108.1538,24.2997,150
108.1549,19.4840,150
108.1630,28.0513,150
108.1705,26.5451,150
108.1726,23.8592,150
108.1746,18.6957,150
108.1817,20.5258,150
108.1955,21.9621,150
108.1955,26.7206,150
108.1956,22.5841,150
108.1996,19.2418,150
108.2028,38.8606,150
108.2161,24.8792,150
108.2405,33.5441,150
108.2406,33.4114,150
108.2495,21.5017,150
108.2496,25.1693,150
108.2562,18.5753,150
108.2582,21.0487,150
108.2583,16.5356,150
108.2661,19.8415,150
108.2781,24.5574,150
108.2844,30.5117,150
108.2904,24.4457,150
108.2964,18.9547,150
108.3141,20.5524,150
108.3224,18.7541,150
108.3257,23.8554,150
108.3344,22.7673,150
108.3598,36.6691,150
108.3604,27.3281,150
108.3637,23.5104,150
108.3861,27.2314,150
108.3862,27.1753,150
108.4043,20.6681,150
108.4044,20.5612,150
108.4044,29.4530,150
108.4044,29.4393,150
108.4056,28.7295,150
108.4096,24.7182,150
108.4675,22.7801,150
108.4677,21.9290,150
108.4677,26.6057,150
108.4886,18.4842,150
108.4886,19.1854,150
108.4886,19.0140,150
108.4886,20.0150,150
108.4929,27.4759,150
108.4979,28.7587,150
108.5154,26.6850,150
108.5155,26.5552,150
108.5155,29.3900,150
108.5433,26.4070,150
108.5465,22.4651,150
108.5513,23.2905,150
108.5674,32.4787,150
108.5719,23.3397,150
108.5720,26.2393,150
108.5760,26.6870,150
108.5941,22.1697,150
108.5943,31.0922,150
108.6083,19.8217,150
108.6084,17.8532,150
108.6084,22.7541,150
108.6530,28.6719,150
108.6668,19.0479,150
108.6796,24.7805,150
108.6876,7.3156,150
108.6884,29.3246,150
108.7030,26.5015,150
108.7031,24.6475,150
108.7262,38.2116,150
108.7263,22.6201,150
108.7382,35.7906,150
108.7382,26.4080,150
108.7435,29.9917,150
108.7481,25.8875,150
108.7482,34.2761,150
108.7633,19.1307,150
108.7634,21.6292,150
108.7731,33.0629,150
108.7768,29.5478,150
108.7798,28.6999,150
108.7800,28.4928,150
108.8057,21.4511,150
108.8099,25.4365,150
108.8109,30.1131,150
108.8115,23.7031,150
108.8139,22.4056,150
108.8139,32.3418,150
108.8262,14.8482,150
108.8598,31.3021,150
108.8599,32.0717,150
108.8646,26.4718,150
108.8647,27.2939,150
108.8706,26.0002,150
108.8707,21.2540,150
108.8813,28.5139,150
108.8903,20.1758,150
108.8904,20.1163,150
108.9135,15.9253,150
108.9138,22.5510,150
108.9274,26.4166,150
108.9528,26.8528,150
108.9535,26.2522,150
108.9535,26.2276,150
108.9535,26.2165,150
108.9595,19.5120,150
108.9822,24.4343,150
108.9823,27.3605,150
108.9834,26.2875,150
108.9962,60.3655,150
109.0054,25.9016,150
109.0166,27.1885,150
109.0298,26.7087,150
109.0383,18.2358,150
109.0391,22.4033,150
109.0400,34.3807,150
109.0559,25.7432,150
109.0714,25.4756,150
109.0717,16.5650,150
109.0728,19.4816,150
109.0805,18.4132,150
109.0805,27.1735,150
109.0817,33.8388,150
109.0872,43.5611,150
109.0903,17.3757,150
109.1066,23.3454,150
109.1134,30.3128,150
109.1134,26.1483,150
109.1134,26.1221,150
109.1279,22.1143,150
109.1281,34.2557,150
109.1389,23.4115,150
109.1389,34.1220,150
109.1389,23.3926,150
109.1485,31.0856,150
109.1576,21.9664,150
109.1723,35.8757,150
109.1771,29.7404,150
109.1838,11.1675,150
109.1934,23.7570,150
109.1934,20.9460,150
109.2096,27.9217,150
109.2097,17.5150,150
109.2097,28.5093,150
109.2255,23.5999,150
109.2257,21.2277,150
109.2372,22.5042,150
109.2429,16.5539,150
109.2458,22.3154,150
109.2675,28.6049,150
109.2771,18.1057,150
109.2899,24.7916,150
109.2900,24.6358,150
109.2917,31.4825,150
109.2954,27.8423,150
109.2976,28.9086,150
109.2995,28.0425,150
109.3114,19.0063,150
109.3115,23.6330,150
109.3267,17.9312,150
109.3267,62.9729,150
109.3267,28.6281,150
109.3278,27.5410,150
109.3333,26.3384,150
109.3334,29.1708,150
109.3652,26.5490,150
109.3681,18.9236,150
109.3859,24.4454,150
109.3860,24.3401,150
109.3886,28.4300,150
109.3905,19.8461,150
109.3907,26.3882,150
109.3935,16.5411,150
109.3972,19.8750,150
109.3974,21.9770,150
109.4081,21.6552,150
109.4132,22.8383,150
109.4351,24.7169,150
109.4488,21.1570,150
109.4577,27.4015,150
109.4579,27.2748,150
109.4686,25.8793,150
109.4697,20.3090,150
109.4839,21.9228,150
109.4840,31.1465,150
109.4840,21.9004,150
109.4845,34.2930,150
109.4859,25.2266,150
109.4860,32.8705,150
109.5101,33.9762,150
109.5102,33.8978,150
109.5102,33.8883,150
109.5139,33.0744,150
109.5201,26.8325,150
109.5259,31.3937,150
109.5322,18.5352,150
109.5322,17.8856,150
109.5452,56.5307,150
109.5491,32.4585,150
109.5656,25.8193,150
109.5794,19.1791,150
109.5906,21.1269,150
109.5907,28.2796,150
109.6108,20.1362,150
109.6126,18.2886,150
109.6298,36.8518,150
109.6419,24.7792,150
109.6492,34.0124,150
109.6518,31.3783,150
109.6521,31.0073,150
109.6561,28.5333,150
109.6811,24.2970,150
109.6812,24.2022,150
109.6869,22.1430,150
109.6898,17.4472,150
109.7065,13.6836,150
109.7113,19.8639,150
109.7300,30.8694,150
109.7387,22.1123,150
109.7703,31.1059,150
109.7750,20.4077,150
109.7764,25.0840,150
109.7781,6.3198,150
109.7965,20.3508,150
109.7966,23.8159,150
109.7966,31.1799,150
109.8193,28.5907,150
109.8315,19.9090,150
109.8469,18.7086,150
109.8470,19.9691,150
109.8651,18.3690,150
109.8746,20.1007,150
109.8816,24.8610,150
109.8826,23.8942,150
109.8849,18.3296,150
109.8915,20.1689,150
109.8916,28.6630,150
109.8916,20.0197,150
109.8938,26.4262,150
109.8939,25.7472,150
109.9025,17.7987,150
109.9025,30.6760,150
109.9025,33.2947,150
109.9026,49.5284,150
109.9102,28.1980,150
109.9107,22.5243,150
109.9322,31.2252,150
109.9323,23.5432,150
109.9324,36.8204,150
109.9455,55.1297,150
109.9547,31.5505,150
109.9548,31.4654,150
109.9548,23.4963,150
109.9671,14.8471,150
109.9770,29.2820,150
109.9774,23.2087,150
109.9864,24.9424,150
110.0286,28.2376,150
110.0288,28.0533,150
110.0288,25.1770,150
110.0288,25.1583,150
110.0288,29.4448,150
110.0288,33.2518,150
110.0288,40.7235,150
110.0288,35.4409,150
110.0297,33.4107,150
110.0568,26.8844,150
110.0604,25.2919,150
110.0625,23.2754,150
110.0633,25.1811,150
110.0651,20.6837,150
110.0670,25.2832,150
110.0746,19.8999,150
110.0747,19.7723,150
110.0830,19.5242,150
110.0855,18.2140,150
110.0874,33.3110,150
110.0932,25.2191,150
110.0948,25.9682,150
110.1016,19.1098,150
110.1029,15.5551,150
110.1266,18.4785,150
110.1267,20.2647,150
110.1400,24.1883,150
110.1401,24.0706,150
110.1429,21.6970,150
110.1439,20.6668,150
110.1439,29.5565,150
110.1514,19.4388,150
110.1674,22.3655,150
110.1705,28.3166,150
110.1742,24.6117,150
110.2025,19.2906,150
110.2028,19.3165,150
110.2028,20.5713,150
110.2100,18.2106,150
110.2101,18.1093,150
110.2207,23.8261,150
110.2209,29.4693,150
110.2482,25.9534,150
110.2495,20.9716,150
110.2607,21.0826,150
110.2728,52.9643,150
110.2743,26.8702,150
110.2787,26.6883,150
110.2877,17.7153,150
110.2879,27.5713,150
110.2880,27.5485,150
110.2880,27.5450,150
110.2981,27.7215,150
110.2982,27.6440,150
110.3022,23.6577,150
110.3068,22.5015,150
110.3145,19.3441,150
110.3342,21.6234,150
110.3534,22.0894,150
110.3536,25.2018,150
110.3536,21.8554,150
110.3536,26.8406,150
110.3536,33.4146,150
110.3572,50.3355,150
110.3587,28.5446,150
110.3595,25.0896,150
110.3938,13.7246,150
110.4025,29.8620,150
110.4064,25.4777,150
110.4267,30.1035,150
110.4270,26.0682,150
110.4271,29.7391,150
110.4540,25.2215,150
110.4541,25.7566,150
110.4541,25.1145,150
110.4596,19.6989,150
110.4668,25.0517,150
110.4670,21.0219,150
110.4670,20.9686,150
110.4679,23.9850,150
110.4687,28.9349,150
110.4783,24.2980,150
110.4784,24.8268,150
110.4791,23.5167,150
110.4963,24.0403,150
110.4964,45.3732,150
110.5025,61.1936,150
110.5131,28.2293,150
110.5191,22.6450,150
110.5192,22.0665,150
110.5308,52.0117,150
110.5310,19.8418,150
110.5482,24.8285,150
110.5491,23.9756,150
110.5754,31.5864,150
110.5802,11.4211,150
110.5840,17.5538,150
110.5873,53.1071,150
110.5910,17.0938,150
110.5911,19.8254,150
110.6027,30.7609,150
110.6096,23.8476,150
110.6136,19.1174,150
110.6192,22.9992,150
110.6480,44.6697,150
110.6481,29.7971,150
110.6481,25.6466,150
110.6494,24.3053,150
110.6637,23.5893,150
110.6637,53.7156,150
110.6638,23.5143,150
110.6859,20.7863,150
110.6890,26.4895,150
110.6911,24.3958,150
110.6949,31.1489,150
110.7135,20.5417,150
110.7136,25.0279,150
110.7136,20.8257,150
110.7136,25.0200,150
110.7136,25.4907,150
110.7136,37.5626,150
110.7222,31.4451,150
110.7236,27.5899,150
110.7480,30.7444,150
110.7480,30.6704,150
110.7500,28.0867,150
110.7501,28.5970,150
110.7569,21.2289,150
110.7570,29.7360,150
110.7675,17.7535,150
110.8019,23.8655,150
110.8020,36.0634,150
110.8020,48.7747,150
110.8120,23.3305,150
110.8121,26.2636,150
110.8121,33.8482,150
110.8149,35.9070,150
110.8347,31.2905,150
110.8378,17.6842,150
110.8452,36.1541,150
110.8554,25.9543,150
110.8600,21.3530,150
110.8825,32.7520,150
110.9116,40.6814,150
110.9117,19.5797,150
110.9196,27.4072,150
110.9197,27.3357,150
110.9225,29.8559,150
110.9239,24.5892,150
110.9356,18.5976,150
110.9356,21.4879,150
110.9460,28.7146,150
110.9460,28.6856,150
110.9460,35.4366,150
110.9517,21.5385,150
110.9624,28.7711,150
110.9771,23.7504,150
110.9771,23.0168,150
110.9771,22.8448,150
110.9772,41.7431,150
110.9780,23.7106,150
110.9819,23.5696,150
110.9904,28.4688,150
110.9997,19.1755,150
111.0046,26.8904,150
111.0055,26.0033,150
111.0269,22.5118,150
111.0270,22.4457,150
111.0270,33.0635,150
111.0308,21.0697,150
111.0340,34.1308,150
111.0670,12.5290,150
111.0690,22.9181,150
111.0917,21.4144,150
111.0918,27.3051,150
111.0918,35.2045,150
111.0957,25.4964,150
111.1054,21.6429,150
111.1160,27.1934,150
111.1264,23.1551,150
111.1486,25.4663,150
111.1540,20.0594,150
111.1761,24.1982,150
111.1761,87.2849,150
111.1761,32.0633,150
111.1993,29.4860,150
111.1993,16.1502,150
111.2126,15.3037,150
111.2154,23.2004,150
111.2260,47.6643,150
111.2438,29.8828,150
111.2439,19.5146,150
111.2439,29.7892,150
111.2459,36.3651,150
111.2474,26.3269,150
111.2491,33.1479,150
111.2723,40.3959,150
111.2724,35.3712,150
111.2802,33.4830,150
111.2935,19.2527,150
111.3259,27.3293,150
111.3260,31.9630,150
111.3260,31.4729,150
111.3343,18.9971,150
111.3343,33.0196,150
111.3343,29.2891,150
111.3491,21.6642,150
111.3492,26.2216,150
111.3492,25.4133,150
111.3492,30.6729,150
111.3550,23.0126,150
111.3629,23.4892,150
111.3764,19.4923,150
111.3803,17.4550,150
111.4049,18.8162,150
111.4118,5.0877,150
111.4129,21.3463,150
111.4239,16.9594,150
111.4369,15.5534,150
111.4429,30.2617,150
111.4462,22.3671,150
111.4666,16.9735,150
111.4741,31.6823,150
111.4825,31.6011,150
111.4913,22.7956,150
111.4923,21.7614,150
111.5045,16.0409,150
111.5046,23.1184,150
111.5199,20.4761,150
111.5279,23.9874,150
111.5328,15.3508,150
111.5395,29.6586,150
111.5407,28.5068,150
111.5408,21.0194,150
111.5433,30.0983,150
111.5452,16.5705,150
111.5463,29.0346,150
111.5471,30.8581,150
111.5477,27.5929,150
111.5620,19.3497,150
111.5727,24.0759,150
111.5727,33.2942,150
111.6039,49.9955,150
111.6042,23.1296,150
111.6070,19.1404,150
111.6168,18.6947,150
111.6252,30.6358,150
111.6253,29.6039,150
111.6293,26.5377,150
111.6301,23.7466,150
111.6383,16.6811,150
111.6383,18.0739,150
111.6472,11.2548,150
111.6528,19.3888,150
111.6529,27.0321,150
111.6596,20.6048,150
111.6605,34.0219,150
111.6615,24.7142,150
111.6623,32.1847,150
111.6716,16.1784,150
111.6791,19.1765,150
111.6791,18.1070,150
111.6803,31.3506,150
111.6809,32.0335,150
111.6850,17.0693,150
111.6870,13.3808,150
111.6901,21.6163,150
111.7036,21.7242,150
111.7104,22.1195,150
111.7242,20.5149,150
111.7436,26.2110,150
111.7451,23.6144,150
111.7564,23.4012,150
111.7602,18.7475,150
111.7866,17.1224,150
111.7915,21.7275,150
111.8021,18.0859,150
111.8093,28.9219,150
111.8259,23.2448,150
111.8259,25.7798,150
111.8364,18.2881,150
111.8393,22.9953,150
111.8445,27.1052,150
111.8608,18.5382,150
111.8608,34.6239,150
111.8648,14.5727,150
111.8707,20.7674,150
111.8745,22.2936,150
111.8837,32.9901,150
111.8921,35.6379,150
111.8940,22.7366,150
111.9081,22.3536,150
111.9082,22.2587,150
111.9157,55.7686,150
111.9289,17.6316,150
111.9512,21.3650,150
111.9513,21.3046,150
111.9693,20.0747,150
111.9714,19.8218,150
111.9800,22.7149,150
111.9914,23.5041,150
112.0015,13.4653,150
112.0123,25.1670,150
112.0124,23.1983,150
112.0134,24.0310,150
112.0162,21.2499,150
112.0244,24.7731,150
112.0338,51.1863,150
112.0340,32.9157,150
112.0363,21.3843,150
112.0555,25.2148,150
112.0556,29.4286,150
112.0575,29.5274,150
112.0584,24.5303,150
112.0731,17.6239,150
112.0732,17.5849,150
112.0732,30.4331,150
112.0825,28.6889,150
112.0921,31.6547,150
112.0952,18.6714,150
112.0979,39.6974,150
112.1029,15.7588,150
112.1047,19.3222,150
112.1086,15.1548,150
112.1174,25.3816,150
112.1495,18.1236,150
112.1496,23.1273,150
112.1742,17.3426,150
112.1742,21.9389,150
112.1976,23.5118,150
112.2015,25.6726,150
112.2054,21.2129,150
112.2088,16.4514,150
112.2161,23.0130,150
112.2206,18.5784,150
112.2239,34.1736,150
112.2254,23.3523,150
112.2379,20.1730,150
112.2484,34.1251,150
112.2576,24.2074,150
112.2591,11.7297,150
112.2632,19.6217,150
112.2672,25.6261,150
112.2673,31.0591,150
112.2690,25.6781,150
112.2708,27.5228,150
112.2807,17.1247,150
112.2807,18.6811,150
112.2984,17.0841,150
112.2991,22.8051,150
112.3097,23.6637,150
112.3132,19.6306,150
112.3144,22.1601,150
112.3204,30.4116,150
112.3204,16.9164,150
112.3324,18.8171,150
112.3325,23.6187,150
112.3325,34.0805,150
112.3325,30.2077,150
112.3375,25.1617,150
112.3430,19.7183,150
112.3554,23.6069,150
112.3592,19.8361,150
112.3592,27.4586,150
112.3640,10.9297,150
112.3704,29.6724,150
112.3851,24.1114,150
112.3995,17.8072,150
112.4080,22.5314,150
112.4163,19.5487,150
112.4247,36.0188,150
112.4313,4.5871,150
112.4453,31.5060,150
112.4616,32.3192,150
112.4616,21.5295,150
112.4617,23.2230,150
112.4617,34.6796,150
112.4617,34.6289,150
112.4617,44.9105,150
112.4632,33.1072,150
112.4642,42.4373,150
112.4764,20.3795,150
112.4765,30.1530,150
112.4802,26.4016,150
112.4849,28.3215,150
112.4968,19.4071,150
112.5301,19.4825,150
112.5302,23.2992,150
112.5423,36.0005,150
112.5424,22.5704,150
112.5424,22.6137,150
112.5424,37.2797,150
112.5537,24.5403,150
112.5770,32.1945,150
112.5771,25.8040,150
112.5772,24.9620,150
112.5838,14.1616,150
112.5977,18.9906,150
112.5977,29.0554,150
112.6155,32.4756,150
112.6232,21.5409,150
112.6352,23.2781,150
112.6353,23.7020,150
112.6353,37.7643,150
112.6440,29.0895,150
112.6693,19.4536,150
112.6694,38.6890,150
112.6694,38.6517,150
112.7272,14.4793,150
112.7405,24.4217,150
112.7406,29.3792,150
112.7495,32.2481,150
112.7634,19.7875,150
112.7635,19.7134,150
112.7657,33.3019,150
112.7804,11.8428,150
112.7805,30.7240,150
112.7853,26.2539,150
112.8099,20.0749,150
112.8100,29.3440,150
112.8276,18.2590,150
112.8279,21.7881,150
112.8279,20.5974,150
112.8445,18.1403,150
112.8445,33.6869,150
112.8479,23.5077,150
112.8488,29.3280,150
112.8703,24.2284,150
112.8703,24.2661,150
112.8813,23.2892,150
112.8846,21.8155,150
112.8928,19.8031,150
112.8931,22.1975,150
112.9027,22.3230,150
112.9027,28.8982,150
112.9056,23.6632,150
112.9087,22.9984,150
112.9105,20.6388,150
112.9118,20.9656,150
112.9135,26.0730,150
112.9284,26.9399,150
112.9285,11.1351,150
112.9295,21.9573,150
112.9316,33.5891,150
112.9469,28.5498,150
112.9516,23.8404,150
112.9634,33.0243,150
112.9636,32.8300,150
112.9655,31.4485,150
112.9659,33.8655,150
112.9837,17.9967,150
112.9885,17.3924,150
112.9963,28.6806,150
112.9994,21.9183,150
113.0224,31.5633,150
113.0339,20.0507,150
113.0360,22.9509,150
113.0362,31.5938,150
113.0417,28.6258,150
113.0574,15.5808,150
113.0767,18.6226,150
113.1050,22.8044,150
113.1070,21.8469,150
113.1284,22.7301,150
113.1362,23.7574,150
113.1458,19.9176,150
113.1625,12.5719,150
113.1681,15.2544,150
113.2036,23.8754,150
113.2124,20.1126,150
113.2201,28.4809,150
113.2222,26.3611,150
113.2475,31.7286,150
113.2533,24.4000,150
113.2543,23.4079,150
113.2880,20.0415,150
113.2965,18.4743,150
113.3000,17.4655,150
113.3107,25.3184,150
113.3258,29.6303,150
113.3355,4.6069,150
113.3455,19.6877,150
113.3456,19.7330,150
113.3504,28.7177,150
113.3634,20.3406,150
113.3636,20.9117,150
113.3689,14.8034,150
113.3700,28.3015,150
113.3779,24.5011,150
113.3933,19.4098,150
113.3934,27.5184,150
113.3935,21.7594,150
113.3935,27.4427,150
113.3942,30.0490,150
113.3998,25.3492,150
113.4017,32.1769,150
113.4027,30.1196,150
113.4057,28.6755,150
113.4096,29.6151,150
113.4128,13.7476,150
113.4145,36.5016,150
113.4166,22.5646,150
113.4201,30.9722,150
113.4274,23.5990,150
113.4294,21.6608,150
113.4395,18.2239,150
113.4493,44.6908,150
113.4524,18.8336,150
113.4602,21.3632,150
113.4602,33.7464,150
113.4719,29.3443,150
113.4917,23.8756,150
113.4919,30.0803,150
113.4962,60.7237,150
113.5001,20.5317,150
113.5136,25.3340,150
113.5187,16.9773,150
113.5345,22.4946,150
113.5346,34.8464,150
113.5346,23.2476,150
113.5356,30.6153,150
113.5385,53.2102,150
113.5494,25.8046,150
113.5524,19.9864,150
113.5587,10.3860,150
113.5716,27.6387,150
113.5749,15.6731,150
113.5776,21.7049,150
113.5893,26.4951,150
113.5981,21.8466,150
113.5982,41.8185,150
113.6152,28.8870,150
113.6154,30.1719,150
113.6175,22.9808,150
113.6306,26.5919,150
113.6307,32.7675,150
113.6389,35.1966,150
113.6390,35.1401,150
113.6390,21.1435,150
113.6412,42.1358,150
113.6423,31.8476,150
113.6459,28.2125,150
113.6587,21.6830,150
113.6623,16.2028,150
113.6624,60.5063,150
113.6736,19.6390,150
113.6908,28.0468,150
113.6966,87.5559,150
113.7055,18.1912,150
113.7056,17.6794,150
113.7191,16.1136,150
113.7209,29.3649,150
113.7268,22.5170,150
113.7319,19.1611,150
113.7338,17.8788,150
113.7352,17.9736,150
113.7468,20.3266,150
113.7469,21.8755,150
113.7477,21.0219,150
113.7509,33.4020,150
113.7810,25.1587,150
113.7810,25.4140,150
113.7838,20.9899,150
113.7961,52.1713,150
113.7963,30.0918,150
113.8000,26.3143,150
113.8011,25.4426,150
113.8031,23.4424,150
113.8045,31.1520,150
113.8080,21.7804,150
113.8129,18.7651,150
113.8251,16.7938,150
113.8254,19.5556,150
113.8254,16.4839,150
113.8318,57.1059,150
113.8349,20.0063,150
113.8372,17.9438,150
113.8452,19.1450,150
113.8468,17.9202,150
113.8475,28.0677,150
113.8596,16.0232,150
113.8634,20.0921,150
113.8634,20.0467,150
113.8675,15.9285,150
113.8756,21.1173,150
113.8757,27.7276,150
113.9018,19.3249,150
113.9023,25.2805,150
113.9094,17.4544,150
113.9097,30.5779,150
113.9108,21.8561,150
113.9272,17.8232,150
113.9285,48.3661,150
113.9313,17.6225,150
113.9314,21.0052,150
113.9390,27.0076,150
113.9391,27.4703,150
113.9632,18.9511,150
113.9633,35.0299,150
113.9689,29.4577,150
114.0048,21.3286,150
114.0063,20.8735,150
114.0132,17.3734,150
114.0206,22.0040,150
114.0247,18.8813,150
114.0299,20.4170,150
114.0406,19.1711,150
114.0494,32.0396,150
114.0520,27.2504,150
114.0599,19.3201,150
114.0643,29.0207,150
114.0699,22.3572,150
114.0834,28.9129,150
114.0911,21.1215,150
114.1016,18.9256,150
114.1026,20.6492,150
114.1102,15.6210,150
114.1125,19.6163,150
114.1225,22.9624,150
114.1397,18.4611,150
114.1398,20.6560,150
114.1440,19.2627,150
114.1442,19.5246,150
114.1469,27.4674,150
114.1472,20.2526,150
114.1511,20.6205,150
114.1541,27.1664,150
114.1542,22.8742,150
114.1550,20.0186,150
114.1617,20.1432,150
114.1990,17.1353,150
114.2097,17.3257,150
114.2126,26.4924,150
114.2261,21.6620,150
114.2262,24.2408,150
114.2383,26.3582,150
114.2430,34.2113,150
114.2462,18.4998,150
114.2478,30.6425,150
114.2495,28.9914,150
114.2538,30.8711,150
114.2636,22.5711,150
114.2772,28.8214,150
114.2773,7.4240,150
114.2819,24.1291,150
114.2881,18.3247,150
114.2958,18.0480,150
114.3018,21.7857,150
114.3019,27.8145,150
114.3052,23.7463,150
114.3164,17.3826,150
114.3176,17.7396,150
114.3184,18.8787,150
114.3212,27.7232,150
114.3232,29.2076,150
114.3278,20.2761,150
114.3279,20.2327,150
114.3318,17.0743,150
114.3531,20.6956,150
114.3621,20.2412,150
114.3769,26.0583,150
114.3917,19.0385,150
114.3918,29.3600,150
114.3932,27.2084,150
114.3933,28.3570,150
114.4001,31.6167,150
114.4002,30.7370,150
114.4071,22.4512,150
114.4090,20.6411,150
114.4100,19.6225,150
114.4119,24.7972,150
114.4124,25.0498,150
114.4195,17.2076,150
114.4210,37.1350,150
114.4627,17.8595,150
114.4629,19.2480,150
114.4666,27.6820,150
114.4678,24.9570,150
114.4686,24.1682,150
114.4706,19.0919,150
114.4734,29.9195,150
114.4921,18.9561,150
114.5056,16.1796,150
114.5096,17.5692,150
114.5096,25.0704,150
114.5096,19.2693,150
114.5175,26.0266,150
114.5176,25.9365,150
114.5176,42.5026,150
114.5193,24.2114,150
114.5265,30.6449,150
114.5595,18.3749,150
114.5633,21.2146,150
114.5662,19.6189,150
114.5743,26.2944,150
114.5809,22.9504,150
114.5825,31.0034,150
114.5847,19.1746,150
114.5847,19.1265,150
114.5927,28.2123,150
114.6069,23.4171,150
114.6098,21.0655,150
114.6128,47.1517,150
114.6130,20.9493,150
114.6176,18.5858,150
114.6202,27.4547,150
114.6203,20.6915,150
114.6334,26.4300,150
114.6434,23.8897,150
114.6557,37.3530,150
114.6559,24.7992,150
114.6788,17.5035,150
114.6790,21.0889,150
114.6922,19.8869,150
114.6957,11.1939,150
114.7087,14.0666,150
114.7109,15.8166,150
114.7142,20.0557,150
114.7217,23.3527,150
114.7312,21.1122,150
114.7540,18.4405,150
114.7541,19.7206,150
114.7608,22.1282,150
114.7707,26.1363,150
114.7723,19.4532,150
114.7811,16.6327,150
114.7812,22.5766,150
114.7812,31.9361,150
114.7876,25.5538,150
114.7909,22.2416,150
114.7937,26.9585,150
114.8126,29.5723,150
114.8224,28.3267,150
114.8298,17.3641,150
114.8334,19.2160,150
114.8601,28.1414,150
114.8610,30.2854,150
114.8836,24.7519,150
114.8848,19.7255,150
114.9084,20.6329,150
114.9109,21.7339,150
114.9118,17.2076,150
114.9178,17.8843,150
114.9179,31.3608,150
114.9278,18.5097,150
114.9280,16.1370,150
114.9301,18.2367,150
114.9322,22.2201,150
114.9412,18.1797,150
114.9419,34.3489,150
114.9427,26.9066,150
114.9457,23.8693,150
114.9502,19.3866,150
114.9582,18.3583,150
114.9754,25.8075,150
114.9811,19.0534,150
114.9812,23.4110,150
114.9879,27.9978,150
114.9995,15.1077,150
115.0054,18.9865,150
115.0142,16.4440,150
115.0173,28.7513,150
115.0186,17.7428,150
115.0251,20.9568,150
115.0300,20.7094,150
115.0453,34.5747,150
115.0485,31.4780,150
115.0553,37.4328,150
115.0606,19.5380,150
115.0702,31.2129,150
115.0782,27.7282,150
115.0979,20.8199,150
115.0980,20.6244,150
115.0981,30.8185,150
115.1001,20.2596,150
115.1103,21.0211,150
115.1281,16.4151,150
115.1360,23.1439,150
115.1419,22.9927,150
115.1633,34.0790,150
115.1633,21.8747,150
115.1790,18.3291,150
115.1836,18.4351,150
115.1853,29.4900,150
115.1964,26.4341,150
115.2004,18.4044,150
115.2109,18.5279,150
115.2181,16.0124,150
115.2200,29.7799,150
115.2218,25.4384,150
115.2236,19.2762,150
115.2287,14.6934,150
115.2288,20.1383,150
115.2337,29.8215,150
115.2338,29.7335,150
115.2393,24.1776,150
115.2533,18.1202,150
115.2610,52.3570,150
115.2631,17.4508,150
115.2634,18.0067,150
115.2656,20.6145,150
115.2657,32.1308,150
115.2719,20.7692,150
115.2727,19.9285,150
115.2728,26.9731,150
115.2766,16.0203,150
115.2823,25.8710,150
115.2834,16.3879,150
115.2852,22.9970,150
115.2951,17.0503,150
115.3184,12.8635,150
115.3271,20.7539,150
115.3340,14.8025,150
115.3370,24.7488,150
115.3376,24.1067,150
115.3458,15.8679,150
115.3466,20.5789,150
115.3481,14.7388,150
115.3597,48.1616,150
115.3673,18.7301,150
115.3772,18.5511,150
115.3877,20.1324,150
115.3985,26.9512,150
115.3993,26.5906,150
115.4105,22.5136,150
115.4144,18.6081,150
115.4145,29.9456,150
115.4166,28.3420,150
115.4323,17.9074,150
115.4351,15.9411,150
115.4439,21.0646,150
115.4440,30.2836,150
115.4482,26.0835,150
115.4771,20.5173,150
115.4918,23.2134,150
115.4922,22.1760,150
115.4922,27.2942,150
115.4965,26.6391,150
115.5046,15.2536,150
115.5077,21.3551,150
115.5123,13.7486,150
115.5142,19.2502,150
115.5381,26.5484,150
115.5411,15.5765,150
115.5536,26.1964,150
115.5543,19.5496,150
115.5557,24.1555,150
115.5567,25.0720,150
115.5696,17.9763,150
115.5720,19.3436,150
115.5849,19.8627,150
115.6098,18.0191,150
115.6169,18.4923,150
115.6329,32.9012,150
115.6498,23.5676,150
115.6517,26.9610,150
115.6553,15.9192,150
115.6583,18.3074,150
115.6628,18.8141,150
115.6726,18.4870,150
115.6813,23.3003,150
115.6827,26.9153,150
115.6979,24.4811,150
115.7193,19.4597,150
115.7212,30.0780,150
115.7260,27.6841,150
115.7323,21.3050,150
115.7504,28.5348,150
115.7555,27.0854,150
115.7742,26.9830,150
115.7801,20.4441,150
115.7869,33.4427,150
115.7936,26.6712,150
115.8035,24.8178,150
115.8036,23.7925,150
115.8093,18.5652,150
115.8104,19.2056,150
115.8195,19.5181,150
115.8349,27.4787,150
115.8372,20.4107,150
115.8378,28.5685,150
115.8407,23.5089,150
115.8460,36.4791,150
115.8617,20.7816,150
115.8633,19.1901,150
115.8693,26.0804,150
115.8702,19.6481,150
115.8742,18.1208,150
115.8814,17.6249,150
115.8877,11.3031,150
115.8977,31.2946,150
115.9007,31.9497,150
115.9091,19.2960,150
115.9114,26.2713,150
115.9243,32.7714,150
115.9324,18.4149,150
115.9356,18.6952,150
115.9388,15.4689,150
115.9532,18.6535,150
115.9533,19.9913,150
115.9559,16.6874,150
115.9573,28.7369,150
115.9585,24.2885,150
115.9681,24.4893,150
115.9711,22.8461,150
115.9743,18.6909,150
115.9772,16.7430,150
116.0013,23.7136,150
116.0074,21.0455,150
116.0143,47.5711,150
116.0144,32.2175,150
116.0144,37.8912,150
116.0239,19.0022,150
116.0247,13.0320,150
116.0296,55.4895,150
116.0321,21.7129,150
116.0417,18.8009,150
116.0418,20.4108,150
116.0461,33.9907,150
116.0531,17.7724,150
116.0531,26.9687,150
116.0570,30.1537,150
116.0641,16.0196,150
116.0679,21.0720,150
116.0775,28.2700,150
116.0777,30.9273,150
116.0795,25.7341,150
116.0815,23.3452,150
116.0815,22.9175,150
116.0952,17.6786,150
116.1054,25.5897,150
116.1080,22.4847,150
116.1081,22.3725,150
116.1107,29.5607,150
116.1112,20.4076,150
116.1481,33.7258,150
116.1662,8.2645,150
116.1663,32.3902,150
116.1663,40.9670,150
116.1664,25.6633,150
116.1802,18.4706,150
116.1909,26.2318,150
116.1981,19.0288,150
116.1985,18.6140,150
116.2083,18.5333,150
116.2143,24.5376,150
116.2182,32.4110,150
116.2269,31.7965,150
116.2349,30.8554,150
116.2408,17.9182,150
116.2490,26.8237,150
116.2683,27.4946,150
116.2803,18.5666,150
116.2949,19.1542,150
116.2982,17.4462,150
116.3103,18.4671,150
116.3279,26.0616,150
116.3280,25.9464,150
116.3339,20.0169,150
116.3367,27.6503,150
116.3402,18.5446,150
116.3423,27.1715,150
116.3424,18.3872,150
116.3531,28.1226,150
116.3581,30.5782,150
116.3678,18.9676,150
116.3922,23.9705,150
116.3975,17.7059,150
116.4019,18.3384,150
116.4095,16.9163,150
116.4312,21.9540,150
116.4374,30.1041,150
116.4386,15.5571,150
116.4386,35.2765,150
116.4557,20.6367,150
116.4712,30.9332,150
116.4713,24.4887,150
116.4742,21.6159,150
116.4784,21.4507,150
116.4787,21.1731,150
116.4842,28.2962,150
116.4947,14.4745,150
116.5092,17.6003,150
116.5185,30.8755,150
116.5202,18.0791,150
116.5328,23.5317,150
116.5356,18.6613,150
116.5397,20.2533,150
116.5466,18.0065,150
116.5467,18.1958,150
116.5489,21.9291,150
116.5540,16.4656,150
116.5584,22.9151,150
116.5633,17.9880,150
116.5758,28.3360,150
116.5759,21.6429,150
116.5765,22.5629,150
116.5971,25.1005,150
116.6013,20.5782,150
116.6130,19.8427,150
116.6209,25.6976,150
116.6209,25.6828,150
116.6288,6.4543,150
116.6289,26.9418,150
116.6325,23.3211,150
116.6366,20.2925,150
116.6459,18.3464,150
116.6544,20.1335,150
116.6546,36.0040,150
116.6579,20.6834,150
116.6588,15.7084,150
116.6764,26.7166,150
116.6993,21.1786,150
116.7037,43.9028,150
116.7087,18.4531,150
116.7115,32.7665,150
116.7226,23.9663,150
116.7244,20.9487,150
116.7252,20.1427,150
116.7253,25.5246,150
116.7419,20.9622,150
116.7421,23.4342,150
116.7421,20.8050,150
116.7421,24.0621,150
116.7450,31.5878,150
116.7511,24.4805,150
116.7521,17.1441,150
116.7605,22.2556,150
116.7644,27.1293,150
116.7652,21.2360,150
116.7665,20.8638,150
116.7850,23.8504,150
116.7850,21.4507,150
116.7850,8.0529,150
116.7851,33.8194,150
116.7851,44.2887,150
116.7851,44.3018,150
116.7928,26.0858,150
116.8016,18.3185,150
116.8398,21.0130,150
116.8400,20.8586,150
116.8483,25.1273,150
116.8503,27.0062,150
116.8707,21.3580,150
116.8708,17.9601,150
116.8709,23.9135,150
116.8709,25.5821,150
116.8817,23.5565,150
116.8886,21.7694,150
116.8916,25.8997,150
116.9032,19.4190,150
116.9053,20.2604,150
116.9058,33.8692,150
116.9107,30.0321,150
116.9158,23.0588,150
116.9408,28.5844,150
116.9747,28.4864,150
116.9795,29.8177,150
116.9805,22.3574,150
116.9889,25.6393,150
116.9891,23.9626,150
116.9891,16.2008,150
116.9995,21.5963,150
117.0202,15.6949,150
117.0232,21.3404,150
117.0280,25.6576,150
117.0404,22.6024,150
117.0537,26.8545,150
117.0538,23.0566,150
117.0653,21.4285,150
117.0781,23.2069,150
117.0859,24.4400,150
117.0859,16.4807,150
117.0859,29.4564,150
117.0884,27.3807,150
117.0885,29.8671,150
117.0965,21.8777,150
117.0972,19.1760,150
117.0984,22.3493,150
117.1005,20.2358,150
117.1087,12.0881,150
117.1161,35.9577,150
117.1169,40.0694,150
117.1239,28.1335,150
117.1328,33.6686,150
117.1341,22.9534,150
117.1575,24.5683,150
117.1685,20.7939,150
117.1753,22.0194,150
117.1758,21.5349,150
117.1813,17.8320,150
117.1890,18.1767,150
117.1928,18.5818,150
117.2072,20.9532,150
117.2229,37.5879,150
117.2330,116.3990,150
117.2399,29.3305,150
117.2408,20.2558,150
117.2419,18.5718,150
117.2480,21.2329,150
117.2588,30.3828,150
117.2589,30.3228,150
117.2683,43.5857,150
117.2750,19.5591,150
117.2810,20.1307,150
117.2823,21.6177,150
117.2892,14.7227,150
117.3005,30.3610,150
117.3077,36.2225,150
117.3099,9.0410,150
117.3119,19.0962,150
117.3156,28.3645,150
117.3228,21.2980,150
117.3258,18.1662,150
117.3263,29.6579,150
117.3276,29.6956,150
117.3306,25.3845,150
117.3421,19.1204,150
117.3423,21.8843,150
117.3423,29.5754,150
117.3481,18.7278,150
117.3482,18.5785,150
117.3508,21.0241,150
117.3508,29.0978,150
117.3547,33.3315,150
117.3582,29.7974,150
117.3664,21.6091,150
117.3696,22.0141,150
117.3762,28.2708,150
117.3865,33.9444,150
117.3881,20.0704,150
117.3964,19.6879,150
117.4056,19.5584,150
117.4057,22.9243,150
117.4264,20.8805,150
117.4399,32.0138,150
117.4409,21.4843,150
117.4670,26.4349,150
117.4774,19.2353,150
117.4778,24.8627,150
117.4953,18.5061,150
117.4954,20.4280,150
117.4954,23.2892,150
117.4982,29.2687,150
117.5075,30.1587,150
117.5090,27.2859,150
117.5136,21.6427,150
117.5162,18.3888,150
117.5264,32.0413,150
117.5352,20.1640,150
117.5461,15.9883,150
117.5617,26.7637,150
117.5801,23.8420,150
117.5804,23.5805,150
117.5842,19.7600,150
117.6013,33.6018,150
117.6117,61.7101,150
117.6185,27.5861,150
117.6187,18.0499,150
117.6339,19.2242,150
117.6340,31.9953,150
117.6520,24.9311,150
117.6535,19.9526,150
117.6649,26.2054,150
117.6971,19.8586,150
117.6972,19.7665,150
117.6972,24.0529,150
117.7078,33.6295,150
117.7079,33.4633,150
117.7139,27.5250,150
117.7169,34.3264,150
117.7181,26.4768,150
117.7197,24.8638,150
117.7198,33.5304,150
117.7377,19.8448,150
117.7380,24.6771,150
117.7938,23.4870,150
117.7939,30.6635,150
117.8251,21.0755,150
117.8251,37.6759,150
117.8429,30.0322,150
117.8618,20.3674,150
117.8619,15.9657,150
117.8699,31.0462,150
117.8719,19.7982,150
117.8813,19.6602,150
117.8822,18.7575,150
117.8824,19.9428,150
117.8848,18.4687,150
117.8860,20.9524,150
117.9152,19.9714,150
117.9161,28.6132,150
117.9199,22.6007,150
117.9218,14.1024,150
117.9249,23.3235,150
117.9427,13.1356,150
117.9441,21.7800,150
117.9550,23.5949,150
117.9551,23.0004,150
117.9551,23.5510,150
117.9564,26.1884,150
117.9611,30.0400,150
117.9768,14.3706,150
117.9768,19.9431,150
117.9768,21.9351,150
117.9815,26.1765,150
117.9987,18.4479,150
118.0059,27.8768,150
118.0096,12.4862,150
118.0097,21.6454,150
118.0275,25.3117,150
118.0296,23.7162,150
118.0481,28.0428,150
118.0482,23.2709,150
118.0482,31.5308,150
118.0483,29.2757,150
118.0617,33.4157,150
118.0635,12.6378,150
118.0722,22.9006,150
118.0724,24.7095,150
118.0833,15.5317,150
118.0972,21.8517,150
118.1119,27.4872,150
118.1120,27.3904,150
118.1120,27.0977,150
118.1200,32.4975,150
118.1377,30.4934,150
118.1379,21.8032,150
118.1507,30.2389,150
118.1508,20.7777,150
118.1517,17.9061,150
118.1674,24.3133,150
118.1901,26.2614,150
118.1935,22.8658,150
118.2017,20.2700,150
118.2047,22.3345,150
118.2076,17.4636,150
118.2218,21.2446,150
118.2819,20.6949,150
118.2821,20.4963,150
118.2838,20.1353,150
118.2844,29.5704,150
118.2964,19.2520,150
118.3014,18.3843,150
118.3014,30.5829,150
118.3052,29.9378,150
118.3071,21.6882,150
118.3091,41.1492,150
118.3101,21.9319,150
118.3111,22.7135,150
118.3182,32.4866,150
118.3190,31.2757,150
118.3192,33.0929,150
118.3285,23.7537,150
118.3306,22.5124,150
118.3322,20.8591,150
118.3325,27.2825,150
118.3477,18.7568,150
118.3478,22.2876,150
118.3493,26.1503,150
118.3529,21.5401,150
118.3646,30.5522,150
118.3936,19.1989,150
118.3937,20.9231,150
118.4022,32.0994,150
118.4050,21.3871,150
118.4082,26.1047,150
118.4186,21.2068,150
118.4256,30.9189,150
118.4323,24.1713,150
118.4474,17.9411,150
118.4613,46.0672,150
118.4614,31.1022,150
118.4614,19.0295,150
118.4614,37.0356,150
118.4798,18.6547,150
118.4912,17.7513,150
118.5227,17.1698,150
118.5273,19.4729,150
118.5322,25.9837,150
118.5358,21.9533,150
118.5364,28.8729,150
118.5380,20.1406,150
118.5429,14.8602,150
118.5472,21.8742,150
118.5551,24.4973,150
118.5588,18.1443,150
118.5686,20.3058,150
118.5686,20.2876,150
118.5713,20.8155,150
118.5733,24.0003,150
118.5744,23.8660,150
118.5751,58.4768,150
118.5983,20.4961,150
118.5984,20.3698,150
118.6122,18.9839,150
118.6123,21.3121,150
118.6221,25.4458,150
118.6284,19.1299,150
118.6467,21.2932,150
118.6468,16.0780,150
118.6479,32.0596,150
118.6616,26.7237,150
118.6658,18.8459,150
118.6659,25.7031,150
118.6661,18.5597,150
118.6790,20.8799,150
118.6965,30.1203,150
118.7015,24.6936,150
118.7016,25.0019,150
118.7023,26.8349,150
118.7054,23.0850,150
118.7224,34.5230,150
118.7225,26.8231,150
118.7233,25.9961,150
118.7370,19.8728,150
118.7391,27.5394,150
118.7480,19.2510,150
118.7503,44.9517,150
118.7527,20.5559,150
118.7528,29.8868,150
118.7660,26.3124,150
118.7769,27.1884,150
118.7771,26.3008,150
118.7798,24.3651,150
118.7840,20.1144,150
118.7907,32.9639,150
118.7908,24.8315,150
118.8014,45.8831,150
118.8018,45.5362,150
118.8018,21.2997,150
118.8139,33.4049,150
118.8268,30.8903,150
118.8553,17.6779,150
118.8835,20.0902,150
118.8980,21.9612,150
118.8981,21.7904,150
118.8982,29.9552,150
118.9020,24.4909,150
118.9047,23.4423,150
118.9048,21.5454,150
118.9096,20.7857,150
118.9186,31.5206,150
118.9198,30.4047,150
118.9224,21.6284,150
118.9405,18.4643,150
118.9407,30.5057,150
118.9483,18.4337,150
118.9596,28.3361,150
118.9655,20.8510,150
118.9666,24.8638,150
118.9704,24.6773,150
118.9705,18.9783,150
118.9827,24.3574,150
119.0020,28.3820,150
119.0020,25.6045,150
119.0119,18.8342,150
119.0129,25.1909,150
119.0308,20.9343,150
119.0322,19.5812,150
119.0365,20.1643,150
119.0472,20.5273,150
119.0473,22.7479,150
119.0474,22.7465,150
119.0474,27.9461,150
119.0474,23.8863,150
119.0510,42.8644,150
119.0656,38.2276,150
119.0779,25.9263,150
119.0815,22.3340,150
119.0904,45.4269,150
119.0906,28.5273,150
119.1005,19.9440,150
119.1006,21.7053,150
119.1176,26.2576,150
119.1186,32.1347,150
119.1243,26.3063,150
119.1257,25.0030,150
119.1321,18.6190,150
119.1431,26.0329,150
119.1500,37.7263,150
119.1527,34.9866,150
119.1567,30.9758,150
119.1685,32.6246,150
119.1867,10.0528,150
119.1867,19.2741,150
119.1889,23.3292,150
119.1890,29.4921,150
119.1909,21.3976,150
119.1959,25.8139,150
119.1976,27.4698,150
119.2005,25.0780,150
119.2025,22.6144,150
119.2171,26.4015,150
119.2309,18.1856,150
119.2340,26.1562,150
119.2563,23.4065,150
119.2787,21.4868,150
119.2788,18.0510,150
119.2807,27.1230,150
119.2816,23.2254,150
119.2914,18.9512,150
119.3095,28.6698,150
119.3120,25.0838,150
119.3181,25.8324,150
119.3358,16.6892,150
119.3393,12.2115,150
119.3394,19.8494,150
119.3437,23.1826,150
119.3519,18.6565,150
119.3555,19.3973,150
119.3566,27.0222,150
119.3738,21.3625,150
119.3739,24.6115,150
119.3784,23.0297,150
119.4322,24.6887,150
119.4384,21.4346,150
119.4563,18.2550,150
119.4591,25.7863,150
119.4693,22.1001,150
119.4719,15.9692,150
119.4736,25.2934,150
119.4753,16.4302,150
119.4839,18.4621,150
119.4839,18.3985,150
119.4904,18.9345,150
119.4924,16.9243,150
119.4975,21.4136,150
119.4989,27.2530,150
119.5059,23.5556,150
119.5067,21.9619,150
119.5075,20.3069,150
119.5179,18.9597,150
119.5180,29.6845,150
119.5257,21.9385,150
119.5279,19.7316,150
119.5380,28.1448,150
119.5465,17.5208,150
119.5466,20.4774,150
119.5586,18.7796,150
119.5613,12.3818,150
119.5633,17.9974,150
119.5669,27.6434,150
119.5749,18.4400,150
119.5958,21.7077,150
119.6091,22.4587,150
119.6092,21.4808,150
119.6093,22.3514,150
119.6093,26.4332,150
119.6103,23.4482,150
119.6118,36.9249,150
119.6189,29.9005,150
119.6219,27.3112,150
119.6220,27.2277,150
119.6258,29.8767,150
119.6476,16.3548,150
119.6477,19.8364,150
119.6782,45.2032,150
119.6873,32.8455,150
119.6874,22.7890,150
119.6985,24.8919,150
119.7035,28.2133,150
119.7073,21.0753,150
119.7093,22.3641,150
119.7195,9.3668,150
119.7238,20.0140,150
119.7545,18.5030,150
119.7547,21.4197,150
119.7600,49.9976,150
119.7602,20.9970,150
119.7614,21.6592,150
119.7650,32.7213,150
119.7708,22.3094,150
119.7747,33.3584,150
119.7768,18.9476,150
119.7781,22.7608,150
119.7834,17.5438,150
119.8004,31.7834,150
119.8005,24.2565,150
119.8068,17.8801,150
119.8099,16.7251,150
119.8338,43.2611,150
119.8378,15.6927,150
119.8406,31.7687,150
119.8449,27.4795,150
119.8505,19.3632,150
119.8680,18.8559,150
119.8799,20.6774,150
119.8800,22.9759,150
119.8847,20.1867,150
119.8898,29.4055,150
119.8938,23.2894,150
119.8995,19.7798,150
119.9153,23.0087,150
119.9155,21.4876,150
119.9219,18.1764,150
119.9288,16.9036,150
119.9378,18.5584,150
119.9491,31.4163,150
119.9655,19.1095,150
119.9695,54.0072,150
119.9793,20.4194,150
119.9822,23.1291,150
119.9871,27.0137,150
120.0214,34.2013,150
